FL_DATE,OP_CARRIER,ORIGIN,DEST,CRS_DEP_TIME,DEP_TIME,DEP_DELAY,TAXI_OUT,CRS_ARR_TIME,ARR_TIME,ARR_DELAY,CANCELLED,DIVERTED,CRS_ELAPSED_TIME,AIR_TIME,DISTANCE
2023-09-29,NK,DFW,IAH,1855,1855,17.0,11,2219,2219,15.0,0,0,204.0,187.0,1185.0
2023-03-15,AS,CLT,SFO,1635,1635,-33.0,34,1812,1812,-33.0,0,0,97.0,56.0,462.0
2023-05-06,DL,EWR,LAS,1430,1430,8.0,12,1927,1927,5.0,0,0,297.0,276.0,2235.0
2023-12-08,AA,DFW,EWR,650,650,-15.0,28,813,813,-3.0,0,0,83.0,44.0,468.0
2023-11-17,NK,ORD,DFW,2150,2150,8.0,10,2304,2304,6.0,0,0,74.0,57.0,165.0
2023-10-15,WN,MIA,JFK,1030,1030,-7.0,13,1218,1218,-7.0,0,0,108.0,88.0,408.0
2023-07-16,WN,DFW,SFO,655,655,14.0,33,840,840,24.0,0,0,105.0,66.0,402.0
2023-10-12,WN,MCO,PHX,1530,1530,8.0,17,2056,2056,16.0,0,0,326.0,301.0,2312.0
2023-01-31,AA,JFK,ATL,1320,1320,8.0,22,1926,1926,10.0,0,0,366.0,335.0,2459.0
2023-09-27,AS,DEN,EWR,1700,1700,15.0,19,2151,2151,14.0,0,0,291.0,263.0,1831.0
2023-02-16,NK,DEN,ORD,1205,1205,36.0,23,1727,1727,49.0,0,0,322.0,289.0,2232.0
2023-01-12,UA,LAX,JFK,910,910,2.0,13,1142,1142,-7.0,0,0,152.0,133.0,922.0
2023-11-08,F9,MCO,CLT,1715,1715,-0.0,31,2316,2316,2.0,0,0,361.0,323.0,2517.0
2023-06-24,UA,MIA,LAS,1130,1130,12.0,28,1700,1700,-2.0,0,0,330.0,297.0,2225.0
2023-10-30,AS,CLT,IAH,610,610,-35.0,26,859,859,-17.0,0,0,169.0,133.0,1052.0
2023-09-16,NK,SFO,DFW,955,955,10.0,16,1609,1609,10.0,0,0,374.0,349.0,2796.0
2023-08-26,WN,PHX,CLT,2145,2145,-2.0,25,109,109,-7.0,0,0,204.0,170.0,1374.0
2023-10-21,B6,PHX,CLT,750,750,-16.0,25,1325,1325,-3.0,0,0,335.0,300.0,2260.0
2023-05-16,B6,DFW,DEN,1015,1015,19.0,11,1201,1201,5.0,0,0,106.0,85.0,516.0
2023-05-24,AA,EWR,CLT,905,905,4.0,22,1152,1152,-2.0,0,0,167.0,140.0,1076.0
2023-11-24,NK,MCO,ATL,740,740,-2.0,9,948,948,2.0,0,0,128.0,111.0,778.0
2023-08-02,AS,CLT,DFW,1435,1435,-14.0,22,1835,1835,-12.0,0,0,240.0,209.0,1593.0
2023-09-15,AA,SFO,EWR,1855,1855,-11.0,31,51,51,-9.0,0,0,356.0,318.0,2610.0
2023-05-21,NK,MCO,CLT,2115,2115,0.0,13,250,250,8.0,0,0,335.0,316.0,2404.0
2023-09-26,WN,ATL,LAX,1230,1230,78.0,15,1600,1600,78.0,0,0,210.0,184.0,1335.0
2023-10-20,WN,EWR,MCO,1545,1545,13.0,29,2053,2053,3.0,0,0,308.0,268.0,2170.0
2023-03-31,AA,IAH,DFW,505,505,13.0,30,641,641,4.0,0,0,96.0,58.0,355.0
2023-07-16,B6,MCO,CLT,1900,1900,31.0,27,2135,2135,34.0,0,0,155.0,117.0,894.0
2023-10-19,NK,ORD,JFK,2225,2225,23.0,20,334,334,27.0,0,0,309.0,280.0,2212.0
2023-12-31,UA,MIA,ATL,1055,1055,15.0,10,1556,1556,4.0,0,0,301.0,285.0,2047.0
2023-02-08,B6,JFK,MCO,725,725,280.0,33,1038,1038,293.0,0,0,193.0,155.0,1231.0
2023-11-23,AS,EWR,LAX,1730,1730,-7.0,28,2308,2308,-15.0,0,0,338.0,303.0,2335.0
2023-04-30,NK,LAX,DFW,2055,2055,-8.0,23,220,220,-7.0,0,0,325.0,294.0,2304.0
2023-09-01,F9,ATL,DEN,2225,2225,14.0,14,329,329,14.0,0,0,304.0,282.0,2025.0
2023-06-25,UA,PHX,SEA,1755,1755,5.0,30,1908,1908,4.0,0,0,73.0,34.0,290.0
2023-05-08,NK,ORD,PHX,1735,1735,4.0,16,2216,2216,4.0,0,0,281.0,261.0,2033.0
2023-06-19,DL,DFW,MIA,1240,1240,7.0,20,1546,1546,4.0,0,0,186.0,156.0,1122.0
2023-01-19,DL,EWR,SEA,1025,1025,-6.0,11,1148,1148,7.0,0,0,83.0,65.0,232.0
2023-11-07,WN,MIA,SFO,520,520,-8.0,11,628,628,-13.0,0,0,68.0,47.0,183.0
2023-11-30,WN,JFK,EWR,2115,2115,-8.0,30,2319,2319,-4.0,0,0,124.0,89.0,566.0
2023-09-23,NK,JFK,CLT,1455,1455,14.0,33,1609,1609,18.0,0,0,74.0,31.0,211.0
2023-06-22,B6,SFO,DFW,1605,1605,3.0,8,1816,1816,6.0,0,0,131.0,118.0,804.0
2023-08-07,WN,DEN,LAX,1755,1755,-2.0,15,2059,2059,6.0,0,0,184.0,165.0,1081.0
2023-12-26,DL,LAX,MIA,2225,2225,43.0,19,350,350,49.0,0,0,325.0,295.0,2209.0
2023-02-20,DL,IAH,CLT,1510,1510,-3.0,10,1628,1628,1.0,0,0,78.0,59.0,348.0
2023-02-11,AA,CLT,MIA,855,855,10.0,15,1112,1112,15.0,0,0,137.0,113.0,810.0
2023-03-22,WN,CLT,IAH,1415,1415,-12.0,22,1933,1933,-2.0,0,0,318.0,288.0,2313.0
2023-08-21,AA,LAX,ATL,2240,2240,16.0,11,9,9,22.0,0,0,89.0,71.0,421.0
2023-02-23,NK,LAX,PHX,1905,1905,-19.0,28,2203,2203,-9.0,0,0,178.0,144.0,1108.0
2023-02-16,DL,ORD,CLT,1520,1520,1.0,19,1818,1818,11.0,0,0,178.0,150.0,969.0
2023-07-16,UA,EWR,DFW,505,505,6.0,18,701,701,9.0,0,0,116.0,93.0,715.0
2023-09-02,NK,DEN,LAS,1645,1645,-10.0,9,2144,2144,-2.0,0,0,299.0,284.0,2175.0
2023-08-20,NK,MIA,PHX,825,825,13.0,12,1322,1322,19.0,0,0,297.0,278.0,2056.0
2023-05-17,DL,EWR,CLT,1135,1135,-0.0,32,1544,1544,10.0,0,0,249.0,212.0,1708.0
2023-12-18,NK,LAS,DFW,1210,1210,-3.0,11,1555,1555,12.0,0,0,225.0,209.0,1408.0
2023-08-12,DL,CLT,ORD,1725,1725,-7.0,22,1852,1852,-3.0,0,0,87.0,60.0,340.0
2023-08-08,F9,LAX,SEA,655,655,-14.0,20,1100,1100,-15.0,0,0,245.0,214.0,1598.0
2023-09-19,B6,DEN,EWR,715,715,-15.0,27,1145,1145,-11.0,0,0,270.0,238.0,1796.0
2023-03-03,AS,MIA,ATL,1745,1745,-11.0,23,1931,1931,-1.0,0,0,106.0,76.0,525.0
2023-09-22,AA,MIA,ATL,1755,1755,40.0,26,2220,2220,42.0,0,0,265.0,229.0,1796.0
2023-07-02,UA,SFO,SEA,1830,1830,161.0,23,2005,2005,165.0,0,0,95.0,63.0,540.0
2023-04-29,UA,JFK,EWR,1110,1110,62.0,21,1302,1302,58.0,0,0,112.0,80.0,642.0
2023-11-23,UA,EWR,JFK,1650,1650,5.0,10,1917,1917,8.0,0,0,147.0,127.0,849.0
2023-04-06,DL,SFO,LAS,1640,1640,-12.0,24,2259,2259,3.0,0,0,379.0,346.0,2678.0
2023-05-12,DL,LAX,PHX,1010,1010,-35.0,30,1557,1557,-18.0,0,0,347.0,307.0,2551.0
2023-05-07,DL,LAS,SEA,925,925,13.0,23,1141,1141,11.0,0,0,136.0,109.0,887.0
2023-09-16,UA,EWR,IAH,1525,1525,6.0,32,2100,2100,7.0,0,0,335.0,293.0,2360.0
2023-06-18,UA,JFK,ATL,1100,1100,-7.0,8,1559,1559,6.0,0,0,299.0,285.0,2065.0
2023-11-07,NK,ORD,DEN,1715,1715,4.0,25,2100,2100,7.0,0,0,225.0,190.0,1550.0
2023-12-31,UA,CLT,ORD,605,605,17.0,17,725,725,21.0,0,0,80.0,53.0,359.0
2023-04-16,AS,PHX,MIA,1640,1640,-17.0,22,1819,1819,-15.0,0,0,99.0,68.0,600.0
2023-05-25,F9,SEA,LAX,1830,1830,4.0,32,2043,2043,9.0,0,0,133.0,97.0,810.0
2023-01-08,AA,LAS,IAH,2255,2255,4.0,15,206,206,9.0,0,0,191.0,169.0,1219.0
2023-07-12,WN,CLT,ORD,2100,2100,12.0,12,255,255,15.0,0,0,355.0,336.0,2477.0
2023-01-02,B6,DEN,LAX,1315,1315,1.0,33,1926,1926,4.0,0,0,371.0,328.0,2710.0
2023-06-11,WN,EWR,MIA,1425,1425,12.0,26,1854,1854,10.0,0,0,269.0,237.0,1765.0
2023-05-28,B6,PHX,LAS,830,830,-11.0,20,1226,1226,-6.0,0,0,236.0,211.0,1582.0
2023-06-07,AA,LAS,MCO,1635,1635,14.0,11,1819,1819,-1.0,0,0,104.0,85.0,577.0
2023-11-13,AS,LAS,CLT,655,655,-21.0,27,1131,1131,-11.0,0,0,276.0,244.0,1832.0
2023-01-07,WN,IAH,MIA,730,730,-19.0,31,1314,1314,-18.0,0,0,344.0,305.0,2309.0
2023-12-14,NK,DEN,SFO,530,530,5.0,28,850,850,5.0,0,0,200.0,165.0,1238.0
2023-12-08,B6,SFO,CLT,1725,1725,6.0,17,1950,1950,10.0,0,0,145.0,123.0,841.0
2023-04-27,AS,DFW,CLT,1010,1010,-18.0,33,1416,1416,-12.0,0,0,246.0,203.0,1686.0
2023-04-26,UA,PHX,EWR,1255,1255,-13.0,16,1454,1454,-15.0,0,0,119.0,96.0,624.0
2023-08-18,UA,LAS,DFW,800,800,10.0,28,1315,1315,13.0,0,0,315.0,280.0,2210.0
2023-10-14,AA,EWR,PHX,1955,1955,1.0,23,2154,2154,9.0,0,0,119.0,87.0,622.0
2023-01-21,DL,EWR,MCO,1700,1700,-1.0,24,2254,2254,-4.0,0,0,354.0,320.0,2661.0
2023-06-18,F9,CLT,SEA,1255,1255,-14.0,25,1543,1543,-3.0,0,0,168.0,138.0,976.0
2023-07-25,AA,PHX,SEA,2105,2105,17.0,15,132,132,17.0,0,0,267.0,243.0,1926.0
2023-10-24,NK,LAS,EWR,2150,2150,-13.0,8,2253,2253,-7.0,0,0,63.0,51.0,232.0
2023-12-05,AA,JFK,ATL,1130,1130,-1.0,33,1640,1640,9.0,0,0,310.0,268.0,2148.0
2023-12-05,WN,LAS,SEA,815,815,-12.0,13,1046,1046,-20.0,0,0,151.0,133.0,711.0
2023-12-29,NK,PHX,CLT,1325,1325,-8.0,31,1859,1859,-1.0,0,0,334.0,299.0,2283.0
2023-06-01,AA,EWR,ORD,2045,2045,1.0,17,217,217,25.0,0,0,332.0,311.0,2342.0
2023-05-03,WN,SFO,LAX,1235,1235,-10.0,27,1550,1550,-19.0,0,0,195.0,157.0,1300.0
2023-02-19,F9,DFW,EWR,1610,1610,-0.0,16,2138,2138,-1.0,0,0,328.0,303.0,2436.0
2023-05-20,AS,PHX,CLT,1925,1925,1.0,12,2207,2207,-3.0,0,0,162.0,140.0,971.0
2023-09-30,NK,CLT,MIA,2045,2045,10.0,15,224,224,16.0,0,0,339.0,319.0,2190.0
2023-11-24,UA,JFK,EWR,1700,1700,13.0,9,1823,1823,5.0,0,0,83.0,67.0,331.0
2023-07-09,UA,MIA,SFO,530,530,-13.0,31,722,722,-25.0,0,0,112.0,76.0,553.0
2023-07-31,AA,SFO,PHX,1750,1750,8.0,23,2153,2153,11.0,0,0,243.0,213.0,1753.0
2023-12-13,DL,EWR,ORD,635,635,-8.0,33,804,804,-4.0,0,0,89.0,48.0,267.0
2023-06-30,DL,JFK,LAX,930,930,-29.0,13,1154,1154,-26.0,0,0,144.0,127.0,809.0
2023-03-23,WN,ATL,DEN,1655,1655,1.0,26,2201,2201,-2.0,0,0,306.0,273.0,2154.0
2023-12-07,WN,MCO,LAS,2025,2025,7.0,22,128,128,5.0,0,0,303.0,273.0,2198.0
2023-01-25,UA,CLT,ORD,2115,2115,-18.0,29,303,303,-10.0,0,0,348.0,315.0,2448.0
2023-05-24,WN,DFW,ORD,1925,1925,-3.0,28,2259,2259,1.0,0,0,214.0,177.0,1424.0
2023-11-28,AA,EWR,MCO,725,725,6.0,25,857,857,12.0,0,0,92.0,59.0,328.0
2023-09-03,AA,LAS,PHX,1250,1250,-1.0,8,1411,1411,-7.0,0,0,81.0,65.0,287.0
2023-02-21,AA,LAS,ATL,1515,1515,-19.0,8,1704,1704,0.0,0,0,109.0,94.0,531.0
2023-08-18,AA,DFW,JFK,505,505,-13.0,33,1042,1042,-20.0,0,0,337.0,298.0,2336.0
2023-02-16,DL,PHX,MIA,1720,1720,-12.0,8,1934,1934,-7.0,0,0,134.0,119.0,652.0
2023-02-10,AA,MCO,LAS,2240,2240,8.0,14,48,48,11.0,0,0,128.0,105.0,639.0
2023-04-09,B6,LAS,DFW,920,920,-7.0,24,1447,1447,-4.0,0,0,327.0,295.0,2161.0
2023-03-31,UA,PHX,IAH,605,605,-17.0,14,845,845,-3.0,0,0,160.0,136.0,986.0
2023-01-31,UA,PHX,EWR,1620,1620,30.0,10,1842,1842,15.0,0,0,142.0,121.0,748.0
2023-07-26,UA,LAS,MCO,750,750,-9.0,34,1001,1001,-7.0,0,0,131.0,90.0,756.0
2023-03-11,UA,LAS,MCO,1600,1600,-18.0,16,1922,1922,-6.0,0,0,202.0,178.0,1271.0
2023-04-20,NK,EWR,CLT,1800,1800,16.0,30,2339,2339,25.0,0,0,339.0,300.0,2538.0
2023-07-14,UA,PHX,ATL,2235,2235,-9.0,24,311,311,6.0,0,0,276.0,244.0,1809.0
2023-01-22,B6,JFK,CLT,2150,2150,-5.0,19,233,233,-8.0,0,0,283.0,259.0,1905.0
2023-07-23,WN,ATL,EWR,1035,1035,-5.0,27,1502,1502,1.0,0,0,267.0,234.0,1784.0
2023-06-14,UA,SFO,MIA,620,620,-2.0,9,1138,1138,9.0,0,0,318.0,299.0,2230.0
2023-03-13,WN,DEN,JFK,2105,2105,6.0,14,2331,2331,1.0,0,0,146.0,124.0,846.0
2023-05-15,NK,ATL,SFO,1540,1540,-3.0,32,2006,2006,-7.0,0,0,266.0,230.0,1891.0
2023-01-26,WN,DEN,MCO,700,700,-2.0,10,1116,1116,-11.0,0,0,256.0,241.0,1792.0
2023-03-12,DL,LAX,MIA,1510,1510,-23.0,18,1608,1608,-4.0,0,0,58.0,32.0,197.0
2023-06-09,AA,LAS,SFO,1230,1230,24.0,9,1808,1808,22.0,0,0,338.0,324.0,2395.0
2023-08-11,NK,JFK,DFW,2040,2040,6.0,19,1,1,9.0,0,0,201.0,176.0,1303.0
2023-07-25,WN,EWR,DEN,2205,2205,4.0,26,236,236,2.0,0,0,271.0,236.0,1746.0
2023-12-08,UA,ATL,MCO,1715,1715,15.0,15,1950,1950,28.0,0,0,155.0,136.0,1010.0
2023-02-20,AA,JFK,EWR,1105,1105,22.0,25,1602,1602,12.0,0,0,297.0,264.0,2069.0
2023-11-06,AA,SEA,SFO,2130,2130,-30.0,9,252,252,-14.0,0,0,322.0,305.0,2183.0
2023-01-07,DL,EWR,ORD,1200,1200,5.0,23,1430,1430,10.0,0,0,150.0,116.0,859.0
2023-11-09,WN,ORD,IAH,2105,2105,7.0,31,300,300,20.0,0,0,355.0,320.0,2507.0
2023-02-24,DL,CLT,DFW,1920,1920,42.0,17,2143,2143,44.0,0,0,143.0,121.0,846.0
2023-09-14,WN,IAH,LAX,1725,1725,7.0,15,2234,2234,14.0,0,0,309.0,284.0,2149.0
2023-12-05,WN,SFO,DEN,545,545,-10.0,10,804,804,-9.0,0,0,139.0,122.0,879.0
2023-07-30,WN,ORD,ATL,1550,1550,-0.0,14,1748,1748,4.0,0,0,118.0,96.0,531.0
2023-10-10,F9,CLT,SEA,1955,1955,3.0,13,2110,2110,-6.0,0,0,75.0,58.0,353.0
2023-01-23,NK,JFK,SFO,1000,1000,15.0,33,1130,1130,7.0,0,0,90.0,47.0,364.0
2023-06-12,AS,JFK,IAH,1500,1500,-0.0,17,1807,1807,7.0,0,0,187.0,160.0,1120.0
2023-02-05,WN,MIA,MCO,1740,1740,-4.0,9,2308,2308,3.0,0,0,328.0,308.0,2270.0
2023-03-24,WN,ORD,DEN,2055,2055,16.0,23,9,9,13.0,0,0,194.0,161.0,1193.0
2023-06-11,NK,IAH,EWR,1615,1615,12.0,15,1810,1810,14.0,0,0,115.0,92.0,
2023-05-01,DL,IAH,JFK,1240,1240,-9.0,15,1752,1752,-7.0,0,0,312.0,289.0,2051.0
2023-12-30,AA,DEN,IAH,2140,2140,12.0,24,51,51,19.0,0,0,191.0,160.0,1174.0
2023-07-28,WN,ATL,PHX,1020,1020,15.0,31,1432,1432,12.0,0,0,252.0,214.0,1530.0
2023-11-27,DL,SEA,PHX,1835,1835,-27.0,32,2227,2227,-11.0,0,0,232.0,196.0,1658.0
2023-05-01,AA,MIA,MCO,1850,1850,-7.0,12,2108,2108,-3.0,0,0,138.0,116.0,802.0
2023-10-04,UA,SEA,SFO,1855,1855,-11.0,24,2045,2045,-7.0,0,0,110.0,81.0,620.0
2023-05-04,DL,LAS,PHX,1635,1635,-11.0,32,2016,2016,1.0,0,0,221.0,184.0,1520.0
2023-04-07,F9,PHX,MCO,1855,1855,-0.0,21,129,129,-6.0,0,0,394.0,364.0,2726.0
2023-08-10,DL,LAS,ORD,1340,1340,-5.0,34,1500,1500,6.0,0,0,80.0,42.0,405.0
2023-03-04,AA,SFO,PHX,745,745,-11.0,25,1257,1257,-4.0,0,0,312.0,282.0,2118.0
2023-06-21,AA,JFK,IAH,740,740,-7.0,14,1324,1324,-8.0,0,0,344.0,325.0,2611.0
2023-01-21,AS,LAX,JFK,545,545,-24.0,33,658,658,-27.0,0,0,73.0,35.0,286.0
2023-06-01,DL,SFO,LAX,1940,1940,-20.0,18,19,19,-5.0,0,0,279.0,253.0,1886.0
2023-10-07,AA,JFK,SEA,1310,1310,2.0,12,1846,1846,17.0,0,0,336.0,318.0,2491.0
2023-11-04,NK,MCO,ATL,850,850,6.0,14,1324,1324,-4.0,0,0,274.0,256.0,1965.0
2023-11-21,UA,CLT,DFW,820,820,11.0,18,957,957,18.0,0,0,97.0,68.0,
2023-11-14,B6,DFW,DEN,635,635,5.0,11,1024,1024,-1.0,0,0,229.0,209.0,1492.0
2023-08-20,AA,PHX,JFK,1830,1830,17.0,16,2218,2218,6.0,0,0,228.0,206.0,1476.0
2023-06-02,UA,CLT,SFO,2055,2055,18.0,8,309,309,11.0,0,0,374.0,358.0,2676.0
2023-04-29,NK,IAH,LAS,1440,1440,2.0,23,1734,1734,10.0,0,0,174.0,142.0,1051.0
2023-04-30,AS,DEN,IAH,725,725,-14.0,25,952,952,-9.0,0,0,147.0,118.0,918.0
2023-04-30,AS,PHX,ORD,2125,2125,-22.0,11,138,138,-11.0,0,0,253.0,235.0,1691.0
2023-11-12,WN,DFW,ATL,1200,1200,-4.0,31,1726,1726,,0,0,326.0,287.0,2291.0
2023-06-24,UA,PHX,SFO,2050,2050,20.0,9,2333,2333,8.0,0,0,163.0,150.0,943.0
2023-05-01,F9,DEN,MCO,1255,1255,-1.0,30,1917,1917,5.0,0,0,382.0,346.0,2694.0
2023-12-13,AA,MIA,LAX,2025,2025,32.0,17,2131,2131,28.0,0,0,66.0,45.0,245.0
2023-08-18,UA,JFK,DEN,1120,1120,20.0,20,1643,1643,9.0,0,0,323.0,297.0,2369.0
2023-03-13,B6,ORD,IAH,1640,1640,27.0,8,2106,2106,23.0,0,0,266.0,249.0,1744.0
2023-01-22,DL,SEA,SFO,1110,1110,-30.0,16,1311,1311,-19.0,0,0,121.0,96.0,584.0
2023-06-22,AA,ATL,LAX,2020,2020,7.0,28,2336,2336,9.0,0,0,196.0,164.0,1180.0
2023-05-27,B6,JFK,DFW,740,740,-4.0,24,831,831,3.0,0,0,51.0,18.0,285.0
2023-08-26,AS,IAH,MIA,805,805,19.0,22,921,921,16.0,0,0,76.0,43.0,293.0
2023-01-11,NK,PHX,IAH,1840,1840,5.0,20,2358,2358,-3.0,0,0,318.0,290.0,2173.0
2023-01-27,UA,MIA,SFO,2045,2045,111.0,8,2310,2310,102.0,0,0,145.0,129.0,855.0
2023-03-15,WN,MIA,EWR,730,730,-12.0,12,1203,1203,-16.0,0,0,273.0,255.0,1787.0
2023-04-28,AS,LAS,DEN,1300,1300,-16.0,28,1459,1459,,0,0,119.0,86.0,646.0
2023-09-23,AA,MCO,IAH,635,635,-18.0,10,1141,1141,-9.0,0,0,306.0,290.0,2208.0
2023-12-26,WN,SFO,MIA,610,610,-27.0,34,1043,1043,-13.0,0,0,273.0,231.0,1880.0
2023-02-23,WN,LAX,CLT,1215,1215,-18.0,15,1345,1345,-3.0,0,0,90.0,65.0,400.0
2023-05-11,UA,JFK,EWR,1030,1030,-10.0,34,1435,1435,-9.0,0,0,245.0,207.0,1649.0
2023-12-29,DL,MCO,SFO,2255,2255,-3.0,34,250,250,10.0,0,0,235.0,197.0,1476.0
2023-12-14,F9,SFO,MCO,1655,1655,-9.0,33,2317,2317,-5.0,0,0,382.0,342.0,2744.0
2023-04-28,AA,JFK,EWR,1910,1910,-9.0,26,2209,2209,-7.0,0,0,179.0,149.0,1188.0
2023-10-30,WN,LAX,CLT,2025,2025,-4.0,14,2319,2319,-1.0,0,0,174.0,155.0,1051.0
2023-12-29,WN,SEA,CLT,2020,2020,5.0,28,2312,2312,-3.0,0,0,172.0,138.0,983.0
2023-08-27,WN,CLT,LAX,1710,1710,-9.0,33,2010,2010,-0.0,0,0,180.0,141.0,1088.0
2023-04-13,UA,MIA,CLT,1235,1235,5.0,34,1642,1642,5.0,0,0,247.0,205.0,1553.0
2023-12-26,AS,DFW,JFK,1715,1715,-1.0,10,2019,2019,,0,0,184.0,169.0,1230.0
2023-08-11,WN,EWR,PHX,1515,1515,-2.0,22,1641,1641,2.0,0,0,86.0,56.0,369.0
2023-11-03,AS,LAX,DFW,1830,1830,28.0,15,2206,2206,18.0,0,0,216.0,191.0,1327.0
2023-06-22,F9,SFO,DFW,605,605,5.0,10,1130,1130,8.0,0,0,325.0,307.0,2223.0
2023-08-24,AS,CLT,SEA,1845,1845,4.0,14,31,31,19.0,0,0,346.0,326.0,2377.0
2023-07-21,AA,DEN,SFO,1555,1555,0.0,18,2005,2005,15.0,0,0,250.0,224.0,1549.0
2023-06-20,B6,DFW,CLT,1625,1625,6.0,25,2243,2243,6.0,0,0,378.0,342.0,2682.0
2023-10-28,DL,EWR,ORD,1655,1655,-7.0,18,1823,1823,-1.0,0,0,88.0,65.0,496.0
2023-01-16,UA,CLT,EWR,645,645,-1.0,12,904,904,2.0,0,0,139.0,123.0,711.0
2023-03-01,AS,JFK,SFO,745,745,-19.0,11,1124,1124,-4.0,0,0,219.0,197.0,1395.0
2023-03-28,B6,ORD,DEN,1815,1815,9.0,13,2129,2129,7.0,0,0,194.0,175.0,1171.0
2023-07-16,B6,CLT,LAS,1505,1505,22.0,23,2042,2042,21.0,0,0,337.0,305.0,2356.0
2023-12-20,DL,LAS,MIA,2130,2130,9.0,33,6,6,19.0,0,0,156.0,113.0,940.0
2023-08-09,DL,EWR,MCO,1330,1330,4.0,10,1733,1733,12.0,0,0,243.0,222.0,1729.0
2023-04-28,UA,SFO,CLT,810,810,3.0,12,1135,1135,-0.0,0,0,205.0,184.0,1364.0
2023-08-27,WN,SFO,ATL,1625,1625,8.0,28,1922,1922,10.0,0,0,177.0,139.0,1160.0
2023-08-22,UA,LAX,SFO,835,835,-18.0,15,1031,1031,-7.0,0,0,116.0,95.0,609.0
2023-03-24,B6,SFO,JFK,1820,1820,23.0,27,2304,2304,21.0,0,0,284.0,246.0,1928.0
2023-07-26,AA,MIA,ATL,1635,1635,38.0,31,1948,1948,39.0,0,0,193.0,155.0,1217.0
2023-12-07,UA,MIA,EWR,2115,2115,3.0,26,139,139,11.0,0,0,264.0,228.0,1768.0
2023-09-30,F9,DFW,SFO,2055,2055,17.0,24,128,128,19.0,0,0,273.0,241.0,1953.0
2023-06-16,AA,ATL,MCO,1235,1235,13.0,33,1843,1843,-4.0,0,0,368.0,329.0,2551.0
2023-10-31,UA,DEN,SEA,1125,1125,6.0,9,1440,1440,6.0,0,0,195.0,181.0,1185.0
2023-03-05,NK,SFO,JFK,1950,1950,-2.0,15,2147,2147,3.0,0,0,117.0,98.0,742.0
2023-03-21,B6,MCO,DEN,650,650,-3.0,23,1201,1201,10.0,0,0,311.0,279.0,2228.0
2023-06-24,WN,LAS,EWR,1245,1245,-29.0,28,1828,1828,-18.0,0,0,343.0,309.0,2571.0
2023-08-15,DL,MCO,LAX,1645,1645,-12.0,8,2006,2006,-12.0,0,0,201.0,188.0,1235.0
2023-07-04,WN,IAH,SEA,545,545,-18.0,8,810,810,-14.0,0,0,145.0,129.0,945.0
2023-07-02,B6,MIA,EWR,730,730,2.0,20,1209,1209,13.0,0,0,279.0,250.0,1920.0
2023-07-31,NK,JFK,ATL,1800,1800,5.0,29,2139,2139,17.0,0,0,219.0,183.0,1334.0
2023-02-05,NK,DFW,CLT,2230,2230,12.0,9,208,208,9.0,0,0,218.0,198.0,1526.0
2023-09-17,AA,JFK,ORD,1440,1440,11.0,21,1710,1710,,0,0,150.0,118.0,862.0
2023-04-15,DL,SFO,ATL,2205,2205,-7.0,12,50,50,-8.0,0,0,165.0,143.0,1045.0
2023-07-03,NK,ATL,EWR,2245,2245,107.0,17,2346,2346,103.0,0,0,61.0,33.0,168.0
2023-12-25,NK,ATL,MCO,715,715,-7.0,26,915,915,5.0,0,0,120.0,88.0,481.0
2023-03-17,AS,DEN,MCO,1120,1120,-5.0,25,1417,1417,-2.0,0,0,177.0,148.0,1109.0
2023-11-04,DL,ATL,ORD,720,720,-4.0,9,1002,1002,-13.0,0,0,162.0,145.0,911.0
2023-03-05,DL,ATL,ORD,1405,1405,9.0,24,1731,1731,11.0,0,0,206.0,178.0,1308.0
2023-03-08,WN,LAX,IAH,550,550,3.0,24,849,849,-5.0,0,0,179.0,150.0,1070.0
2023-06-15,DL,CLT,IAH,1710,1710,-11.0,33,1836,1836,-13.0,0,0,86.0,45.0,273.0
2023-10-11,WN,DFW,MIA,1830,1830,7.0,24,2121,2121,2.0,0,0,171.0,141.0,1126.0
2023-02-20,DL,LAS,ORD,610,610,14.0,14,708,708,5.0,0,0,58.0,33.0,175.0
2023-03-26,DL,PHX,DFW,805,805,5.0,28,948,948,6.0,0,0,103.0,71.0,591.0
2023-07-17,UA,DEN,SEA,910,910,35.0,24,1207,1207,44.0,0,0,177.0,143.0,990.0
2023-05-02,AA,MCO,CLT,1620,1620,-15.0,29,2031,2031,-9.0,0,0,251.0,215.0,1631.0
2023-05-18,DL,DEN,MIA,635,635,1.0,34,909,909,13.0,0,0,154.0,114.0,947.0
2023-12-17,AA,SFO,LAS,1315,1315,17.0,34,1533,1533,20.0,0,0,138.0,93.0,869.0
2023-06-10,UA,DEN,SFO,815,815,-2.0,26,1141,1141,6.0,0,0,206.0,173.0,1296.0
2023-12-03,DL,PHX,DFW,2005,2005,16.0,22,2314,2314,16.0,0,0,189.0,159.0,1075.0
2023-07-19,UA,DEN,SFO,1930,1930,15.0,16,2220,2220,2.0,0,0,170.0,147.0,926.0
2023-08-23,AA,PHX,EWR,1355,1355,-8.0,17,1727,1727,-11.0,0,0,212.0,187.0,1434.0
2023-09-21,AS,LAS,ORD,2010,2010,125.0,21,2126,2126,,0,0,76.0,48.0,396.0
2023-06-20,B6,DFW,SFO,1625,1625,-11.0,20,1841,1841,-4.0,0,0,136.0,106.0,848.0
2023-09-25,WN,MIA,LAX,700,700,-17.0,15,1328,1328,-21.0,0,0,388.0,362.0,2747.0
2023-03-20,B6,EWR,IAH,1355,1355,2.0,30,1745,1745,-11.0,0,0,230.0,196.0,1407.0
2023-02-28,WN,MIA,PHX,1440,1440,4.0,15,1954,1954,3.0,0,0,314.0,289.0,2196.0
2023-02-27,WN,ATL,DEN,1255,1255,0.0,27,1532,1532,2.0,0,0,157.0,124.0,822.0
2023-02-02,NK,JFK,IAH,905,905,3.0,8,1401,1401,2.0,0,0,296.0,280.0,2050.0
2023-09-26,B6,LAS,JFK,2205,2205,27.0,12,141,141,20.0,0,0,216.0,200.0,1500.0
2023-07-22,AA,IAH,MCO,1420,1420,21.0,27,1804,1804,17.0,0,0,224.0,186.0,1657.0
2023-07-17,AA,PHX,ATL,1110,1110,-20.0,20,1222,1222,-6.0,0,0,72.0,46.0,374.0
2023-10-30,AS,ORD,MIA,520,520,23.0,16,759,759,43.0,0,0,159.0,138.0,1021.0
2023-12-19,B6,ORD,CLT,1440,1440,2.0,21,1923,1923,0.0,0,0,283.0,251.0,2080.0
2023-01-07,UA,MCO,SFO,1220,1220,21.0,15,1430,1430,14.0,0,0,130.0,109.0,516.0
2023-05-11,NK,JFK,LAX,700,700,3.0,21,1258,1258,-3.0,0,0,358.0,328.0,2559.0
2023-06-18,B6,LAS,IAH,2115,2115,10.0,12,222,222,22.0,0,0,307.0,288.0,2106.0
2023-12-19,WN,JFK,SFO,915,915,-5.0,10,1439,1439,-9.0,0,0,324.0,303.0,2212.0
2023-02-28,UA,MIA,CLT,1410,1410,7.0,14,1951,1951,15.0,0,0,341.0,316.0,2384.0
2023-06-19,AA,IAH,ATL,2250,2250,14.0,29,145,145,6.0,0,0,175.0,141.0,899.0
2023-12-08,NK,MIA,MCO,710,710,-10.0,9,1320,1320,-9.0,0,0,370.0,350.0,2622.0
2023-04-09,F9,ATL,SEA,2055,2055,-2.0,9,130,130,-4.0,0,0,275.0,259.0,1821.0
2023-01-12,UA,CLT,IAH,1700,1700,39.0,26,1931,1931,37.0,0,0,151.0,121.0,856.0
2023-12-03,NK,DFW,MIA,1555,1555,8.0,30,1902,1902,8.0,0,0,187.0,153.0,1237.0
2023-05-19,UA,MCO,CLT,555,555,15.0,17,859,859,5.0,0,0,184.0,159.0,1166.0
2023-02-20,AA,PHX,MCO,1210,1210,-16.0,16,1653,1653,-4.0,0,0,283.0,260.0,1969.0
2023-06-08,AA,CLT,SFO,1125,1125,-11.0,13,1436,1436,-6.0,0,0,191.0,171.0,1226.0
2023-11-15,WN,PHX,LAX,2155,2155,-10.0,17,426,426,-8.0,0,0,391.0,369.0,2674.0
2023-10-13,AA,MIA,SEA,1905,1905,0.0,15,108,108,5.0,0,0,363.0,337.0,2716.0
2023-02-07,DL,CLT,LAX,2055,2055,-8.0,12,2313,2313,4.0,0,0,138.0,116.0,873.0
2023-06-28,B6,DEN,LAX,1510,1510,13.0,21,1855,1855,14.0,0,0,225.0,197.0,1311.0
2023-05-04,WN,MCO,LAS,2020,2020,-0.0,20,44,44,-0.0,0,0,264.0,236.0,1836.0
2023-06-12,F9,PHX,IAH,2225,2225,-5.0,33,131,131,-7.0,0,0,186.0,147.0,1252.0
2023-01-22,B6,SFO,JFK,2100,2100,33.0,10,2316,2316,20.0,0,0,136.0,118.0,706.0
2023-05-25,F9,PHX,IAH,1600,1600,-25.0,22,1741,1741,-10.0,0,0,101.0,74.0,487.0
2023-04-16,DL,MCO,IAH,1630,1630,2.0,18,2022,2022,5.0,0,0,232.0,208.0,1553.0
2023-01-02,B6,LAX,CLT,1710,1710,15.0,17,2039,2039,12.0,0,0,209.0,184.0,1324.0
2023-11-12,WN,IAH,DEN,1725,1725,-5.0,16,1848,1848,6.0,0,0,83.0,57.0,352.0
2023-04-11,AA,EWR,CLT,1205,1205,1.0,30,1614,1614,1.0,0,0,249.0,215.0,1697.0
2023-03-10,F9,DFW,IAH,1050,1050,14.0,34,1521,1521,9.0,0,0,271.0,226.0,1748.0
2023-03-08,AA,EWR,CLT,1055,1055,4.0,10,1305,1305,16.0,0,0,130.0,114.0,757.0
2023-04-04,DL,MIA,PHX,840,840,58.0,13,1121,1121,73.0,0,0,161.0,138.0,975.0
2023-12-25,AA,SFO,LAX,1940,1940,-16.0,9,114,114,-6.0,0,0,334.0,317.0,2221.0
2023-10-18,AA,DEN,PHX,1455,1455,5.0,24,1806,1806,-2.0,0,0,191.0,158.0,
2023-01-07,UA,DEN,LAS,1735,1735,8.0,22,2025,2025,10.0,0,0,170.0,140.0,1006.0
2023-06-23,AS,MCO,DEN,535,535,-28.0,23,1024,1024,-11.0,0,0,289.0,260.0,2046.0
2023-04-09,DL,LAS,MCO,1450,1450,-2.0,14,1947,1947,-7.0,0,0,297.0,275.0,2069.0
2023-01-22,AS,ATL,ORD,1530,1530,-8.0,12,1949,1949,-3.0,0,0,259.0,242.0,1710.0
2023-06-04,UA,DFW,EWR,2230,2230,-7.0,21,250,250,3.0,0,0,260.0,234.0,1864.0
2023-06-11,AA,IAH,MIA,1345,1345,13.0,27,1626,1626,0.0,0,0,161.0,129.0,916.0
2023-05-15,AA,CLT,DFW,2055,2055,3.0,13,124,124,0.0,0,0,269.0,252.0,1794.0
2023-09-26,AA,JFK,SFO,1650,1650,-1.0,25,1913,1913,7.0,0,0,143.0,114.0,832.0
2023-09-25,NK,MIA,JFK,2045,2045,26.0,14,2225,2225,15.0,0,0,100.0,75.0,299.0
2023-01-03,AA,ATL,DFW,1600,1600,15.0,10,2019,2019,20.0,0,0,259.0,245.0,1750.0
2023-11-21,AA,SEA,LAS,1345,1345,-9.0,19,1755,1755,-1.0,0,0,250.0,223.0,1690.0
2023-03-06,UA,MIA,MCO,1105,1105,-5.0,28,1320,1320,-9.0,0,0,135.0,96.0,747.0
2023-01-25,DL,LAS,SFO,815,815,-22.0,8,1117,1117,-2.0,0,0,182.0,163.0,1093.0
2023-05-17,DL,DEN,ATL,1230,1230,-1.0,15,1629,1629,2.0,0,0,239.0,214.0,1583.0
2023-11-02,DL,DFW,ATL,2215,2215,20.0,19,201,201,2.0,0,0,226.0,201.0,1690.0
2023-09-21,AA,SEA,PHX,1555,1555,4.0,15,1856,1856,8.0,0,0,181.0,158.0,1140.0
2023-08-04,F9,MCO,SFO,925,925,-14.0,14,1323,1323,-7.0,0,0,238.0,218.0,1687.0
2023-06-07,NK,ATL,PHX,555,555,-9.0,27,1041,1041,-5.0,0,0,286.0,248.0,1944.0
2023-04-06,UA,JFK,DEN,1800,1800,9.0,16,2039,2039,7.0,0,0,159.0,138.0,844.0
2023-01-19,B6,LAS,ORD,630,630,107.0,13,849,849,,0,0,139.0,116.0,749.0
2023-01-15,AA,LAS,DEN,1225,1225,-10.0,18,1758,1758,1.0,0,0,333.0,306.0,2416.0
2023-02-17,UA,ORD,IAH,1510,1510,12.0,25,2005,2005,17.0,0,0,295.0,260.0,2038.0
2023-07-04,UA,MCO,IAH,715,715,-0.0,22,1217,1217,0.0,0,0,302.0,269.0,2177.0
2023-03-10,AS,LAS,EWR,810,810,-17.0,28,1008,1008,-14.0,0,0,118.0,80.0,513.0
2023-08-27,B6,DEN,EWR,1410,1410,11.0,31,1541,1541,-0.0,0,0,91.0,55.0,412.0
2023-09-12,AA,LAX,SFO,845,845,-1.0,18,1336,1336,0.0,0,0,291.0,269.0,1989.0
2023-07-10,B6,CLT,EWR,1620,1620,-2.0,10,1848,1848,7.0,0,0,148.0,133.0,923.0
2023-07-03,AA,IAH,DEN,1420,1420,4.0,9,2029,2029,5.0,0,0,369.0,350.0,2538.0
2023-11-04,DL,EWR,SEA,635,635,-14.0,27,1229,1229,-10.0,0,0,354.0,318.0,2578.0
2023-02-24,NK,ATL,CLT,1655,1655,3.0,21,1835,1835,4.0,0,0,100.0,75.0,461.0
2023-06-19,DL,LAS,LAX,1300,1300,1.0,29,1757,1757,-4.0,0,0,297.0,264.0,1994.0
2023-08-26,DL,IAH,DEN,1035,1035,-25.0,18,1248,1248,-13.0,0,0,133.0,106.0,667.0
2023-10-31,B6,CLT,PHX,900,900,7.0,30,1241,1241,3.0,0,0,221.0,186.0,1563.0
2023-08-23,AA,DEN,MIA,1655,1655,35.0,9,2149,2149,29.0,0,0,294.0,277.0,2168.0
2023-09-16,DL,DEN,ORD,1940,1940,-17.0,24,2245,2245,-4.0,0,0,185.0,154.0,1295.0
2023-02-03,NK,MIA,LAX,550,550,0.0,25,1057,1057,-7.0,0,0,307.0,272.0,2217.0
2023-01-23,B6,IAH,SFO,740,740,1.0,30,1140,1140,10.0,0,0,240.0,201.0,1580.0
2023-02-25,AA,LAS,MIA,1840,1840,-19.0,9,2330,2330,-10.0,0,0,290.0,275.0,2008.0
2023-05-01,F9,PHX,ORD,1910,1910,2.0,11,2057,2057,2.0,0,0,107.0,87.0,566.0
2023-09-12,NK,IAH,EWR,2115,2115,21.0,15,213,213,28.0,0,0,298.0,275.0,2058.0
2023-03-20,B6,PHX,IAH,2205,2205,7.0,18,425,425,6.0,0,0,380.0,353.0,2780.0
2023-11-21,B6,JFK,IAH,1910,1910,3.0,8,1,1,13.0,0,0,291.0,279.0,2009.0
2023-10-16,DL,ORD,DFW,1255,1255,102.0,32,1602,1602,100.0,0,0,187.0,147.0,1146.0
2023-07-28,WN,EWR,ORD,1025,1025,-14.0,9,1626,1626,-21.0,0,0,361.0,348.0,
2023-10-07,DL,LAX,ORD,1545,1545,186.0,11,2119,2119,188.0,0,0,334.0,315.0,2427.0
2023-10-01,AS,IAH,MIA,615,615,-18.0,17,1123,1123,0.0,0,0,308.0,287.0,2103.0
2023-05-17,DL,SEA,LAS,1800,1800,-26.0,14,2027,2027,-18.0,0,0,147.0,125.0,844.0
2023-01-02,DL,MIA,ORD,1755,1755,14.0,10,1926,1926,16.0,0,0,91.0,70.0,397.0
2023-07-20,AA,ORD,MCO,905,905,5.0,13,1433,1433,,0,0,328.0,306.0,2400.0
2023-08-17,DL,DFW,DEN,1120,1120,-1.0,28,1216,1216,7.0,0,0,56.0,20.0,166.0
2023-12-13,B6,SFO,JFK,900,900,10.0,8,1518,1518,13.0,0,0,378.0,360.0,2607.0
2023-08-29,B6,DEN,LAS,1825,1825,20.0,32,2225,2225,28.0,0,0,240.0,202.0,1447.0
2023-02-12,WN,ATL,SEA,2010,2010,0.0,32,2111,2111,5.0,0,0,61.0,24.0,176.0
2023-12-08,B6,LAX,CLT,720,720,-3.0,20,1204,1204,-0.0,0,0,284.0,254.0,1981.0
2023-09-30,DL,EWR,CLT,1140,1140,26.0,32,1511,1511,19.0,0,0,211.0,175.0,1373.0
2023-07-14,NK,MIA,LAX,835,835,31.0,24,955,955,31.0,0,0,80.0,47.0,234.0
2023-07-19,AA,JFK,ATL,2115,2115,-2.0,10,138,138,9.0,0,0,263.0,242.0,1841.0
2023-11-26,AS,MCO,ORD,1240,1240,-19.0,24,1438,1438,-9.0,0,0,118.0,87.0,761.0
2023-02-25,DL,EWR,PHX,505,505,19.0,11,933,933,12.0,0,0,268.0,252.0,2038.0
2023-10-21,AA,CLT,DFW,2015,2015,60.0,29,2244,2244,64.0,0,0,149.0,116.0,766.0
2023-06-30,NK,MCO,LAX,835,835,3.0,28,1515,1515,7.0,0,0,400.0,367.0,2790.0
2023-03-28,AA,SFO,JFK,735,735,-13.0,33,1012,1012,-6.0,0,0,157.0,118.0,821.0
2023-09-25,UA,CLT,EWR,1255,1255,3.0,10,1810,1810,13.0,0,0,315.0,301.0,2225.0
2023-09-15,UA,PHX,ORD,2205,2205,2.0,16,43,43,-4.0,0,0,158.0,134.0,854.0
2023-08-07,WN,PHX,MIA,1405,1405,-11.0,29,1600,1600,-10.0,0,0,115.0,81.0,583.0
2023-01-04,AS,DFW,LAX,630,630,20.0,18,903,903,8.0,0,0,153.0,125.0,996.0
2023-12-10,DL,CLT,ORD,1555,1555,306.0,27,2000,2000,312.0,0,0,245.0,210.0,1553.0
2023-01-01,UA,IAH,CLT,1220,1220,-23.0,34,1653,1653,-7.0,0,0,273.0,231.0,1849.0
2023-09-30,AA,MIA,LAX,940,940,4.0,25,1542,1542,12.0,0,0,362.0,326.0,2627.0
2023-07-20,WN,LAS,JFK,1705,1705,-5.0,25,1844,1844,-0.0,0,0,99.0,63.0,483.0
2023-09-02,UA,MIA,EWR,1030,1030,8.0,16,1218,1218,7.0,0,0,108.0,81.0,565.0
2023-08-15,AA,LAS,ATL,1110,1110,18.0,10,1520,1520,10.0,0,0,250.0,236.0,1632.0
2023-07-19,UA,IAH,SEA,950,950,0.0,22,1213,1213,5.0,0,0,143.0,111.0,921.0
2023-02-10,DL,MIA,CLT,1030,1030,-11.0,20,1142,1142,3.0,0,0,72.0,45.0,270.0
2023-12-20,AS,DEN,JFK,1055,1055,14.0,23,1658,1658,19.0,0,0,363.0,331.0,2667.0
2023-07-26,UA,LAX,DEN,620,620,-17.0,9,817,817,5.0,0,0,117.0,97.0,593.0
2023-10-29,WN,LAX,SEA,600,600,5.0,8,1151,1151,6.0,0,0,351.0,333.0,2592.0
2023-10-11,UA,IAH,LAS,1055,1055,85.0,9,1412,1412,91.0,0,0,197.0,177.0,1394.0
2023-05-26,WN,SEA,MIA,1145,1145,-8.0,20,1346,1346,-9.0,0,0,121.0,95.0,612.0
2023-03-20,DL,EWR,PHX,1555,1555,-5.0,23,1811,1811,-6.0,0,0,136.0,106.0,778.0
2023-12-31,B6,DEN,JFK,1820,1820,152.0,21,1929,1929,156.0,0,0,69.0,43.0,174.0
2023-01-10,UA,ATL,MIA,1950,1950,16.0,34,47,47,9.0,0,0,297.0,253.0,2019.0
2023-10-19,WN,MIA,ORD,1145,1145,-19.0,8,1726,1726,-9.0,0,0,341.0,325.0,2456.0
2023-05-07,AS,EWR,JFK,1810,1810,105.0,32,31,31,106.0,0,0,381.0,341.0,2730.0
2023-04-18,NK,LAX,LAS,2155,2155,-15.0,13,218,218,0.0,0,0,263.0,241.0,1656.0
2023-08-08,F9,SFO,SEA,705,705,4.0,15,1151,1151,5.0,0,0,286.0,262.0,1945.0
2023-07-29,B6,SEA,MCO,525,525,-5.0,30,858,858,3.0,0,0,213.0,175.0,1317.0
2023-12-15,UA,LAX,DEN,2235,2235,11.0,17,225,225,7.0,0,0,230.0,207.0,1494.0
2023-07-31,DL,DEN,CLT,855,855,2.0,8,1243,1243,-4.0,0,0,228.0,216.0,1551.0
2023-10-01,AA,LAS,ORD,1050,1050,7.0,24,1153,1153,5.0,0,0,63.0,33.0,418.0
2023-04-14,UA,IAH,LAS,905,905,-3.0,13,1526,1526,2.0,0,0,381.0,364.0,2709.0
2023-02-04,UA,PHX,JFK,1320,1320,-10.0,18,1515,1515,-17.0,0,0,115.0,92.0,728.0
2023-08-07,AS,DEN,CLT,1525,1525,-18.0,10,1857,1857,-12.0,0,0,212.0,198.0,1408.0
2023-10-22,AS,LAX,DFW,1710,1710,2.0,11,2157,2157,4.0,0,0,287.0,267.0,1904.0
2023-05-10,WN,DEN,MIA,1355,1355,-0.0,10,1634,1634,4.0,0,0,159.0,141.0,944.0
2023-12-18,DL,DFW,CLT,2040,2040,-25.0,31,2335,2335,-23.0,0,0,175.0,137.0,990.0
2023-03-10,AS,ORD,DEN,1325,1325,-11.0,34,1804,1804,-19.0,0,0,279.0,234.0,1844.0
2023-05-28,AS,MIA,DFW,2020,2020,-9.0,20,2314,2314,-10.0,0,0,174.0,147.0,1128.0
2023-07-14,UA,ATL,CLT,650,650,7.0,13,1034,1034,-2.0,0,0,224.0,204.0,1549.0
2023-07-23,WN,SFO,EWR,2230,2230,-1.0,33,28,28,4.0,0,0,118.0,75.0,677.0
2023-01-26,DL,SFO,IAH,1455,1455,-5.0,33,1832,1832,-6.0,0,0,217.0,173.0,1407.0
2023-07-05,NK,JFK,DFW,700,700,-26.0,20,1016,1016,-17.0,0,0,196.0,167.0,1250.0
2023-12-09,NK,MIA,DFW,1355,1355,-22.0,11,1610,1610,-7.0,0,0,135.0,116.0,762.0
2023-06-08,B6,IAH,EWR,1210,1210,-4.0,12,1412,1412,0.0,0,0,122.0,99.0,694.0
2023-09-01,AA,IAH,LAS,1120,1120,21.0,33,1732,1732,,0,0,372.0,333.0,2579.0
2023-03-03,WN,PHX,SEA,1040,1040,-0.0,30,1430,1430,-3.0,0,0,230.0,192.0,1479.0
2023-04-16,WN,ATL,IAH,1050,1050,21.0,29,1635,1635,6.0,0,0,345.0,310.0,2450.0
2023-04-12,DL,DFW,MCO,1430,1430,-4.0,11,1724,1724,1.0,0,0,174.0,155.0,1053.0
2023-05-27,NK,EWR,LAX,710,710,8.0,13,1133,1133,7.0,0,0,263.0,245.0,1819.0
2023-12-09,DL,LAX,CLT,1600,1600,-2.0,33,2030,2030,2.0,0,0,270.0,226.0,1975.0
2023-06-11,NK,IAH,DEN,1100,1100,-23.0,17,1629,1629,-17.0,0,0,329.0,307.0,2312.0
2023-10-08,AA,SEA,JFK,1250,1250,-14.0,10,1714,1714,-23.0,0,0,264.0,243.0,1817.0
2023-02-17,WN,MCO,JFK,1925,1925,233.0,23,2207,2207,222.0,0,0,162.0,131.0,1040.0
2023-11-05,UA,MIA,PHX,1310,1310,-7.0,19,1531,1531,-9.0,0,0,141.0,118.0,752.0
2023-01-17,NK,JFK,LAX,745,745,20.0,29,1324,1324,13.0,0,0,339.0,299.0,2371.0
2023-03-01,AS,DEN,CLT,1305,1305,11.0,33,1659,1659,-2.0,0,0,234.0,192.0,1559.0
2023-02-22,DL,PHX,IAH,1455,1455,-7.0,22,1738,1738,1.0,0,0,163.0,131.0,917.0
2023-09-03,UA,JFK,IAH,515,515,-0.0,12,1041,1041,6.0,0,0,326.0,304.0,2419.0
2023-07-12,DL,SEA,PHX,1505,1505,-14.0,31,1729,1729,-12.0,0,0,144.0,104.0,764.0
2023-12-13,WN,SFO,DEN,1250,1250,1.0,18,1604,1604,-1.0,0,0,194.0,171.0,1274.0
2023-10-25,WN,EWR,SEA,1325,1325,-3.0,21,1551,1551,-12.0,0,0,146.0,118.0,692.0
2023-08-30,NK,LAS,LAX,1940,1940,7.0,8,104,104,3.0,0,0,324.0,309.0,2371.0
2023-01-17,UA,CLT,DEN,2220,2220,6.0,22,258,258,24.0,0,0,278.0,249.0,1947.0
2023-12-18,WN,SFO,EWR,1215,1215,73.0,18,1314,1314,83.0,0,0,59.0,31.0,284.0
2023-06-25,AA,PHX,ORD,930,930,8.0,18,1126,1126,1.0,0,0,116.0,92.0,694.0
2023-11-23,F9,MIA,SFO,505,505,-6.0,18,1111,1111,-2.0,0,0,366.0,339.0,2631.0
2023-05-19,UA,MIA,DEN,1255,1255,11.0,13,1615,1615,7.0,0,0,200.0,183.0,1296.0
2023-01-25,B6,ORD,JFK,1405,1405,1.0,19,1727,1727,8.0,0,0,202.0,177.0,1177.0
2023-03-12,AS,SFO,JFK,1915,1915,-49.0,13,2238,2238,-6.0,0,0,203.0,180.0,1391.0
2023-10-21,WN,JFK,DFW,2250,2250,17.0,32,530,530,18.0,0,0,400.0,363.0,2775.0
2023-05-18,AA,SFO,DFW,1735,1735,22.0,17,2050,2050,10.0,0,0,195.0,168.0,1277.0
2023-09-09,WN,ATL,SEA,1245,1245,6.0,34,1733,1733,3.0,0,0,288.0,249.0,2162.0
2023-08-29,WN,CLT,PHX,1820,1820,-2.0,14,2132,2132,5.0,0,0,192.0,170.0,1171.0
2023-12-07,WN,DEN,EWR,510,510,24.0,24,800,800,13.0,0,0,170.0,140.0,1109.0
2023-03-31,WN,DFW,SFO,2200,2200,2.0,32,2330,2330,2.0,0,0,90.0,47.0,327.0
2023-10-17,WN,MCO,LAS,1525,1525,-13.0,16,2151,2151,1.0,0,0,386.0,363.0,2742.0
2023-03-23,UA,DFW,MIA,555,555,293.0,29,728,728,284.0,0,0,93.0,59.0,382.0
2023-02-26,WN,LAX,CLT,1125,1125,-12.0,13,1347,1347,-2.0,0,0,142.0,125.0,762.0
2023-11-15,B6,JFK,LAS,1500,1500,9.0,8,1753,1753,8.0,0,0,173.0,161.0,1140.0
2023-06-21,F9,JFK,MIA,1050,1050,1.0,27,1228,1228,7.0,0,0,98.0,67.0,537.0
2023-05-30,AA,MCO,EWR,1000,1000,-3.0,28,1444,1444,-1.0,0,0,284.0,249.0,1997.0
2023-03-18,AA,IAH,JFK,1840,1840,-11.0,14,1949,1949,3.0,0,0,69.0,45.0,153.0
2023-12-24,UA,LAX,MCO,2000,2000,-12.0,8,2357,2357,-8.0,0,0,237.0,218.0,1614.0
2023-10-10,F9,IAH,CLT,1030,1030,-11.0,24,1232,1232,3.0,0,0,122.0,91.0,618.0
2023-09-13,WN,PHX,IAH,1800,1800,20.0,25,2306,2306,11.0,0,0,306.0,275.0,2154.0
2023-04-02,F9,DFW,DEN,2100,2100,18.0,19,147,147,18.0,0,0,287.0,262.0,1973.0
2023-10-12,F9,IAH,EWR,2005,2005,-7.0,9,2156,2156,-3.0,0,0,111.0,98.0,697.0
2023-05-30,UA,SFO,IAH,730,730,15.0,13,845,845,-2.0,0,0,75.0,58.0,218.0
2023-09-06,AA,SFO,DFW,2055,2055,-5.0,15,31,31,-3.0,0,0,216.0,191.0,1373.0
2023-07-21,AS,LAX,ATL,1450,1450,0.0,28,1609,1609,6.0,0,0,79.0,43.0,421.0
2023-07-28,DL,LAX,DFW,1630,1630,2.0,26,1902,1902,4.0,0,0,152.0,118.0,956.0
2023-03-06,DL,PHX,IAH,1700,1700,10.0,15,2040,2040,17.0,0,0,220.0,195.0,1502.0
2023-09-26,WN,LAS,JFK,1135,1135,6.0,16,1258,1258,16.0,0,0,83.0,58.0,512.0
2023-05-19,AA,IAH,EWR,1240,1240,-9.0,18,1423,1423,3.0,0,0,103.0,74.0,459.0
2023-10-31,F9,DFW,SEA,1015,1015,-17.0,30,1425,1425,-11.0,0,0,250.0,216.0,1633.0
2023-04-13,F9,MCO,LAX,2015,2015,4.0,20,2335,2335,0.0,0,0,200.0,174.0,1255.0
2023-01-26,WN,MCO,EWR,1325,1325,12.0,27,1729,1729,21.0,0,0,244.0,208.0,1787.0
2023-08-26,AA,SFO,DEN,2145,2145,17.0,32,147,147,8.0,0,0,242.0,199.0,1568.0
2023-11-27,DL,SEA,DFW,1830,1830,-14.0,17,1948,1948,-11.0,0,0,78.0,55.0,249.0
2023-04-12,AS,CLT,JFK,530,530,-6.0,9,1158,1158,-5.0,0,0,388.0,369.0,2588.0
2023-11-11,B6,LAX,IAH,1735,1735,13.0,18,2221,2221,18.0,0,0,286.0,259.0,1959.0
2023-03-05,B6,CLT,LAX,855,855,-9.0,29,1524,1524,-4.0,0,0,389.0,356.0,2685.0
2023-01-16,WN,ORD,LAS,1630,1630,14.0,27,2041,2041,11.0,0,0,251.0,218.0,1782.0
2023-09-15,UA,EWR,PHX,2150,2150,2.0,15,2328,2328,1.0,0,0,98.0,75.0,447.0
2023-01-14,AS,MIA,EWR,1935,1935,10.0,19,2349,2349,9.0,0,0,254.0,229.0,1653.0
2023-12-27,DL,CLT,ORD,1540,1540,23.0,8,1816,1816,14.0,0,0,156.0,140.0,968.0
2023-09-13,B6,EWR,MCO,2035,2035,13.0,28,13,13,7.0,0,0,218.0,185.0,1385.0
2023-08-29,DL,ATL,LAX,855,855,15.0,14,1406,1406,12.0,0,0,311.0,291.0,2141.0
2023-03-08,UA,MCO,SFO,545,545,2.0,15,903,903,1.0,0,0,198.0,172.0,1231.0
2023-04-09,UA,SFO,IAH,915,915,13.0,21,1022,1022,10.0,0,0,67.0,42.0,241.0
2023-11-11,AA,EWR,SEA,2120,2120,3.0,18,2244,2244,9.0,0,0,84.0,55.0,407.0
2023-12-04,DL,MCO,ORD,1635,1635,1.0,24,2041,2041,-1.0,0,0,246.0,218.0,1639.0
2023-01-11,DL,IAH,DEN,710,710,-5.0,15,1040,1040,-2.0,0,0,210.0,187.0,1391.0
2023-05-22,B6,JFK,LAX,2225,2225,20.0,29,25,25,7.0,0,0,120.0,84.0,665.0
2023-08-08,DL,EWR,MCO,1150,1150,-25.0,33,1449,1449,-13.0,0,0,179.0,136.0,1123.0
2023-12-21,AA,IAH,JFK,1330,1330,2.0,9,1716,1716,-6.0,0,0,226.0,207.0,1517.0
2023-04-02,DL,DFW,ATL,1525,1525,-20.0,12,1729,1729,-20.0,0,0,124.0,103.0,786.0
2023-07-24,AS,EWR,ORD,1145,1145,-0.0,17,1446,1446,1.0,0,0,181.0,157.0,1095.0
2023-07-09,UA,JFK,ATL,2035,2035,30.0,13,141,141,29.0,0,0,306.0,286.0,2157.0
2023-11-05,NK,ATL,DEN,1635,1635,-0.0,31,2308,2308,-1.0,0,0,393.0,355.0,2704.0
2023-05-24,NK,EWR,IAH,1845,1845,-8.0,34,2102,2102,-6.0,0,0,137.0,97.0,722.0
2023-12-07,AA,DFW,CLT,1420,1420,-14.0,17,1717,1717,-2.0,0,0,177.0,156.0,1212.0
2023-08-03,AA,EWR,PHX,1200,1200,9.0,21,1747,1747,16.0,0,0,347.0,315.0,2443.0
2023-06-15,B6,IAH,MIA,1550,1550,-18.0,14,2200,2200,-12.0,0,0,370.0,348.0,2657.0
2023-09-06,F9,DFW,JFK,555,555,-16.0,11,1107,1107,-6.0,0,0,312.0,292.0,2207.0
2023-03-14,WN,MIA,LAS,810,810,-35.0,11,1221,1221,-24.0,0,0,251.0,234.0,1689.0
2023-02-28,AS,MCO,ORD,1410,1410,24.0,28,1823,1823,23.0,0,0,253.0,215.0,1649.0
2023-02-18,AA,DFW,IAH,1830,1830,3.0,29,2246,2246,3.0,0,0,256.0,223.0,1665.0
2023-10-18,AS,LAX,SFO,1655,1655,-29.0,26,1923,1923,,0,0,148.0,113.0,679.0
2023-12-10,AA,SFO,MIA,845,845,16.0,21,1424,1424,7.0,0,0,339.0,310.0,2422.0
2023-07-11,WN,LAS,SEA,1945,1945,-9.0,26,149,149,1.0,0,0,364.0,331.0,2359.0
2023-09-09,DL,PHX,IAH,2200,2200,8.0,11,213,213,-0.0,0,0,253.0,237.0,1706.0
2023-01-25,DL,ATL,CLT,630,630,-5.0,29,816,816,4.0,0,0,106.0,71.0,573.0
2023-02-28,DL,CLT,JFK,1005,1005,-12.0,8,1257,1257,5.0,0,0,172.0,158.0,978.0
2023-08-03,AA,ATL,LAX,2010,2010,66.0,33,222,222,62.0,0,0,372.0,334.0,2542.0
2023-12-30,NK,SFO,PHX,1855,1855,-10.0,14,2041,2041,-3.0,0,0,106.0,86.0,570.0
2023-06-16,AS,CLT,JFK,1710,1710,-16.0,24,1814,1814,-11.0,0,0,64.0,31.0,243.0
2023-05-22,AA,SEA,MCO,2005,2005,1.0,13,2205,2205,4.0,0,0,120.0,96.0,662.0
2023-07-27,NK,CLT,SEA,555,555,-5.0,32,739,739,-2.0,0,0,104.0,63.0,363.0
2023-05-11,AA,LAS,LAX,1255,1255,4.0,10,1716,1716,3.0,0,0,261.0,242.0,1689.0
2023-07-06,DL,ORD,CLT,1215,1215,-17.0,34,1546,1546,-13.0,0,0,211.0,172.0,1243.0
2023-01-31,UA,CLT,DEN,1450,1450,-8.0,20,1834,1834,-1.0,0,0,224.0,193.0,1455.0
2023-07-23,AA,ATL,EWR,515,515,-1.0,34,802,802,,0,0,167.0,128.0,1094.0
2023-12-09,UA,JFK,ATL,2025,2025,5.0,24,2134,2134,12.0,0,0,69.0,35.0,190.0
2023-06-28,B6,LAS,DFW,1845,1845,8.0,21,2329,2329,6.0,0,0,284.0,258.0,1953.0
2023-06-17,WN,CLT,SFO,1505,1505,-7.0,15,1854,1854,-7.0,0,0,229.0,209.0,1658.0
2023-09-07,DL,CLT,PHX,1145,1145,-5.0,14,1404,1404,-4.0,0,0,139.0,120.0,758.0
2023-06-28,UA,ORD,SEA,2110,2110,-13.0,22,227,227,-5.0,0,0,317.0,286.0,2228.0
2023-08-09,AS,ORD,LAX,1035,1035,1.0,20,1500,1500,-10.0,0,0,265.0,239.0,1804.0
2023-07-06,WN,ORD,PHX,1535,1535,20.0,15,2018,2018,29.0,0,0,283.0,258.0,2006.0
2023-10-12,DL,DEN,ATL,1050,1050,11.0,16,1444,1444,7.0,0,0,234.0,211.0,1574.0
2023-01-27,B6,SEA,DEN,1630,1630,-2.0,23,1737,1737,5.0,0,0,67.0,37.0,165.0
2023-04-07,DL,CLT,MCO,1920,1920,15.0,29,141,141,15.0,0,0,381.0,345.0,2792.0
2023-04-10,UA,ORD,JFK,1520,1520,11.0,33,2002,2002,3.0,0,0,282.0,238.0,1833.0
2023-07-17,DL,MIA,LAS,1205,1205,25.0,16,1658,1658,16.0,0,0,293.0,266.0,2004.0
2023-07-13,WN,LAX,DFW,2045,2045,-31.0,31,2243,2243,-12.0,0,0,118.0,76.0,701.0
2023-01-27,WN,SFO,MCO,1530,1530,5.0,10,1718,1718,8.0,0,0,108.0,88.0,440.0
2023-08-26,WN,LAS,MCO,1830,1830,-7.0,8,2211,2211,-7.0,0,0,221.0,205.0,1541.0
2023-10-09,NK,MIA,LAX,930,930,-16.0,25,1348,1348,-3.0,0,0,258.0,226.0,1629.0
2023-12-29,DL,MIA,ATL,1455,1455,2.0,8,2050,2050,6.0,0,0,355.0,339.0,2597.0
2023-12-23,WN,ORD,SFO,1600,1600,7.0,9,2104,2104,-4.0,0,0,304.0,287.0,2115.0
2023-11-02,DL,ORD,PHX,635,635,17.0,15,1109,1109,4.0,0,0,274.0,254.0,1866.0
2023-05-27,AS,ATL,SEA,2115,2115,-4.0,17,2340,2340,5.0,0,0,145.0,120.0,901.0
2023-04-06,F9,SEA,DEN,1515,1515,-1.0,13,2030,2030,-8.0,0,0,315.0,296.0,2304.0
2023-09-15,AA,EWR,SFO,1800,1800,8.0,11,2159,2159,,0,0,239.0,224.0,1496.0
2023-12-14,WN,PHX,ATL,840,840,8.0,23,1328,1328,0.0,0,0,288.0,254.0,1962.0
2023-11-01,WN,JFK,IAH,800,800,23.0,20,1404,1404,6.0,0,0,364.0,335.0,2539.0
2023-07-14,DL,ORD,DFW,705,705,-5.0,20,1044,1044,4.0,0,0,219.0,188.0,1315.0
2023-12-28,AA,MCO,PHX,2205,2205,-11.0,13,234,234,-9.0,0,0,269.0,251.0,1766.0
2023-11-26,WN,IAH,JFK,2050,2050,10.0,18,3,3,7.0,0,0,193.0,167.0,1243.0
2023-01-02,DL,ATL,DFW,1915,1915,28.0,20,2334,2334,17.0,0,0,259.0,233.0,1740.0
2023-01-14,NK,ATL,ORD,710,710,-6.0,13,1312,1312,7.0,0,0,362.0,344.0,2702.0
2023-05-10,DL,JFK,DEN,1450,1450,71.0,33,1849,1849,87.0,0,0,239.0,196.0,1473.0
2023-04-06,F9,ATL,LAX,2105,2105,-18.0,17,43,43,-8.0,0,0,218.0,194.0,1518.0
2023-05-16,AA,CLT,EWR,2115,2115,-22.0,13,111,111,-13.0,0,0,236.0,218.0,1431.0
2023-12-20,B6,LAS,SEA,530,530,-13.0,30,725,725,10.0,0,0,115.0,80.0,632.0
2023-05-01,AA,CLT,PHX,1315,1315,-5.0,22,1636,1636,,0,0,201.0,168.0,1450.0
2023-02-09,WN,LAS,LAX,1255,1255,-6.0,34,1510,1510,3.0,0,0,135.0,93.0,796.0
2023-05-06,AA,LAX,PHX,1815,1815,21.0,23,2102,2102,16.0,0,0,167.0,137.0,1003.0
2023-03-16,DL,PHX,SEA,1200,1200,-0.0,21,1453,1453,3.0,0,0,173.0,144.0,1068.0
2023-04-26,WN,PHX,ATL,735,735,7.0,25,1328,1328,-1.0,0,0,353.0,323.0,2516.0
2023-07-19,AA,LAS,CLT,625,625,-10.0,13,936,936,-13.0,0,0,191.0,168.0,1116.0
2023-02-24,AA,MCO,CLT,655,655,-0.0,10,805,805,0.0,0,0,70.0,49.0,233.0
2023-04-23,UA,LAX,MCO,1400,1400,-30.0,32,1722,1722,-10.0,0,0,202.0,159.0,1246.0
2023-04-21,UA,MCO,MIA,1145,1145,-14.0,15,1527,1527,-11.0,0,0,222.0,196.0,1473.0
2023-09-27,NK,DFW,SFO,1920,1920,150.0,20,2051,2051,153.0,0,0,91.0,60.0,404.0
2023-11-22,AA,ORD,MIA,940,940,-17.0,16,1306,1306,-9.0,0,0,206.0,184.0,1300.0
2023-10-22,B6,LAX,ORD,1700,1700,-9.0,28,1850,1850,6.0,0,0,110.0,71.0,559.0
2023-01-15,DL,MCO,DEN,1945,1945,-4.0,13,2216,2216,-11.0,0,0,151.0,127.0,930.0
2023-01-15,F9,LAX,EWR,1700,1700,12.0,22,2005,2005,5.0,0,0,185.0,158.0,1235.0
2023-03-09,UA,ATL,LAS,1535,1535,34.0,16,2016,2016,19.0,0,0,281.0,261.0,1976.0
2023-05-22,UA,PHX,DEN,1035,1035,0.0,34,1217,1217,8.0,0,0,102.0,59.0,537.0
2023-03-19,WN,ATL,JFK,1945,1945,1.0,16,211,211,8.0,0,0,386.0,366.0,2725.0
2023-09-29,WN,LAX,LAS,850,850,-18.0,34,1333,1333,-8.0,0,0,283.0,243.0,1943.0
2023-11-08,F9,MCO,CLT,1715,1715,-0.0,31,2316,2316,2.0,0,0,361.0,323.0,2517.0
2023-02-06,AS,LAX,LAS,1610,1610,6.0,28,2114,2114,5.0,0,0,304.0,268.0,2122.0
2023-04-16,NK,ATL,SFO,820,820,3.0,14,1343,1343,3.0,0,0,323.0,302.0,2218.0
2023-08-31,B6,ATL,EWR,1805,1805,18.0,34,2009,2009,7.0,0,0,124.0,82.0,680.0
2023-03-16,WN,LAX,MIA,1650,1650,-12.0,28,1945,1945,-10.0,0,0,175.0,140.0,1071.0
2023-04-21,DL,MIA,ATL,1935,1935,-1.0,30,149,149,13.0,0,0,374.0,333.0,2649.0
2023-07-24,NK,SEA,MIA,1830,1830,-1.0,21,2249,2249,13.0,0,0,259.0,230.0,1884.0
2023-11-08,NK,MCO,EWR,1425,1425,11.0,21,1944,1944,-2.0,0,0,319.0,291.0,2379.0
2023-06-22,DL,LAS,SEA,1000,1000,-9.0,18,1443,1443,3.0,0,0,283.0,255.0,1955.0
2023-04-17,B6,ORD,PHX,940,940,254.0,11,1602,1602,257.0,0,0,382.0,367.0,2723.0
2023-08-13,AA,ORD,ATL,1550,1550,14.0,18,1921,1921,13.0,0,0,211.0,188.0,1500.0
2023-12-25,B6,ATL,SEA,1730,1730,-5.0,13,1944,1944,-5.0,0,0,134.0,110.0,810.0
2023-09-17,AA,LAX,DEN,2225,2225,246.0,34,43,43,243.0,0,0,138.0,98.0,713.0
2023-09-18,UA,MIA,ATL,1205,1205,11.0,10,1400,1400,6.0,0,0,115.0,94.0,559.0
2023-06-21,WN,CLT,PHX,1910,1910,22.0,18,2253,2253,21.0,0,0,223.0,196.0,1504.0
2023-06-25,AA,DEN,DFW,1705,1705,28.0,27,2140,2140,27.0,0,0,275.0,241.0,1881.0
2023-11-10,B6,PHX,MCO,1845,1845,11.0,25,2254,2254,9.0,0,0,249.0,218.0,1653.0
2023-01-06,WN,ATL,MCO,1915,1915,74.0,9,2206,2206,74.0,0,0,171.0,151.0,1010.0
2023-10-12,NK,LAX,EWR,1655,1655,125.0,33,2056,2056,135.0,0,0,241.0,201.0,1611.0
2023-04-08,AA,DFW,IAH,2105,2105,26.0,23,2258,2258,26.0,0,0,113.0,82.0,634.0
2023-09-23,F9,SFO,MCO,2155,2155,13.0,10,201,201,11.0,0,0,246.0,232.0,1725.0
2023-09-24,UA,SEA,EWR,2015,2015,-7.0,25,2350,2350,-4.0,0,0,215.0,180.0,1428.0
2023-04-14,DL,EWR,SEA,620,620,1.0,14,914,914,-6.0,0,0,174.0,151.0,1192.0
2023-05-19,DL,JFK,DFW,1710,1710,8.0,18,1845,1845,-1.0,0,0,95.0,66.0,366.0
2023-03-10,AA,MCO,DFW,1905,1905,8.0,29,2011,2011,2.0,0,0,66.0,32.0,332.0
2023-12-09,AS,JFK,MIA,1830,1830,131.0,10,23,23,137.0,0,0,353.0,333.0,2538.0
2023-09-21,NK,LAS,IAH,1315,1315,84.0,30,1554,1554,79.0,0,0,159.0,118.0,959.0
2023-03-06,DL,LAS,MCO,2010,2010,11.0,14,134,134,10.0,0,0,324.0,302.0,2163.0
2023-12-23,AA,DFW,LAX,555,555,21.0,17,1025,1025,31.0,0,0,270.0,244.0,1899.0
2023-06-14,B6,MCO,PHX,2220,2220,259.0,12,331,331,269.0,0,0,311.0,293.0,2267.0
2023-06-02,AA,SFO,DFW,2050,2050,-3.0,9,52,52,2.0,0,0,242.0,228.0,1736.0
2023-10-13,WN,JFK,IAH,1645,1645,-9.0,22,2207,2207,0.0,0,0,322.0,295.0,2417.0
2023-11-05,UA,LAX,MCO,1730,1730,12.0,20,2211,2211,-6.0,0,0,281.0,255.0,2037.0
2023-03-11,DL,CLT,ORD,725,725,-11.0,19,1124,1124,,0,0,239.0,210.0,1674.0
2023-11-07,AS,MIA,PHX,530,530,-40.0,10,901,901,-22.0,0,0,211.0,197.0,1349.0
2023-11-29,DL,EWR,CLT,1200,1200,3.0,21,1456,1456,-2.0,0,0,176.0,146.0,1116.0
2023-12-26,F9,ATL,DEN,505,505,10.0,13,1118,1118,13.0,0,0,373.0,352.0,2704.0
2023-12-05,AA,CLT,PHX,1515,1515,16.0,8,1740,1740,12.0,0,0,145.0,133.0,805.0
2023-08-08,F9,LAX,SEA,655,655,-14.0,20,1100,1100,-15.0,0,0,245.0,214.0,1598.0
2023-06-20,DL,ATL,DFW,2040,2040,18.0,34,122,122,14.0,0,0,282.0,242.0,1883.0
2023-01-09,WN,LAX,ATL,850,850,-3.0,16,1200,1200,-8.0,0,0,190.0,164.0,1226.0
2023-10-01,DL,IAH,MIA,1605,1605,3.0,21,1851,1851,-1.0,0,0,166.0,141.0,1001.0
2023-10-27,B6,LAX,MIA,1725,1725,10.0,13,1914,1914,12.0,0,0,109.0,91.0,611.0
2023-08-13,B6,LAX,MCO,845,845,12.0,18,1430,1430,,0,0,345.0,316.0,2440.0
2023-09-22,WN,MIA,DFW,1235,1235,-10.0,24,1834,1834,-7.0,0,0,359.0,330.0,2549.0
2023-08-27,WN,JFK,IAH,2015,2015,-1.0,32,2346,2346,8.0,0,0,211.0,172.0,1432.0
2023-07-20,DL,JFK,ATL,945,945,8.0,31,1453,1453,6.0,0,0,308.0,273.0,2044.0
2023-08-08,B6,EWR,CLT,2205,2205,-5.0,11,2325,2325,-5.0,0,0,80.0,59.0,293.0
2023-02-28,DL,MIA,ATL,505,505,-5.0,23,817,817,-5.0,0,0,192.0,164.0,1298.0
2023-08-23,UA,SFO,DFW,2000,2000,-18.0,28,112,112,-7.0,0,0,312.0,276.0,2130.0
2023-01-30,F9,MIA,JFK,1520,1520,5.0,14,1915,1915,12.0,0,0,235.0,211.0,1567.0
2023-11-25,UA,SEA,LAS,750,750,5.0,17,1204,1204,8.0,0,0,254.0,228.0,1620.0
2023-09-23,WN,MCO,MIA,610,610,-1.0,34,736,736,6.0,0,0,86.0,46.0,238.0
2023-07-21,WN,DEN,DFW,1205,1205,19.0,24,1711,1711,32.0,0,0,306.0,275.0,2070.0
2023-07-04,UA,ATL,SEA,2210,2210,-12.0,31,435,435,0.0,0,0,385.0,343.0,2727.0
2023-01-28,F9,PHX,MCO,935,935,18.0,12,1141,1141,13.0,0,0,126.0,105.0,705.0
2023-12-16,AA,DEN,MIA,1255,1255,10.0,29,1605,1605,6.0,0,0,190.0,151.0,1225.0
2023-12-15,B6,JFK,SFO,1030,1030,10.0,28,1307,1307,9.0,0,0,157.0,125.0,945.0
2023-05-25,DL,MCO,EWR,2040,2040,5.0,23,43,43,6.0,0,0,243.0,213.0,1642.0
2023-08-24,WN,PHX,LAX,1005,1005,86.0,21,1621,1621,103.0,0,0,376.0,351.0,2757.0
2023-02-01,B6,ATL,IAH,705,705,-6.0,24,941,941,-5.0,0,0,156.0,126.0,928.0
2023-02-16,DL,EWR,MCO,1950,1950,16.0,17,127,127,,0,0,337.0,310.0,2410.0
2023-10-18,AA,EWR,LAS,1410,1410,13.0,31,1603,1603,20.0,0,0,113.0,73.0,551.0
2023-07-17,AA,IAH,LAS,810,810,-8.0,27,1118,1118,-0.0,0,0,188.0,152.0,1217.0
2023-02-16,UA,EWR,LAX,1805,1805,16.0,28,2006,2006,10.0,0,0,121.0,89.0,567.0
2023-01-05,F9,JFK,LAS,535,535,2.0,15,1114,1114,3.0,0,0,339.0,318.0,2318.0
2023-12-20,UA,ATL,SEA,555,555,8.0,24,957,957,12.0,0,0,242.0,210.0,1505.0
2023-03-28,B6,PHX,EWR,1250,1250,-15.0,11,1352,1352,-13.0,0,0,62.0,44.0,150.0
2023-07-02,WN,DEN,MIA,1610,1610,32.0,19,1827,1827,18.0,0,0,137.0,107.0,738.0
2023-11-10,UA,EWR,LAS,1840,1840,232.0,19,2237,2237,250.0,0,0,237.0,207.0,1671.0
2023-11-20,AA,LAS,EWR,835,835,-7.0,16,1349,1349,6.0,0,0,314.0,288.0,2114.0
2023-11-21,WN,EWR,MCO,1720,1720,-3.0,8,2126,2126,5.0,0,0,246.0,227.0,1652.0
2023-12-18,B6,EWR,SFO,1130,1130,34.0,25,1326,1326,38.0,0,0,116.0,80.0,701.0
2023-08-13,AA,PHX,SEA,2005,2005,-23.0,14,2336,2336,-14.0,0,0,211.0,188.0,1205.0
2023-10-27,AA,LAS,EWR,1615,1615,-18.0,21,2041,2041,-24.0,0,0,266.0,239.0,1737.0
2023-11-03,UA,CLT,IAH,1945,1945,3.0,33,2115,2115,7.0,0,0,90.0,49.0,344.0
2023-11-11,AA,MIA,ATL,2245,2245,10.0,24,210,210,9.0,0,0,205.0,173.0,1392.0
2023-01-22,DL,ATL,JFK,815,815,-12.0,10,1150,1150,-5.0,0,0,215.0,201.0,1481.0
2023-12-03,DL,ORD,SEA,905,905,-1.0,21,1349,1349,-1.0,0,0,284.0,255.0,1994.0
2023-06-24,NK,PHX,EWR,1805,1805,15.0,28,2031,2031,18.0,0,0,146.0,109.0,674.0
2023-11-26,UA,ATL,SFO,2225,2225,54.0,32,418,418,43.0,0,0,353.0,313.0,2742.0
2023-04-05,UA,ORD,DEN,1315,1315,6.0,17,1634,1634,12.0,0,0,199.0,177.0,1274.0
2023-03-01,WN,SEA,MIA,1810,1810,-11.0,19,1944,1944,-4.0,0,0,94.0,71.0,381.0
2023-02-13,AS,DFW,IAH,635,635,-16.0,18,1210,1210,-9.0,0,0,335.0,310.0,2395.0
2023-07-10,AS,IAH,DFW,1015,1015,-7.0,13,1420,1420,9.0,0,0,245.0,226.0,1652.0
2023-12-03,AA,ATL,DFW,2245,2245,7.0,18,50,50,8.0,0,0,125.0,96.0,724.0
2023-08-17,AA,LAS,SEA,1105,1105,-6.0,13,1406,1406,-10.0,0,0,181.0,159.0,1302.0
2023-12-30,WN,IAH,PHX,2125,2125,2.0,29,315,315,1.0,0,0,350.0,315.0,2447.0
2023-03-15,AA,JFK,IAH,1010,1010,8.0,27,1314,1314,20.0,0,0,184.0,148.0,1188.0
2023-01-27,WN,SEA,EWR,520,520,10.0,33,1035,1035,-5.0,0,0,315.0,271.0,2121.0
2023-01-14,F9,CLT,DFW,1205,1205,15.0,18,1614,1614,11.0,0,0,249.0,220.0,1866.0
2023-02-23,B6,LAS,ORD,630,630,-9.0,32,1116,1116,-3.0,0,0,286.0,250.0,1849.0
2023-02-16,DL,MCO,DEN,510,510,-22.0,12,941,941,-15.0,0,0,271.0,248.0,1840.0
2023-09-10,AA,SEA,ORD,1925,1925,12.0,33,3,3,13.0,0,0,278.0,237.0,1915.0
2023-09-23,NK,ORD,DFW,1715,1715,12.0,23,2158,2158,13.0,0,0,283.0,255.0,1950.0
2023-10-06,F9,DEN,LAX,1345,1345,6.0,9,1805,1805,-4.0,0,0,260.0,241.0,1832.0
2023-08-23,B6,DEN,JFK,1120,1120,10.0,25,1243,1243,6.0,0,0,83.0,54.0,373.0
2023-10-12,F9,LAS,SFO,1015,1015,-24.0,30,1543,1543,-11.0,0,0,328.0,289.0,2297.0
2023-10-04,DL,DEN,MIA,1500,1500,-6.0,24,2116,2116,2.0,0,0,376.0,342.0,2584.0
2023-04-20,DL,ORD,MCO,1200,1200,-7.0,9,1759,1759,-2.0,0,0,359.0,340.0,2398.0
2023-05-19,AA,LAS,JFK,2240,2240,6.0,21,313,313,17.0,0,0,273.0,241.0,1796.0
2023-08-07,DL,SEA,MIA,1200,1200,8.0,12,1502,1502,8.0,0,0,182.0,165.0,1042.0
2023-09-05,AA,SFO,DFW,750,750,8.0,27,1025,1025,5.0,0,0,155.0,124.0,739.0
2023-06-05,AA,DFW,DEN,1515,1515,19.0,14,1729,1729,15.0,0,0,134.0,111.0,591.0
2023-09-24,AA,IAH,CLT,550,550,0.0,20,1015,1015,-3.0,0,0,265.0,237.0,1754.0
2023-11-06,WN,DFW,MCO,1930,1930,188.0,24,2044,2044,196.0,0,0,74.0,46.0,220.0
2023-10-02,AA,DFW,SEA,600,600,55.0,22,923,923,,0,0,203.0,175.0,1136.0
2023-04-02,WN,PHX,ATL,1350,1350,-10.0,30,2008,2008,-20.0,0,0,378.0,341.0,2724.0
2023-02-16,DL,MCO,ORD,2025,2025,11.0,24,156,156,16.0,0,0,331.0,298.0,2232.0
2023-05-12,F9,JFK,SFO,1820,1820,4.0,22,2331,2331,17.0,0,0,311.0,281.0,2057.0
2023-09-13,B6,PHX,DFW,2120,2120,1.0,26,204,204,3.0,0,0,284.0,247.0,1875.0
2023-06-07,AS,DEN,LAS,1620,1620,487.0,19,1813,1813,500.0,0,0,113.0,86.0,548.0
2023-01-21,WN,DEN,ATL,1955,1955,15.0,20,2210,2210,7.0,0,0,135.0,111.0,749.0
2023-07-31,AA,ATL,DEN,1335,1335,-13.0,27,1943,1943,-16.0,0,0,368.0,337.0,2604.0
2023-12-08,WN,JFK,MCO,2155,2155,8.0,25,151,151,17.0,0,0,236.0,200.0,1639.0
2023-03-29,AA,SEA,LAS,515,515,3.0,8,808,808,2.0,0,0,173.0,157.0,1016.0
2023-07-28,NK,MCO,MIA,1620,1620,29.0,17,2102,2102,20.0,0,0,282.0,257.0,1967.0
2023-03-17,NK,LAS,SFO,1450,1450,5.0,22,1714,1714,4.0,0,0,144.0,116.0,735.0
2023-10-22,B6,SFO,CLT,1345,1345,-1.0,21,1859,1859,-7.0,0,0,314.0,283.0,2293.0
2023-12-24,AA,IAH,PHX,930,930,-10.0,22,1226,1226,-4.0,0,0,176.0,145.0,1054.0
2023-08-30,UA,PHX,LAX,1325,1325,6.0,26,1706,1706,-1.0,0,0,221.0,190.0,1340.0
2023-05-06,DL,IAH,SEA,915,915,-44.0,21,1102,1102,-32.0,0,0,107.0,76.0,520.0
2023-05-05,AA,MIA,LAX,1140,1140,-18.0,14,1730,1730,-7.0,0,0,350.0,331.0,2464.0
2023-08-18,DL,LAX,IAH,905,905,-0.0,9,1032,1032,-3.0,0,0,87.0,72.0,481.0
2023-04-23,B6,MIA,SFO,1415,1415,12.0,33,1524,1524,14.0,0,0,69.0,29.0,304.0
2023-06-09,WN,MIA,ATL,1550,1550,-7.0,8,1843,1843,3.0,0,0,173.0,160.0,887.0
2023-10-25,DL,JFK,ORD,1750,1750,-5.0,21,2015,2015,-5.0,0,0,145.0,120.0,891.0
2023-12-12,F9,ATL,IAH,1850,1850,130.0,21,2333,2333,128.0,0,0,283.0,254.0,1970.0
2023-03-15,DL,CLT,DFW,2240,2240,-1.0,14,115,115,5.0,0,0,155.0,137.0,752.0
2023-06-01,UA,DFW,CLT,1255,1255,-3.0,33,1823,1823,-3.0,0,0,328.0,290.0,2143.0
2023-11-02,B6,EWR,LAS,1325,1325,8.0,15,1912,1912,19.0,0,0,347.0,327.0,2285.0
2023-02-21,B6,SEA,LAX,910,910,-7.0,27,1216,1216,-10.0,0,0,186.0,150.0,1249.0
2023-02-19,F9,ATL,EWR,1840,1840,-3.0,11,2254,2254,9.0,0,0,254.0,237.0,1845.0
2023-03-14,B6,SEA,ORD,630,630,12.0,14,827,827,3.0,0,0,117.0,98.0,644.0
2023-01-02,DL,ORD,PHX,800,800,37.0,18,924,924,50.0,0,0,84.0,56.0,471.0
2023-06-17,DL,DFW,ORD,1220,1220,73.0,27,1843,1843,75.0,0,0,383.0,351.0,2637.0
2023-10-10,AA,ATL,CLT,945,945,-27.0,15,1240,1240,-18.0,0,0,175.0,152.0,919.0
2023-11-01,AS,ATL,SEA,2025,2025,-15.0,21,202,202,-4.0,0,0,337.0,308.0,2412.0
2023-08-19,DL,DEN,MCO,1250,1250,-4.0,27,1901,1901,-2.0,0,0,371.0,337.0,2709.0
2023-06-14,AA,EWR,JFK,520,520,-1.0,19,1023,1023,-8.0,0,0,303.0,276.0,2146.0
2023-10-10,UA,PHX,CLT,1510,1510,-31.0,8,2054,2054,-22.0,0,0,344.0,325.0,2437.0
2023-08-28,AS,MCO,ORD,1535,1535,-3.0,24,1742,1742,3.0,0,0,127.0,95.0,785.0
2023-02-26,DL,MCO,LAS,755,755,12.0,34,1051,1051,12.0,0,0,176.0,131.0,1099.0
2023-04-06,UA,JFK,DEN,1800,1800,9.0,16,2039,2039,7.0,0,0,159.0,138.0,844.0
2023-04-08,F9,DEN,MIA,2210,2210,122.0,16,2357,2357,131.0,0,0,107.0,81.0,646.0
2023-03-21,AS,EWR,MCO,1525,1525,13.0,13,1938,1938,-0.0,0,0,253.0,234.0,1722.0
2023-04-05,AA,MCO,DFW,600,600,-5.0,19,1039,1039,-8.0,0,0,279.0,253.0,1933.0
2023-06-24,DL,LAX,ATL,1735,1735,-4.0,21,2317,2317,-4.0,0,0,342.0,315.0,2432.0
2023-01-10,AS,PHX,LAS,2235,2235,-1.0,18,346,346,2.0,0,0,311.0,288.0,2146.0
2023-09-25,UA,DEN,ATL,1250,1250,-2.0,16,1758,1758,,0,0,308.0,286.0,2110.0
2023-03-25,UA,IAH,EWR,1415,1415,-4.0,23,1609,1609,-6.0,0,0,114.0,85.0,578.0
2023-09-07,B6,LAS,ATL,2205,2205,-3.0,19,336,336,-6.0,0,0,331.0,302.0,2354.0
2023-09-13,AS,MCO,DFW,1920,1920,13.0,13,2256,2256,13.0,0,0,216.0,198.0,1489.0
2023-03-05,DL,EWR,DEN,800,800,-4.0,9,1033,1033,6.0,0,0,153.0,138.0,871.0
2023-03-13,WN,DFW,LAX,740,740,-26.0,26,1046,1046,-21.0,0,0,186.0,156.0,1218.0
2023-11-11,DL,MCO,LAS,1000,1000,-15.0,8,1331,1331,-5.0,0,0,211.0,196.0,1476.0
2023-09-08,UA,ORD,LAS,730,730,12.0,10,926,926,8.0,0,0,116.0,102.0,717.0
2023-10-28,F9,MIA,PHX,1035,1035,-37.0,25,1353,1353,-27.0,0,0,198.0,166.0,1336.0
2023-05-14,WN,SEA,JFK,1930,1930,-3.0,25,141,141,-2.0,0,0,371.0,341.0,2540.0
2023-07-30,F9,LAX,DFW,1620,1620,-7.0,29,2034,2034,-2.0,0,0,254.0,214.0,1843.0
2023-09-04,AS,PHX,IAH,1950,1950,-3.0,21,2237,2237,-6.0,0,0,167.0,138.0,934.0
2023-10-17,B6,SFO,DFW,1625,1625,-20.0,30,1859,1859,-2.0,0,0,154.0,114.0,948.0
2023-06-28,AA,PHX,EWR,635,635,7.0,9,748,748,4.0,0,0,73.0,55.0,253.0
2023-04-04,DL,CLT,SFO,1835,1835,-9.0,24,2300,2300,-3.0,0,0,265.0,237.0,
2023-02-01,AA,EWR,MIA,1235,1235,-15.0,27,1843,1843,-10.0,0,0,368.0,335.0,2654.0
2023-12-06,AS,MCO,PHX,1550,1550,9.0,10,2153,2153,14.0,0,0,363.0,348.0,2480.0
2023-02-14,DL,LAX,MCO,1520,1520,12.0,11,2028,2028,12.0,0,0,308.0,287.0,2237.0
2023-05-04,NK,ORD,MIA,715,715,5.0,24,1303,1303,-3.0,0,0,348.0,318.0,2495.0
2023-11-17,B6,LAX,ORD,540,540,-17.0,22,811,811,-1.0,0,0,151.0,119.0,704.0
2023-03-11,WN,MCO,MIA,810,810,11.0,25,1058,1058,24.0,0,0,168.0,137.0,1132.0
2023-08-27,UA,SFO,IAH,535,535,-9.0,30,1100,1100,-1.0,0,0,325.0,284.0,2371.0
2023-08-07,AA,SEA,CLT,2215,2215,-4.0,26,352,352,-3.0,0,0,337.0,305.0,2395.0
2023-10-07,WN,MCO,PHX,1035,1035,-5.0,30,1350,1350,-2.0,0,0,195.0,160.0,1133.0
2023-02-28,WN,MCO,ATL,1230,1230,5.0,34,1337,1337,5.0,0,0,67.0,29.0,279.0
2023-08-01,AS,PHX,SEA,1430,1430,-25.0,23,1943,1943,-19.0,0,0,313.0,285.0,2150.0
2023-10-09,AS,IAH,MIA,1625,1625,-8.0,13,2017,2017,2.0,0,0,232.0,208.0,1637.0
2023-12-28,B6,SEA,IAH,935,935,-2.0,32,1521,1521,6.0,0,0,346.0,310.0,2541.0
2023-01-27,WN,LAX,PHX,1650,1650,19.0,23,1840,1840,11.0,0,0,110.0,78.0,623.0
2023-01-22,DL,CLT,JFK,920,920,-8.0,14,1341,1341,5.0,0,0,261.0,236.0,1639.0
2023-07-17,AA,IAH,LAS,810,810,-8.0,27,1118,1118,-0.0,0,0,188.0,152.0,1217.0
2023-06-10,NK,IAH,CLT,1415,1415,4.0,19,1923,1923,-4.0,0,0,308.0,278.0,
2023-01-31,UA,EWR,ATL,1635,1635,2.0,22,1858,1858,22.0,0,0,143.0,115.0,837.0
2023-08-07,F9,MIA,SFO,1825,1825,8.0,15,2133,2133,16.0,0,0,188.0,166.0,1204.0
2023-08-10,WN,CLT,DFW,840,840,12.0,30,953,953,2.0,0,0,73.0,39.0,339.0
2023-11-26,AS,ORD,JFK,1925,1925,-8.0,33,105,105,-5.0,0,0,340.0,300.0,2435.0
2023-02-01,B6,EWR,DFW,2135,2135,-4.0,16,221,221,-3.0,0,0,286.0,265.0,1856.0
2023-10-18,WN,MCO,DEN,1950,1950,-14.0,34,2129,2129,-7.0,0,0,99.0,57.0,308.0
2023-03-22,AA,ORD,LAS,1555,1555,-13.0,32,2145,2145,-3.0,0,0,350.0,312.0,2645.0
2023-12-24,AA,ORD,LAX,625,625,8.0,25,1254,1254,11.0,0,0,389.0,359.0,2743.0
2023-03-24,UA,MCO,DFW,1005,1005,6.0,10,1230,1230,-1.0,0,0,145.0,128.0,762.0
2023-06-30,DL,IAH,ORD,1045,1045,4.0,21,1212,1212,7.0,0,0,87.0,62.0,349.0
2023-05-15,DL,MCO,MIA,1115,1115,-10.0,23,1416,1416,-8.0,0,0,181.0,152.0,1050.0
2023-10-01,DL,SFO,IAH,1520,1520,-3.0,11,1724,1724,10.0,0,0,124.0,106.0,689.0
2023-09-30,NK,IAH,DEN,1900,1900,10.0,17,16,16,9.0,0,0,316.0,290.0,2212.0
2023-05-26,DL,IAH,MIA,1205,1205,-9.0,16,1622,1622,-2.0,0,0,257.0,232.0,1813.0
2023-05-14,B6,CLT,DEN,1550,1550,87.0,13,1645,1645,91.0,0,0,55.0,38.0,158.0
2023-08-13,WN,IAH,SEA,1650,1650,-4.0,15,1819,1819,3.0,0,0,89.0,66.0,401.0
2023-04-21,NK,LAS,ORD,1150,1150,-15.0,25,1633,1633,-28.0,0,0,283.0,251.0,2012.0
2023-05-31,UA,MIA,SFO,1845,1845,3.0,9,2013,2013,-5.0,0,0,88.0,71.0,366.0
2023-04-18,NK,LAS,SEA,1200,1200,12.0,26,1603,1603,9.0,0,0,243.0,208.0,1554.0
2023-10-11,UA,LAS,ORD,1920,1920,-33.0,20,2337,2337,-16.0,0,0,257.0,233.0,1720.0
2023-06-30,B6,ATL,DEN,1530,1530,18.0,28,2043,2043,14.0,0,0,313.0,279.0,2031.0
2023-07-13,AA,SEA,DFW,905,905,88.0,9,1432,1432,94.0,0,0,327.0,314.0,2379.0
2023-02-10,B6,DFW,EWR,2205,2205,13.0,31,2327,2327,21.0,0,0,82.0,42.0,156.0
2023-12-02,F9,MCO,ORD,1820,1820,12.0,26,2205,2205,4.0,0,0,225.0,194.0,1471.0
2023-03-16,DL,LAX,SFO,510,510,10.0,10,755,755,9.0,0,0,165.0,151.0,1045.0
2023-07-25,NK,SFO,EWR,840,840,9.0,25,1156,1156,-3.0,0,0,196.0,161.0,1275.0
2023-08-27,DL,LAX,ORD,1330,1330,84.0,11,1807,1807,95.0,0,0,277.0,255.0,1964.0
2023-09-10,WN,DEN,CLT,1950,1950,4.0,34,2338,2338,4.0,0,0,228.0,189.0,1503.0
2023-06-22,DL,JFK,DFW,1705,1705,17.0,10,1851,1851,3.0,0,0,106.0,85.0,571.0
2023-02-02,NK,MIA,LAX,1720,1720,-3.0,23,2011,2011,3.0,0,0,171.0,141.0,1027.0
2023-12-08,DL,LAX,EWR,510,510,-6.0,21,848,848,-9.0,0,0,218.0,192.0,1450.0
2023-04-02,DL,DFW,MIA,1445,1445,-4.0,9,2123,2123,-14.0,0,0,398.0,384.0,2732.0
2023-12-08,NK,SEA,LAX,1715,1715,1.0,29,1914,1914,3.0,0,0,119.0,81.0,751.0
2023-09-25,AA,ATL,MIA,750,750,56.0,32,1113,1113,60.0,0,0,203.0,161.0,1303.0
2023-06-05,UA,LAX,ATL,1100,1100,16.0,26,1424,1424,23.0,0,0,204.0,168.0,1343.0
2023-02-15,WN,CLT,LAS,1640,1640,-11.0,33,2127,2127,-11.0,0,0,287.0,244.0,2126.0
2023-07-05,AA,IAH,DFW,820,820,-19.0,29,959,959,-1.0,0,0,99.0,66.0,480.0
2023-03-14,NK,LAX,ORD,1935,1935,-5.0,34,2202,2202,2.0,0,0,147.0,106.0,868.0
2023-01-21,UA,EWR,ORD,2255,2255,-7.0,27,218,218,3.0,0,0,203.0,165.0,1361.0
2023-09-20,WN,MIA,PHX,1700,1700,396.0,21,2110,2110,403.0,0,0,250.0,223.0,1671.0
2023-09-07,WN,JFK,LAX,930,930,-2.0,27,1100,1100,7.0,0,0,90.0,59.0,437.0
2023-02-20,DL,CLT,SFO,850,850,-27.0,10,1125,1125,-15.0,0,0,155.0,135.0,843.0
2023-12-22,AS,ATL,LAX,1435,1435,-8.0,17,1554,1554,-0.0,0,0,79.0,53.0,357.0
2023-05-16,F9,SEA,MIA,1755,1755,8.0,11,2213,2213,21.0,0,0,258.0,236.0,1674.0
2023-01-26,NK,MCO,SEA,720,720,10.0,11,1020,1020,18.0,0,0,180.0,161.0,1012.0
2023-01-28,NK,PHX,CLT,2040,2040,-12.0,15,3,3,4.0,0,0,203.0,179.0,1311.0
2023-09-27,F9,MCO,DFW,840,840,-18.0,11,1251,1251,-0.0,0,0,251.0,230.0,1688.0
2023-05-04,AS,MCO,ORD,2100,2100,-4.0,22,2149,2149,-9.0,0,0,49.0,18.0,155.0
2023-12-04,AA,MCO,EWR,2245,2245,3.0,31,411,411,-1.0,0,0,326.0,289.0,2366.0
2023-10-31,B6,ORD,SFO,1555,1555,-3.0,9,2200,2200,16.0,0,0,365.0,345.0,2555.0
2023-03-15,AA,JFK,LAX,930,930,8.0,14,1153,1153,5.0,0,0,143.0,121.0,828.0
2023-12-09,UA,SFO,IAH,1210,1210,6.0,13,1426,1426,4.0,0,0,136.0,115.0,719.0
2023-10-07,NK,DFW,SFO,2250,2250,5.0,24,207,207,6.0,0,0,197.0,169.0,1185.0
2023-01-25,WN,DFW,ATL,845,845,-8.0,12,1257,1257,-5.0,0,0,252.0,236.0,1765.0
2023-06-02,B6,CLT,SFO,1740,1740,-14.0,9,2110,2110,-1.0,0,0,210.0,192.0,1401.0
2023-11-17,WN,LAX,MCO,540,540,-5.0,29,748,748,2.0,0,0,128.0,88.0,668.0
2023-09-06,DL,EWR,ORD,1335,1335,32.0,26,1901,1901,34.0,0,0,326.0,294.0,2273.0
2023-01-16,B6,DEN,EWR,1455,1455,1.0,15,2039,2039,,0,0,344.0,322.0,2470.0
2023-01-06,DL,DEN,JFK,1405,1405,-2.0,28,1516,1516,1.0,0,0,71.0,37.0,160.0
2023-04-10,NK,SFO,CLT,2035,2035,13.0,27,2150,2150,20.0,0,0,75.0,39.0,232.0
2023-09-08,DL,SFO,IAH,700,700,-22.0,28,1040,1040,-7.0,0,0,220.0,182.0,1448.0
2023-07-15,WN,JFK,MCO,645,645,-14.0,19,1023,1023,-3.0,0,0,218.0,194.0,1279.0
2023-04-19,F9,SEA,EWR,1610,1610,-17.0,12,1914,1914,-9.0,0,0,184.0,168.0,1148.0
2023-02-22,AS,DEN,DFW,1715,1715,3.0,26,2031,2031,3.0,0,0,196.0,162.0,1271.0
2023-11-29,WN,LAX,MCO,1855,1855,-20.0,16,1958,1958,-18.0,0,0,63.0,36.0,251.0
2023-12-27,UA,LAX,LAS,725,725,-6.0,27,911,911,-4.0,0,0,106.0,71.0,507.0
2023-05-01,WN,LAX,MIA,740,740,-4.0,27,858,858,3.0,0,0,78.0,41.0,428.0
2023-07-20,NK,EWR,ORD,730,730,12.0,15,1012,1012,4.0,0,0,162.0,140.0,1074.0
2023-12-05,AA,ORD,CLT,500,500,15.0,8,714,714,6.0,0,0,134.0,122.0,736.0
2023-03-02,AS,JFK,DEN,1335,1335,-12.0,10,1826,1826,-9.0,0,0,291.0,275.0,1918.0
2023-04-14,WN,MIA,EWR,2225,2225,10.0,26,442,442,1.0,0,0,377.0,340.0,2605.0
2023-09-02,NK,SFO,EWR,545,545,2.0,14,832,832,6.0,0,0,167.0,147.0,968.0
2023-05-25,DL,JFK,ORD,1145,1145,-30.0,28,1320,1320,-20.0,0,0,95.0,63.0,
2023-02-11,DL,ATL,ORD,1845,1845,28.0,26,2203,2203,,0,0,198.0,163.0,1301.0
2023-09-30,WN,SEA,ORD,1715,1715,-6.0,9,2030,2030,5.0,0,0,195.0,178.0,1271.0
2023-11-10,WN,IAH,SEA,1845,1845,59.0,34,41,41,56.0,0,0,356.0,315.0,2574.0
2023-07-01,F9,PHX,DEN,840,840,3.0,31,1147,1147,5.0,0,0,187.0,151.0,1150.0
2023-03-02,DL,DEN,JFK,940,940,-28.0,8,1221,1221,-23.0,0,0,161.0,147.0,1052.0
2023-12-02,AA,IAH,PHX,1155,1155,-10.0,27,1812,1812,2.0,0,0,377.0,344.0,2651.0
2023-02-02,DL,PHX,LAS,1500,1500,-3.0,21,1754,1754,12.0,0,0,174.0,145.0,1127.0
2023-09-27,AA,ATL,MIA,1410,1410,-15.0,16,1742,1742,-19.0,0,0,212.0,190.0,1467.0
2023-08-20,UA,DFW,LAX,525,525,-20.0,29,641,641,-17.0,0,0,76.0,43.0,296.0
2023-07-27,WN,PHX,DFW,810,810,-11.0,9,1033,1033,-3.0,0,0,143.0,126.0,808.0
2023-03-18,DL,ATL,LAS,1700,1700,-14.0,11,1950,1950,-10.0,0,0,170.0,149.0,1058.0
2023-01-07,UA,ORD,MIA,1240,1240,6.0,28,1538,1538,-2.0,0,0,178.0,139.0,1047.0
2023-06-24,AA,ATL,ORD,1010,1010,-14.0,22,1614,1614,-26.0,0,0,364.0,337.0,2469.0
2023-03-11,DL,DFW,LAS,1855,1855,-17.0,30,2057,2057,-9.0,0,0,122.0,86.0,676.0
2023-11-24,DL,MIA,JFK,1040,1040,-35.0,25,1240,1240,-27.0,0,0,120.0,89.0,722.0
2023-09-26,DL,MCO,JFK,740,740,-2.0,9,1105,1105,6.0,0,0,205.0,190.0,1397.0
2023-07-20,WN,MIA,DEN,1845,1845,-24.0,12,2240,2240,-11.0,0,0,235.0,215.0,1523.0
2023-07-11,UA,SFO,EWR,2130,2130,31.0,19,143,143,20.0,0,0,253.0,230.0,1589.0
2023-04-14,WN,MIA,LAX,1925,1925,-4.0,11,2039,2039,-18.0,0,0,74.0,59.0,241.0
2023-04-27,AA,PHX,SEA,1855,1855,-3.0,27,2203,2203,6.0,0,0,188.0,155.0,1358.0
2023-05-19,WN,SFO,LAS,1855,1855,21.0,18,1,1,13.0,0,0,306.0,280.0,2098.0
2023-03-05,NK,PHX,SFO,2200,2200,8.0,13,211,211,3.0,0,0,251.0,228.0,1738.0
2023-08-19,NK,CLT,LAS,1315,1315,10.0,34,1721,1721,6.0,0,0,246.0,202.0,1554.0
2023-08-25,DL,MIA,MCO,1130,1130,-17.0,30,1633,1633,-8.0,0,0,303.0,268.0,2088.0
2023-09-21,B6,LAS,EWR,2220,2220,20.0,19,1,1,16.0,0,0,101.0,78.0,567.0
2023-02-09,DL,PHX,ATL,510,510,7.0,8,638,638,-4.0,0,0,88.0,69.0,371.0
2023-08-28,UA,PHX,EWR,1230,1230,1.0,9,1423,1423,-6.0,0,0,113.0,95.0,571.0
2023-12-17,AA,ATL,SEA,1855,1855,1.0,20,2134,2134,9.0,0,0,159.0,128.0,1008.0
2023-04-18,AA,JFK,CLT,2030,2030,24.0,33,2249,2249,29.0,0,0,139.0,96.0,890.0
2023-01-30,AA,DEN,ATL,945,945,-8.0,25,1347,1347,8.0,0,0,242.0,210.0,1590.0
2023-05-13,DL,MIA,LAX,1110,1110,-1.0,13,1400,1400,-0.0,0,0,170.0,147.0,1199.0
2023-07-28,AA,MCO,JFK,1330,1330,1.0,34,1749,1749,3.0,0,0,259.0,214.0,1853.0
2023-12-17,UA,SFO,IAH,615,615,-9.0,31,1024,1024,-4.0,0,0,249.0,209.0,1621.0
2023-06-07,UA,ORD,SFO,615,615,-18.0,24,745,745,,0,0,90.0,58.0,506.0
2023-04-21,DL,MIA,ATL,1935,1935,-1.0,30,149,149,13.0,0,0,374.0,333.0,2649.0
2023-10-02,AA,EWR,ORD,1055,1055,24.0,27,1246,1246,6.0,0,0,111.0,77.0,824.0
2023-08-19,AA,MCO,DFW,2005,2005,-16.0,27,203,203,6.0,0,0,358.0,320.0,2562.0
2023-06-18,WN,MIA,PHX,1345,1345,-0.0,27,1508,1508,5.0,0,0,83.0,49.0,335.0
2023-07-03,UA,EWR,CLT,1415,1415,-22.0,25,1829,1829,-8.0,0,0,254.0,225.0,1683.0
2023-07-10,WN,PHX,EWR,1105,1105,-32.0,31,1330,1330,-16.0,0,0,145.0,104.0,816.0
2023-03-15,AS,ATL,IAH,1020,1020,3.0,20,1347,1347,2.0,0,0,207.0,177.0,1223.0
2023-12-21,UA,SFO,DEN,2145,2145,5.0,28,154,154,7.0,0,0,249.0,211.0,1797.0
2023-07-13,WN,MIA,ATL,905,905,1.0,9,1233,1233,-5.0,0,0,208.0,190.0,1381.0
2023-02-05,B6,MIA,DFW,820,820,15.0,31,1409,1409,,0,0,349.0,313.0,2355.0
2023-11-12,F9,IAH,ORD,1950,1950,20.0,33,3,3,25.0,0,0,253.0,209.0,1665.0
2023-05-06,AA,CLT,JFK,1325,1325,6.0,15,1739,1739,5.0,0,0,254.0,228.0,1804.0
2023-08-15,AS,JFK,CLT,1940,1940,5.0,13,39,39,10.0,0,0,299.0,280.0,1951.0
2023-08-05,WN,ATL,JFK,525,525,-2.0,16,644,644,15.0,0,0,79.0,59.0,
2023-11-15,F9,CLT,MCO,825,825,-20.0,15,1157,1157,-10.0,0,0,212.0,186.0,1441.0
2023-08-11,DL,LAS,EWR,1915,1915,-2.0,27,2105,2105,-3.0,0,0,110.0,72.0,
2023-10-19,DL,DFW,JFK,1200,1200,13.0,22,1558,1558,-11.0,0,0,238.0,206.0,1432.0
2023-05-31,F9,ATL,ORD,1220,1220,165.0,12,1448,1448,169.0,0,0,148.0,130.0,876.0
2023-04-20,AA,MCO,SFO,1445,1445,5.0,14,1625,1625,8.0,0,0,100.0,82.0,621.0
2023-06-23,UA,MIA,SFO,620,620,30.0,27,816,816,27.0,0,0,116.0,85.0,545.0
2023-06-29,UA,IAH,PHX,1455,1455,-10.0,23,2113,2113,4.0,0,0,378.0,347.0,2665.0
2023-12-20,DL,LAX,MIA,1035,1035,-13.0,24,1429,1429,-3.0,0,0,234.0,199.0,1583.0
2023-09-17,WN,SFO,MIA,2200,2200,15.0,34,144,144,11.0,0,0,224.0,180.0,1448.0
2023-07-21,WN,ATL,DEN,1645,1645,4.0,18,1930,1930,7.0,0,0,165.0,143.0,1028.0
2023-11-21,WN,ATL,DEN,745,745,-22.0,16,1211,1211,,0,0,266.0,241.0,1841.0
2023-08-06,DL,LAS,LAX,1230,1230,-9.0,23,1715,1715,-8.0,0,0,285.0,254.0,2034.0
2023-11-17,NK,CLT,DFW,2220,2220,-2.0,14,2324,2324,5.0,0,0,64.0,40.0,287.0
2023-04-01,UA,MCO,DFW,1045,1045,105.0,12,1546,1546,102.0,0,0,301.0,280.0,2018.0
2023-09-27,B6,CLT,SEA,1535,1535,-12.0,26,2011,2011,-16.0,0,0,276.0,246.0,1828.0
2023-12-21,NK,LAS,MIA,1030,1030,19.0,11,1317,1317,23.0,0,0,167.0,149.0,1018.0
2023-05-04,F9,JFK,IAH,915,915,-7.0,30,1259,1259,-13.0,0,0,224.0,188.0,1483.0
2023-09-05,WN,SFO,JFK,715,715,-16.0,32,933,933,-22.0,0,0,138.0,101.0,620.0
2023-01-21,UA,EWR,DFW,1810,1810,-9.0,11,2125,2125,2.0,0,0,195.0,178.0,1317.0
2023-05-02,UA,ATL,IAH,905,905,2.0,30,1021,1021,9.0,0,0,76.0,41.0,326.0
2023-07-03,AS,CLT,PHX,845,845,-20.0,21,1214,1214,-14.0,0,0,209.0,183.0,1374.0
2023-12-14,AS,LAX,MCO,1100,1100,3.0,25,1358,1358,-1.0,0,0,178.0,145.0,1132.0
2023-03-02,AS,PHX,LAX,740,740,-1.0,10,1038,1038,-0.0,0,0,178.0,162.0,1157.0
2023-08-30,F9,DFW,CLT,1450,1450,-10.0,21,1944,1944,-15.0,0,0,294.0,266.0,1804.0
2023-08-15,DL,LAS,SFO,1505,1505,7.0,18,1732,1732,5.0,0,0,147.0,123.0,921.0
2023-08-29,AA,PHX,JFK,2015,2015,6.0,28,208,208,7.0,0,0,353.0,319.0,2590.0
2023-02-21,F9,ATL,EWR,1255,1255,14.0,28,1455,1455,17.0,0,0,120.0,88.0,575.0
2023-12-31,WN,DFW,SFO,1250,1250,4.0,11,1912,1912,6.0,0,0,382.0,362.0,2739.0
2023-12-31,WN,LAS,DEN,2035,2035,-5.0,14,237,237,1.0,0,0,362.0,341.0,2613.0
2023-05-03,B6,MIA,MCO,640,640,0.0,28,1200,1200,5.0,0,0,320.0,284.0,2301.0
2023-12-18,AS,MIA,EWR,1310,1310,-25.0,22,1827,1827,-12.0,0,0,317.0,286.0,2278.0
2023-01-17,UA,SEA,EWR,850,850,17.0,34,1136,1136,8.0,0,0,166.0,127.0,991.0
2023-08-30,F9,CLT,PHX,530,530,11.0,26,1138,1138,14.0,0,0,368.0,338.0,2616.0
2023-11-17,AA,IAH,JFK,1725,1725,-7.0,25,2128,2128,1.0,0,0,243.0,210.0,1606.0
2023-07-27,NK,ORD,DEN,1600,1600,-2.0,30,2216,2216,2.0,0,0,376.0,340.0,2774.0
2023-06-13,UA,ATL,PHX,1700,1700,3.0,32,2106,2106,4.0,0,0,246.0,207.0,1820.0
2023-03-28,DL,ATL,IAH,845,845,15.0,10,1448,1448,8.0,0,0,363.0,344.0,2489.0
2023-06-21,AA,ORD,CLT,1530,1530,-0.0,31,2109,2109,11.0,0,0,339.0,302.0,2432.0
2023-01-09,B6,CLT,ATL,1220,1220,8.0,8,1545,1545,4.0,0,0,205.0,192.0,1259.0
2023-11-08,WN,JFK,SFO,2250,2250,-2.0,29,118,118,-4.0,0,0,148.0,112.0,920.0
2023-04-26,DL,SEA,SFO,730,730,-5.0,10,934,934,1.0,0,0,124.0,103.0,519.0
2023-08-31,B6,MIA,SFO,2235,2235,-19.0,23,205,205,-21.0,0,0,210.0,177.0,1302.0
2023-02-22,DL,IAH,SEA,1425,1425,-17.0,20,1810,1810,0.0,0,0,225.0,197.0,1479.0
2023-06-21,UA,SEA,DEN,2255,2255,10.0,13,102,102,7.0,0,0,127.0,104.0,663.0
2023-01-06,NK,JFK,ATL,1115,1115,11.0,10,1631,1631,5.0,0,0,316.0,302.0,2190.0
2023-10-25,WN,MCO,LAS,2055,2055,-15.0,11,129,129,-7.0,0,0,274.0,257.0,1850.0
2023-02-17,NK,SEA,ATL,635,635,240.0,19,1144,1144,241.0,0,0,309.0,286.0,2178.0
2023-06-11,AA,SEA,MCO,1025,1025,-2.0,18,1603,1603,6.0,0,0,338.0,309.0,2332.0
2023-05-01,DL,MCO,IAH,930,930,-11.0,13,1043,1043,-3.0,0,0,73.0,54.0,165.0
2023-01-22,AA,SFO,PHX,1930,1930,-14.0,33,2325,2325,-10.0,0,0,235.0,198.0,1515.0
2023-06-14,DL,LAS,DEN,1725,1725,-22.0,22,1853,1853,-12.0,0,0,88.0,56.0,391.0
2023-08-28,UA,JFK,IAH,850,850,-7.0,31,1052,1052,-5.0,0,0,122.0,86.0,730.0
2023-02-11,AS,PHX,MIA,1130,1130,1.0,8,1508,1508,1.0,0,0,218.0,206.0,1336.0
2023-05-03,WN,IAH,SFO,2035,2035,2.0,13,19,19,,0,0,224.0,204.0,1373.0
2023-06-13,AA,CLT,DEN,855,855,-19.0,22,1315,1315,-4.0,0,0,260.0,228.0,1792.0
2023-01-30,UA,LAX,EWR,600,600,4.0,15,826,826,9.0,0,0,146.0,125.0,846.0
2023-01-30,DL,SFO,ATL,1535,1535,-0.0,13,2143,2143,7.0,0,0,368.0,345.0,2692.0
2023-03-14,DL,CLT,IAH,2225,2225,13.0,20,2350,2350,13.0,0,0,85.0,56.0,482.0
2023-07-08,DL,SEA,LAS,1040,1040,-18.0,34,1644,1644,-6.0,0,0,364.0,319.0,2569.0
2023-11-06,WN,MCO,EWR,1440,1440,2.0,23,2010,2010,6.0,0,0,330.0,302.0,2382.0
2023-10-12,WN,MIA,EWR,545,545,-4.0,17,1027,1027,-6.0,0,0,282.0,255.0,1801.0
2023-03-15,NK,LAS,PHX,1035,1035,8.0,10,1458,1458,7.0,0,0,263.0,247.0,1903.0
2023-10-31,UA,SFO,IAH,915,915,-27.0,8,1150,1150,-14.0,0,0,155.0,143.0,922.0
2023-10-02,DL,CLT,EWR,935,935,2.0,10,1155,1155,6.0,0,0,140.0,122.0,685.0
2023-12-28,B6,SFO,MIA,655,655,-3.0,16,1154,1154,-4.0,0,0,299.0,274.0,2132.0
2023-07-08,DL,EWR,MIA,510,510,-15.0,20,1131,1131,-7.0,0,0,381.0,357.0,2642.0
2023-03-14,AA,PHX,LAS,1935,1935,10.0,32,2146,2146,19.0,0,0,131.0,93.0,740.0
2023-10-30,WN,DFW,EWR,615,615,-6.0,29,1206,1206,,0,0,351.0,313.0,2654.0
2023-02-16,AA,IAH,MIA,1440,1440,-1.0,21,1921,1921,,0,0,281.0,253.0,1898.0
2023-10-10,F9,LAX,CLT,1515,1515,11.0,20,1936,1936,11.0,0,0,261.0,234.0,1796.0
2023-02-08,WN,ATL,LAX,1850,1850,-13.0,31,2216,2216,4.0,0,0,206.0,170.0,1291.0
2023-09-13,AS,MIA,CLT,2120,2120,3.0,13,2346,2346,7.0,0,0,146.0,124.0,
2023-07-19,UA,EWR,JFK,550,550,-6.0,34,948,948,-4.0,0,0,238.0,198.0,1514.0
2023-04-09,B6,PHX,DEN,1045,1045,14.0,19,1648,1648,11.0,0,0,363.0,334.0,2523.0
2023-04-22,F9,LAS,EWR,1845,1845,-3.0,32,18,18,-1.0,0,0,333.0,295.0,2310.0
2023-05-17,B6,ORD,DFW,1620,1620,4.0,28,2000,2000,9.0,0,0,220.0,186.0,1299.0
2023-05-08,AA,MIA,SFO,550,550,-4.0,18,651,651,8.0,0,0,61.0,35.0,278.0
2023-05-27,AA,PHX,JFK,740,740,-8.0,31,945,945,-3.0,0,0,125.0,88.0,599.0
2023-06-14,WN,DEN,LAX,820,820,1.0,22,1314,1314,-6.0,0,0,294.0,263.0,2059.0
2023-11-05,WN,CLT,ATL,2120,2120,-16.0,33,2228,2228,-8.0,0,0,68.0,24.0,286.0
2023-02-19,AA,SFO,LAX,2015,2015,8.0,26,224,224,19.0,0,0,369.0,335.0,2787.0
2023-12-21,AA,DFW,DEN,1250,1250,-2.0,29,1348,1348,2.0,0,0,58.0,19.0,184.0
2023-06-15,AA,DEN,SFO,745,745,18.0,31,932,932,12.0,0,0,107.0,72.0,605.0
2023-01-25,AA,JFK,SFO,1110,1110,13.0,8,1342,1342,15.0,0,0,152.0,135.0,794.0
2023-06-04,UA,ATL,LAX,800,800,-35.0,14,900,900,-23.0,0,0,60.0,41.0,165.0
2023-05-09,WN,MIA,SFO,700,700,-0.0,27,1312,1312,-4.0,0,0,372.0,340.0,2701.0
2023-08-09,WN,DEN,MIA,1605,1605,-3.0,22,1837,1837,-0.0,0,0,152.0,124.0,905.0
2023-12-02,AA,JFK,SEA,2000,2000,-9.0,8,2127,2127,12.0,0,0,87.0,75.0,329.0
2023-05-09,UA,ATL,DEN,1310,1310,3.0,32,1838,1838,-4.0,0,0,328.0,285.0,2213.0
2023-12-23,B6,LAX,CLT,1820,1820,1.0,27,6,6,3.0,0,0,346.0,315.0,2484.0
2023-12-17,AA,CLT,DEN,1810,1810,-2.0,17,26,26,9.0,0,0,376.0,350.0,2638.0
2023-03-07,DL,LAS,CLT,2135,2135,-11.0,17,14,14,-7.0,0,0,159.0,132.0,1095.0
2023-04-01,WN,EWR,DEN,1745,1745,32.0,10,1928,1928,42.0,0,0,103.0,82.0,439.0
2023-07-17,NK,MIA,MCO,1825,1825,-9.0,16,1935,1935,-12.0,0,0,70.0,48.0,366.0
2023-12-23,B6,ATL,LAS,845,845,-24.0,8,1219,1219,-15.0,0,0,214.0,202.0,1399.0
2023-10-09,DL,EWR,SFO,830,830,-25.0,12,1101,1101,-19.0,0,0,151.0,135.0,934.0
2023-04-16,AS,EWR,ORD,1440,1440,13.0,10,1837,1837,11.0,0,0,237.0,219.0,1499.0
2023-12-08,WN,EWR,SEA,2205,2205,24.0,31,51,51,26.0,0,0,166.0,130.0,953.0
2023-12-09,AA,MIA,DFW,2140,2140,-5.0,33,121,121,1.0,0,0,221.0,177.0,1459.0
2023-09-24,AA,MIA,ATL,1050,1050,-16.0,15,1437,1437,-10.0,0,0,227.0,207.0,1428.0
2023-12-30,AS,EWR,MCO,1345,1345,-0.0,9,1554,1554,-6.0,0,0,129.0,114.0,616.0
2023-01-12,WN,ATL,IAH,1515,1515,82.0,13,1957,1957,79.0,0,0,282.0,265.0,1876.0
2023-10-11,AA,EWR,CLT,920,920,12.0,29,1017,1017,6.0,0,0,57.0,18.0,153.0
2023-08-02,WN,MCO,SEA,2200,2200,-1.0,8,140,140,6.0,0,0,220.0,205.0,1418.0
2023-08-28,WN,PHX,ATL,1550,1550,-9.0,21,1908,1908,11.0,0,0,198.0,170.0,1244.0
2023-05-16,DL,LAS,MIA,1520,1520,-18.0,14,2016,2016,-13.0,0,0,296.0,271.0,2054.0
2023-09-26,NK,ORD,DFW,1255,1255,196.0,27,1637,1637,197.0,0,0,222.0,188.0,1476.0
2023-08-01,AA,CLT,LAS,1830,1830,16.0,11,2246,2246,14.0,0,0,256.0,236.0,1855.0
2023-03-29,WN,ATL,MCO,940,940,3.0,28,1121,1121,4.0,0,0,101.0,64.0,423.0
2023-12-12,B6,SEA,LAS,1225,1225,22.0,19,1818,1818,36.0,0,0,353.0,326.0,2588.0
2023-07-04,UA,MCO,EWR,2210,2210,-6.0,31,412,412,12.0,0,0,362.0,320.0,2443.0
2023-02-22,F9,ORD,MCO,1230,1230,156.0,9,1627,1627,167.0,0,0,237.0,223.0,1686.0
2023-03-06,NK,SEA,SFO,810,810,5.0,30,1329,1329,12.0,0,0,319.0,280.0,2283.0
2023-09-21,DL,IAH,PHX,920,920,-2.0,31,1319,1319,-7.0,0,0,239.0,204.0,1549.0
2023-09-24,UA,DFW,JFK,1845,1845,11.0,30,2146,2146,2.0,0,0,181.0,141.0,
2023-04-15,WN,ORD,JFK,1350,1350,-11.0,20,1606,1606,3.0,0,0,136.0,111.0,664.0
2023-10-10,DL,MCO,EWR,1305,1305,-27.0,22,1438,1438,-15.0,0,0,93.0,60.0,447.0
2023-04-11,WN,JFK,LAX,555,555,-13.0,26,1111,1111,-6.0,0,0,316.0,280.0,2232.0
2023-05-06,AS,SEA,MIA,1535,1535,-20.0,30,1719,1719,-2.0,0,0,104.0,69.0,414.0
2023-03-01,UA,SEA,CLT,1600,1600,5.0,9,2037,2037,4.0,0,0,277.0,260.0,1814.0
2023-02-11,AA,CLT,PHX,2020,2020,18.0,9,210,210,27.0,0,0,350.0,334.0,2420.0
2023-06-22,AA,EWR,IAH,1030,1030,-10.0,33,1442,1442,-2.0,0,0,252.0,210.0,1789.0
2023-08-18,F9,MCO,SFO,1135,1135,-1.0,28,1656,1656,3.0,0,0,321.0,285.0,2184.0
2023-03-27,WN,EWR,ORD,2035,2035,-3.0,14,2201,2201,5.0,0,0,86.0,61.0,321.0
2023-10-09,UA,DFW,SEA,2115,2115,3.0,9,2308,2308,4.0,0,0,113.0,100.0,552.0
2023-01-12,AA,EWR,CLT,1415,1415,-8.0,27,1905,1905,-4.0,0,0,290.0,255.0,2045.0
2023-06-06,DL,SEA,DEN,1020,1020,1.0,32,1408,1408,3.0,0,0,228.0,191.0,1474.0
2023-03-12,F9,SEA,MCO,1915,1915,6.0,29,2105,2105,8.0,0,0,110.0,71.0,712.0
2023-07-10,UA,ATL,EWR,1105,1105,50.0,28,1259,1259,35.0,0,0,114.0,79.0,592.0
2023-01-28,WN,DFW,MCO,1750,1750,12.0,16,2347,2347,11.0,0,0,357.0,332.0,2701.0
2023-01-10,UA,CLT,JFK,1435,1435,-15.0,31,1910,1910,-1.0,0,0,275.0,234.0,1902.0
2023-08-12,WN,IAH,LAS,820,820,-5.0,14,1356,1356,-3.0,0,0,336.0,317.0,2301.0
2023-08-23,B6,DFW,MCO,2220,2220,-6.0,11,316,316,2.0,0,0,296.0,279.0,1954.0
2023-07-14,AA,PHX,IAH,2145,2145,-22.0,29,153,153,-3.0,0,0,248.0,210.0,1611.0
2023-03-29,AA,DEN,MIA,1215,1215,8.0,11,1621,1621,7.0,0,0,246.0,231.0,1551.0
2023-09-08,AA,SFO,SEA,745,745,38.0,16,1010,1010,27.0,0,0,145.0,125.0,860.0
2023-11-07,AS,MIA,SFO,2005,2005,-19.0,18,233,233,-2.0,0,0,388.0,365.0,2786.0
2023-06-09,DL,MIA,LAX,1325,1325,116.0,19,1759,1759,116.0,0,0,274.0,250.0,1931.0
2023-07-13,WN,SEA,LAX,1445,1445,-14.0,17,1748,1748,-1.0,0,0,183.0,157.0,1231.0
2023-01-06,WN,LAS,EWR,1830,1830,-36.0,12,2335,2335,-26.0,0,0,305.0,288.0,2170.0
2023-09-05,DL,ORD,CLT,2110,2110,-14.0,25,250,250,-6.0,0,0,340.0,305.0,2327.0
2023-11-20,F9,EWR,CLT,1845,1845,160.0,26,2007,2007,159.0,0,0,82.0,48.0,411.0
2023-11-11,AA,SFO,ORD,950,950,5.0,26,1321,1321,13.0,0,0,211.0,179.0,1424.0
2023-10-10,AS,ORD,MCO,1750,1750,-17.0,30,1847,1847,-7.0,0,0,57.0,18.0,188.0
2023-09-18,DL,SFO,JFK,1645,1645,15.0,28,2033,2033,3.0,0,0,228.0,194.0,1535.0
2023-05-03,WN,ATL,MCO,840,840,-11.0,8,1514,1514,-9.0,0,0,394.0,381.0,2652.0
2023-01-17,UA,PHX,DEN,1255,1255,41.0,15,1635,1635,51.0,0,0,220.0,195.0,1530.0
2023-06-02,WN,SFO,CLT,650,650,-22.0,28,821,821,-15.0,0,0,91.0,58.0,359.0
2023-10-02,NK,ORD,DFW,855,855,2.0,12,1448,1448,4.0,0,0,353.0,333.0,2633.0
2023-04-02,NK,EWR,LAS,2220,2220,4.0,9,2312,2312,12.0,0,0,52.0,35.0,204.0
2023-01-27,B6,CLT,PHX,1135,1135,-17.0,29,1258,1258,-13.0,0,0,83.0,50.0,350.0
2023-04-28,UA,IAH,PHX,545,545,-42.0,15,757,757,-21.0,0,0,132.0,109.0,854.0
2023-01-17,WN,MCO,MIA,1805,1805,26.0,27,2333,2333,9.0,0,0,328.0,297.0,2300.0
2023-03-26,DL,EWR,LAS,520,520,-10.0,23,916,916,-6.0,0,0,236.0,203.0,1410.0
2023-12-17,AA,MIA,SFO,2115,2115,2.0,21,119,119,8.0,0,0,244.0,213.0,1601.0
2023-10-26,AA,MIA,SEA,1825,1825,-12.0,19,2331,2331,5.0,0,0,306.0,279.0,2092.0
2023-06-19,DL,LAS,MCO,1235,1235,-11.0,28,1432,1432,-7.0,0,0,117.0,84.0,610.0
2023-04-30,AA,DFW,ATL,555,555,6.0,11,1204,1204,10.0,0,0,369.0,352.0,2630.0
2023-07-14,WN,PHX,CLT,1910,1910,-6.0,27,2115,2115,-1.0,0,0,125.0,90.0,653.0
2023-10-19,AA,CLT,EWR,1645,1645,-6.0,33,2147,2147,2.0,0,0,302.0,264.0,2014.0
2023-07-12,B6,ORD,PHX,1225,1225,-5.0,12,1436,1436,-7.0,0,0,131.0,108.0,904.0
2023-06-02,UA,IAH,MIA,1600,1600,-15.0,16,1829,1829,-12.0,0,0,149.0,122.0,787.0
2023-12-13,DL,MCO,DEN,1000,1000,-7.0,33,1240,1240,-10.0,0,0,160.0,123.0,946.0
2023-04-03,DL,SFO,LAS,1615,1615,30.0,8,1936,1936,52.0,0,0,201.0,189.0,1321.0
2023-08-24,UA,PHX,IAH,1405,1405,5.0,30,1953,1953,12.0,0,0,348.0,310.0,2634.0
2023-08-24,AS,ORD,MCO,1935,1935,132.0,18,2348,2348,139.0,0,0,253.0,231.0,1600.0
2023-11-09,F9,IAH,EWR,1225,1225,-19.0,29,1343,1343,-15.0,0,0,78.0,41.0,197.0
2023-01-15,F9,ORD,MIA,1110,1110,30.0,27,1640,1640,25.0,0,0,330.0,298.0,2256.0
2023-12-03,DL,MCO,ORD,1820,1820,-15.0,10,2306,2306,-4.0,0,0,286.0,269.0,1837.0
2023-02-08,WN,MCO,ORD,1740,1740,32.0,18,2308,2308,22.0,0,0,328.0,306.0,2367.0
2023-10-09,B6,ORD,PHX,1235,1235,174.0,20,1700,1700,179.0,0,0,265.0,240.0,1671.0
2023-10-08,UA,SEA,LAX,1000,1000,-11.0,27,1203,1203,-11.0,0,0,123.0,89.0,726.0
2023-08-20,AA,MCO,ATL,1205,1205,8.0,24,1819,1819,9.0,0,0,374.0,342.0,2775.0
2023-07-31,AA,ATL,JFK,2155,2155,-8.0,17,2322,2322,,0,0,87.0,59.0,275.0
2023-11-04,DL,LAS,ORD,1035,1035,-5.0,15,1453,1453,-2.0,0,0,258.0,233.0,1814.0
2023-12-14,B6,MIA,SFO,805,805,26.0,21,1348,1348,36.0,0,0,343.0,316.0,2420.0
2023-09-16,UA,DFW,SFO,2100,2100,2.0,26,215,215,9.0,0,0,315.0,278.0,2100.0
2023-08-02,WN,MIA,DFW,540,540,43.0,22,918,918,37.0,0,0,218.0,186.0,1503.0
2023-10-10,F9,CLT,SEA,1955,1955,3.0,13,2110,2110,-6.0,0,0,75.0,58.0,353.0
2023-09-20,AS,EWR,PHX,810,810,-7.0,18,1151,1151,-4.0,0,0,221.0,194.0,1529.0
2023-03-29,DL,MIA,ATL,2105,2105,3.0,27,23,23,12.0,0,0,198.0,164.0,1256.0
2023-08-17,WN,PHX,DEN,2225,2225,-0.0,17,22,22,12.0,0,0,117.0,92.0,691.0
2023-03-27,UA,JFK,SFO,1730,1730,-17.0,33,2108,2108,-11.0,0,0,218.0,181.0,1188.0
2023-07-07,AS,MIA,CLT,1405,1405,-6.0,32,1651,1651,3.0,0,0,166.0,124.0,984.0
2023-04-05,UA,MCO,DFW,1840,1840,257.0,17,2158,2158,270.0,0,0,198.0,174.0,1341.0
2023-04-15,F9,ATL,LAS,1035,1035,19.0,12,1145,1145,12.0,0,0,70.0,47.0,255.0
2023-08-10,NK,MCO,CLT,1955,1955,18.0,24,128,128,,0,0,333.0,299.0,2418.0
2023-08-28,F9,LAS,JFK,1645,1645,5.0,21,2010,2010,-1.0,0,0,205.0,175.0,1262.0
2023-02-17,AA,ORD,SFO,2035,2035,12.0,20,302,302,12.0,0,0,387.0,361.0,2757.0
2023-04-17,AS,EWR,SEA,1305,1305,-12.0,34,1840,1840,7.0,0,0,335.0,295.0,2450.0
2023-05-04,NK,DFW,DEN,1815,1815,-13.0,32,2317,2317,-3.0,0,0,302.0,264.0,2023.0
2023-03-11,B6,JFK,EWR,1615,1615,-13.0,19,1921,1921,-2.0,0,0,186.0,163.0,1170.0
2023-03-16,UA,ATL,IAH,1800,1800,-17.0,22,2136,2136,-6.0,0,0,216.0,183.0,1354.0
2023-05-19,B6,LAS,PHX,1625,1625,-11.0,22,2253,2253,-9.0,0,0,388.0,360.0,2791.0
2023-09-06,WN,SEA,DEN,750,750,-32.0,26,859,859,-20.0,0,0,69.0,38.0,175.0
2023-03-02,AS,SFO,CLT,1605,1605,177.0,30,2103,2103,190.0,0,0,298.0,258.0,1985.0
2023-03-03,AA,DEN,JFK,1755,1755,83.0,18,2232,2232,96.0,0,0,277.0,249.0,1861.0
2023-12-29,AS,SEA,LAX,1400,1400,-6.0,8,2000,2000,-1.0,0,0,360.0,348.0,2603.0
2023-02-10,DL,EWR,JFK,1150,1150,-4.0,27,1311,1311,6.0,0,0,81.0,48.0,330.0
2023-02-13,WN,MIA,ATL,920,920,26.0,14,1047,1047,11.0,0,0,87.0,63.0,415.0
2023-07-04,WN,EWR,DEN,1945,1945,24.0,21,117,117,18.0,0,0,332.0,301.0,2191.0
2023-06-12,WN,JFK,SFO,1450,1450,-5.0,19,1837,1837,1.0,0,0,227.0,201.0,1537.0
2023-11-09,WN,LAX,ATL,1915,1915,-2.0,19,14,14,6.0,0,0,299.0,273.0,2069.0
2023-03-12,AS,MCO,JFK,555,555,3.0,29,708,708,12.0,0,0,73.0,39.0,365.0
2023-06-12,AS,EWR,CLT,1855,1855,-10.0,12,44,44,-9.0,0,0,349.0,330.0,2538.0
2023-08-19,UA,IAH,MCO,1855,1855,-4.0,32,2141,2141,2.0,0,0,166.0,126.0,1054.0
2023-04-28,NK,ORD,ATL,1600,1600,6.0,22,2216,2216,0.0,0,0,376.0,347.0,2657.0
2023-09-28,AA,ORD,JFK,820,820,37.0,31,1238,1238,20.0,0,0,258.0,217.0,1747.0
2023-04-07,AS,ATL,JFK,1125,1125,-12.0,24,1716,1716,-13.0,0,0,351.0,316.0,2488.0
2023-07-17,DL,CLT,IAH,1920,1920,-10.0,22,2253,2253,-5.0,0,0,213.0,180.0,1343.0
2023-06-02,AS,IAH,ORD,2205,2205,-15.0,20,126,126,-8.0,0,0,201.0,174.0,1231.0
2023-06-14,WN,JFK,LAS,605,605,3.0,28,1058,1058,11.0,0,0,293.0,257.0,2074.0
2023-06-17,F9,LAS,ATL,2210,2210,131.0,26,208,208,119.0,0,0,238.0,205.0,1702.0
2023-05-30,WN,JFK,MCO,2010,2010,-15.0,28,133,133,-4.0,0,0,323.0,291.0,2400.0
2023-05-25,AA,DEN,JFK,1020,1020,-2.0,28,1219,1219,1.0,0,0,119.0,83.0,641.0
2023-06-20,WN,DEN,JFK,1955,1955,8.0,16,2224,2224,3.0,0,0,149.0,126.0,909.0
2023-04-22,F9,MCO,ORD,2040,2040,8.0,25,209,209,6.0,0,0,329.0,296.0,2227.0
2023-09-09,WN,SFO,SEA,2200,2200,17.0,27,336,336,19.0,0,0,336.0,304.0,2231.0
2023-07-25,WN,DEN,MIA,1840,1840,36.0,30,2010,2010,43.0,0,0,90.0,55.0,307.0
2023-04-28,NK,IAH,ATL,1020,1020,16.0,32,1115,1115,7.0,0,0,55.0,17.0,161.0
2023-02-16,NK,DFW,LAX,805,805,78.0,11,915,915,72.0,0,0,70.0,55.0,262.0
2023-11-22,B6,MCO,EWR,1305,1305,31.0,19,1511,1511,45.0,0,0,126.0,99.0,650.0
2023-10-27,WN,LAX,DFW,2050,2050,-0.0,25,2158,2158,8.0,0,0,68.0,34.0,280.0
2023-05-28,B6,DFW,MIA,1525,1525,-6.0,18,1627,1627,-3.0,0,0,62.0,38.0,232.0
2023-03-18,UA,ATL,JFK,1015,1015,72.0,24,1132,1132,61.0,0,0,77.0,45.0,299.0
2023-08-21,NK,DEN,JFK,1420,1420,24.0,29,1523,1523,8.0,0,0,63.0,29.0,327.0
2023-05-27,WN,ORD,EWR,705,705,-9.0,9,911,911,-8.0,0,0,126.0,107.0,565.0
2023-09-04,WN,ATL,EWR,2105,2105,-3.0,8,333,333,-8.0,0,0,388.0,369.0,2747.0
2023-11-01,NK,DEN,ORD,1755,1755,-13.0,28,1958,1958,-17.0,0,0,123.0,86.0,716.0
2023-09-03,WN,IAH,SEA,1550,1550,60.0,13,1658,1658,68.0,0,0,68.0,46.0,180.0
2023-12-01,AS,LAS,DFW,1705,1705,-12.0,21,2234,2234,-12.0,0,0,329.0,298.0,2321.0
2023-12-05,WN,EWR,PHX,2040,2040,2.0,9,2316,2316,12.0,0,0,156.0,137.0,935.0
2023-11-20,WN,MIA,SEA,1850,1850,256.0,14,2304,2304,254.0,0,0,254.0,233.0,
2023-02-21,B6,SFO,MCO,950,950,17.0,29,1548,1548,16.0,0,0,358.0,318.0,2640.0
2023-04-28,DL,ORD,DFW,545,545,13.0,26,728,728,6.0,0,0,103.0,67.0,636.0
2023-05-12,DL,JFK,DEN,1735,1735,-2.0,22,1850,1850,-7.0,0,0,75.0,43.0,351.0
2023-01-19,UA,PHX,MCO,630,630,12.0,32,1202,1202,-3.0,0,0,332.0,289.0,2282.0
2023-11-04,NK,MCO,ATL,850,850,6.0,14,1324,1324,-4.0,0,0,274.0,256.0,1965.0
2023-07-23,WN,IAH,MIA,1110,1110,-1.0,19,1737,1737,2.0,0,0,387.0,363.0,2676.0
2023-11-02,DL,EWR,LAX,540,540,-47.0,8,858,858,-29.0,0,0,198.0,184.0,1439.0
2023-03-27,WN,DFW,SEA,840,840,9.0,27,1300,1300,7.0,0,0,260.0,223.0,1776.0
2023-01-25,UA,MCO,CLT,530,530,-11.0,26,719,719,-4.0,0,0,109.0,79.0,550.0
2023-03-24,WN,SEA,LAX,1850,1850,-9.0,15,2117,2117,0.0,0,0,147.0,121.0,
2023-02-24,DL,LAX,SEA,605,605,-19.0,15,853,853,-19.0,0,0,168.0,147.0,971.0
2023-11-16,AA,IAH,LAS,815,815,-25.0,8,941,941,-17.0,0,0,86.0,67.0,413.0
2023-10-02,DL,IAH,EWR,1955,1955,2.0,13,155,155,6.0,0,0,360.0,342.0,2522.0
2023-11-28,UA,LAS,LAX,1300,1300,9.0,12,1915,1915,11.0,0,0,375.0,359.0,2757.0
2023-02-09,AA,DFW,JFK,935,935,-3.0,34,1138,1138,,0,0,123.0,83.0,685.0
2023-07-11,NK,PHX,IAH,2025,2025,2.0,10,205,205,11.0,0,0,340.0,320.0,2427.0
2023-01-10,AA,ORD,DFW,2045,2045,395.0,12,32,32,398.0,0,0,227.0,206.0,
2023-05-05,NK,IAH,PHX,2035,2035,12.0,18,2332,2332,7.0,0,0,177.0,155.0,943.0
2023-11-07,AA,SEA,LAS,1625,1625,16.0,32,2220,2220,4.0,0,0,355.0,317.0,2397.0
2023-05-31,UA,MCO,JFK,1115,1115,-10.0,12,1615,1615,-9.0,0,0,300.0,282.0,2105.0
2023-04-08,UA,SEA,MIA,2140,2140,76.0,15,2336,2336,75.0,0,0,116.0,95.0,620.0
2023-12-04,AA,ORD,PHX,1100,1100,27.0,32,1305,1305,28.0,0,0,125.0,86.0,691.0
2023-12-26,AS,MIA,CLT,2100,2100,8.0,17,56,56,3.0,0,0,236.0,209.0,1557.0
2023-03-23,NK,LAS,MCO,850,850,7.0,13,946,946,2.0,0,0,56.0,32.0,227.0
2023-02-21,DL,SEA,ATL,650,650,-21.0,12,807,807,-16.0,0,0,77.0,54.0,383.0
2023-12-11,F9,JFK,PHX,1045,1045,34.0,22,1531,1531,34.0,0,0,286.0,258.0,1939.0
2023-08-28,NK,MCO,DEN,2155,2155,16.0,23,20,20,19.0,0,0,145.0,118.0,670.0
2023-09-08,WN,LAS,EWR,555,555,-32.0,18,826,826,-33.0,0,0,151.0,125.0,872.0
2023-01-14,AA,JFK,ORD,2110,2110,-4.0,17,325,325,18.0,0,0,375.0,352.0,2609.0
2023-11-12,WN,CLT,EWR,1010,1010,-9.0,9,1309,1309,-5.0,0,0,179.0,162.0,1088.0
2023-10-03,UA,LAX,MIA,725,725,6.0,21,918,918,-0.0,0,0,113.0,88.0,544.0
2023-09-19,DL,MIA,DEN,1835,1835,-13.0,18,2237,2237,-7.0,0,0,242.0,219.0,1496.0
2023-05-30,AS,SEA,LAS,1735,1735,-5.0,12,2056,2056,-5.0,0,0,201.0,183.0,1256.0
2023-12-08,WN,DEN,EWR,2230,2230,18.0,22,336,336,12.0,0,0,306.0,279.0,2058.0
2023-03-28,UA,SEA,SFO,1555,1555,10.0,27,1815,1815,7.0,0,0,140.0,107.0,855.0
2023-12-30,UA,CLT,DFW,1110,1110,8.0,14,1451,1451,10.0,0,0,221.0,203.0,1464.0
2023-01-16,UA,ORD,EWR,1705,1705,-4.0,28,1911,1911,12.0,0,0,126.0,87.0,718.0
2023-09-22,NK,IAH,SFO,2100,2100,-2.0,20,2311,2311,14.0,0,0,131.0,107.0,659.0
2023-12-09,AS,ATL,MCO,525,525,-17.0,32,945,945,,0,0,260.0,218.0,1647.0
2023-02-16,B6,ORD,DEN,1010,1010,117.0,28,1159,1159,118.0,0,0,109.0,75.0,508.0
2023-08-17,UA,ORD,DEN,1455,1455,1.0,22,1945,1945,7.0,0,0,290.0,258.0,2059.0
2023-10-02,WN,ORD,MIA,800,800,-8.0,24,1234,1234,-14.0,0,0,274.0,245.0,1850.0
2023-06-12,B6,DFW,IAH,1115,1115,-18.0,25,1333,1333,-11.0,0,0,138.0,108.0,664.0
2023-01-24,DL,SEA,MIA,520,520,-16.0,12,649,649,-15.0,0,0,89.0,69.0,293.0
2023-07-17,WN,DEN,MIA,2045,2045,23.0,22,2330,2330,18.0,0,0,165.0,137.0,987.0
2023-02-24,UA,IAH,EWR,640,640,-12.0,9,1226,1226,-5.0,0,0,346.0,328.0,2550.0
2023-10-29,WN,ATL,LAX,550,550,-19.0,25,1123,1123,-18.0,0,0,333.0,302.0,2356.0
2023-06-22,UA,EWR,SEA,1220,1220,-20.0,34,1427,1427,-12.0,0,0,127.0,88.0,581.0
2023-04-13,AA,JFK,SFO,920,920,-1.0,17,1022,1022,1.0,0,0,62.0,38.0,307.0
2023-02-26,B6,JFK,DEN,1005,1005,11.0,13,1415,1415,13.0,0,0,250.0,226.0,1695.0
2023-02-03,WN,MCO,CLT,1930,1930,2.0,23,2239,2239,1.0,0,0,189.0,160.0,1392.0
2023-03-29,DL,DFW,LAX,2030,2030,-19.0,33,118,118,3.0,0,0,288.0,247.0,2137.0
2023-10-05,F9,ATL,LAX,2020,2020,23.0,15,156,156,13.0,0,0,336.0,316.0,2298.0
2023-03-30,B6,MCO,ORD,900,900,-2.0,8,1453,1453,1.0,0,0,353.0,338.0,2428.0
2023-01-25,AA,DFW,SEA,1335,1335,3.0,32,1659,1659,-4.0,0,0,204.0,162.0,1221.0
2023-04-18,AA,EWR,DFW,1510,1510,68.0,29,1704,1704,69.0,0,0,114.0,79.0,631.0
2023-11-04,AA,LAX,ATL,730,730,8.0,32,1312,1312,11.0,0,0,342.0,300.0,2413.0
2023-04-25,WN,LAS,MCO,545,545,-24.0,22,904,904,-19.0,0,0,199.0,167.0,1256.0
2023-04-22,DL,JFK,MIA,2150,2150,-3.0,31,326,326,14.0,0,0,336.0,298.0,2294.0
2023-12-26,AA,EWR,CLT,2125,2125,-7.0,28,235,235,-1.0,0,0,310.0,274.0,2153.0
2023-10-12,AS,IAH,ORD,1250,1250,-15.0,17,1409,1409,-7.0,0,0,79.0,56.0,308.0
2023-02-27,UA,CLT,MIA,2150,2150,-1.0,11,16,16,16.0,0,0,146.0,128.0,860.0
2023-02-16,WN,SFO,JFK,1445,1445,67.0,15,1753,1753,61.0,0,0,188.0,167.0,1223.0
2023-07-04,AA,DEN,SFO,1520,1520,-29.0,23,1721,1721,-14.0,0,0,121.0,89.0,760.0
2023-05-15,AA,DFW,MIA,940,940,-5.0,28,1304,1304,2.0,0,0,204.0,168.0,1286.0
2023-08-16,NK,SEA,EWR,1450,1450,-21.0,11,2128,2128,-1.0,0,0,398.0,382.0,2799.0
2023-02-27,AA,LAS,MCO,1625,1625,4.0,27,1822,1822,,0,0,117.0,80.0,535.0
2023-03-10,UA,EWR,MIA,645,645,-16.0,10,1121,1121,-8.0,0,0,276.0,258.0,1816.0
2023-02-04,UA,CLT,LAS,2015,2015,3.0,14,2353,2353,18.0,0,0,218.0,194.0,1466.0
2023-10-29,NK,LAX,CLT,1530,1530,11.0,13,1856,1856,9.0,0,0,206.0,183.0,1342.0
2023-02-21,F9,MCO,SEA,2135,2135,-8.0,13,37,37,-6.0,0,0,182.0,160.0,1213.0
2023-11-15,AA,PHX,EWR,2130,2130,-11.0,14,158,158,1.0,0,0,268.0,249.0,1766.0
2023-05-24,AA,SFO,ORD,550,550,-3.0,29,811,811,-3.0,0,0,141.0,106.0,864.0
2023-12-05,AA,LAS,SEA,2105,2105,12.0,28,15,15,4.0,0,0,190.0,157.0,1108.0
2023-05-30,DL,CLT,PHX,1315,1315,79.0,30,1428,1428,70.0,0,0,73.0,39.0,338.0
2023-05-04,UA,SFO,JFK,2000,2000,12.0,20,41,41,14.0,0,0,281.0,255.0,1963.0
2023-04-09,B6,SFO,LAX,1600,1600,2.0,25,2154,2154,-1.0,0,0,354.0,320.0,2540.0
2023-03-14,WN,IAH,SFO,2115,2115,118.0,30,217,217,113.0,0,0,302.0,261.0,2206.0
2023-04-27,AA,ATL,IAH,1355,1355,-26.0,16,1958,1958,-19.0,0,0,363.0,340.0,2519.0
2023-04-25,UA,MIA,DEN,1210,1210,-20.0,32,1456,1456,-1.0,0,0,166.0,129.0,1020.0
2023-12-15,WN,DEN,EWR,2220,2220,14.0,19,14,14,13.0,0,0,114.0,89.0,631.0
2023-01-04,AA,IAH,ATL,2000,2000,1.0,33,2347,2347,10.0,0,0,227.0,186.0,1401.0
2023-03-12,WN,CLT,MIA,1855,1855,-13.0,26,2032,2032,,0,0,97.0,67.0,418.0
2023-03-13,F9,DFW,MIA,1135,1135,12.0,23,1409,1409,13.0,0,0,154.0,122.0,1007.0
2023-05-15,WN,LAS,SEA,1805,1805,-7.0,21,1951,1951,-5.0,0,0,106.0,77.0,470.0
2023-06-28,AA,MCO,SEA,2250,2250,-5.0,21,205,205,-0.0,0,0,195.0,165.0,1177.0
2023-06-23,AA,ATL,DFW,2205,2205,5.0,30,240,240,14.0,0,0,275.0,236.0,1982.0
2023-04-01,WN,MCO,EWR,1330,1330,2.0,33,1547,1547,1.0,0,0,137.0,100.0,825.0
2023-12-12,WN,PHX,MIA,500,500,-7.0,22,1117,1117,-10.0,0,0,377.0,344.0,2698.0
2023-12-21,DL,EWR,MIA,1550,1550,-7.0,24,1740,1740,11.0,0,0,110.0,76.0,622.0
2023-12-10,AA,SFO,CLT,1050,1050,29.0,23,1246,1246,34.0,0,0,116.0,82.0,668.0
2023-02-09,AA,SFO,CLT,1440,1440,-20.0,32,2016,2016,-18.0,0,0,336.0,293.0,2393.0
2023-03-31,AA,MIA,LAX,755,755,-4.0,28,1144,1144,-3.0,0,0,229.0,190.0,1455.0
2023-03-18,B6,MCO,IAH,2100,2100,-4.0,9,228,228,-3.0,0,0,328.0,308.0,2370.0
2023-05-22,UA,PHX,SEA,2220,2220,4.0,12,49,49,8.0,0,0,149.0,132.0,881.0
2023-06-17,B6,DEN,ATL,645,645,44.0,13,1227,1227,44.0,0,0,342.0,321.0,2486.0
2023-02-26,UA,EWR,ORD,1415,1415,33.0,10,1855,1855,36.0,0,0,280.0,266.0,1887.0
2023-07-05,WN,LAX,ATL,1945,1945,-20.0,18,2202,2202,-14.0,0,0,137.0,110.0,662.0
2023-10-27,B6,DEN,ATL,755,755,-15.0,23,1016,1016,-4.0,0,0,141.0,107.0,928.0
2023-03-09,NK,LAX,SFO,2000,2000,90.0,22,218,218,96.0,0,0,378.0,345.0,
2023-11-08,F9,EWR,SEA,1830,1830,24.0,20,11,11,20.0,0,0,341.0,317.0,2408.0
2023-01-04,WN,JFK,DEN,645,645,4.0,27,1049,1049,-3.0,0,0,244.0,210.0,1441.0
2023-09-02,B6,SFO,ATL,540,540,10.0,31,738,738,11.0,0,0,118.0,81.0,430.0
2023-11-19,NK,PHX,LAS,1005,1005,207.0,34,1615,1615,208.0,0,0,370.0,326.0,2582.0
2023-05-07,F9,JFK,EWR,2210,2210,12.0,33,3,3,9.0,0,0,113.0,70.0,512.0
2023-06-01,AA,IAH,SEA,1955,1955,114.0,15,229,229,122.0,0,0,394.0,370.0,2790.0
2023-03-12,WN,PHX,LAS,1535,1535,2.0,16,1819,1819,10.0,0,0,164.0,139.0,1006.0
2023-05-26,F9,LAX,IAH,1425,1425,2.0,11,1921,1921,3.0,0,0,296.0,274.0,2105.0
2023-04-27,DL,DFW,MCO,1910,1910,13.0,15,2146,2146,5.0,0,0,156.0,132.0,988.0
2023-05-24,UA,LAX,ORD,2045,2045,20.0,13,302,302,27.0,0,0,377.0,355.0,2652.0
2023-04-09,AA,SEA,DEN,1735,1735,16.0,24,2142,2142,25.0,0,0,247.0,218.0,1660.0
2023-11-07,UA,ATL,SEA,1115,1115,-9.0,23,1223,1223,5.0,0,0,68.0,37.0,240.0
2023-09-18,WN,SEA,EWR,950,950,-5.0,8,1556,1556,-4.0,0,0,366.0,351.0,2674.0
2023-05-23,WN,MCO,SEA,500,500,-11.0,30,916,916,-10.0,0,0,256.0,220.0,1664.0
2023-08-18,DL,JFK,IAH,900,900,-7.0,21,1052,1052,2.0,0,0,112.0,81.0,606.0
2023-06-06,WN,DFW,CLT,1240,1240,-23.0,23,1639,1639,-18.0,0,0,239.0,211.0,1608.0
2023-10-06,DL,LAX,CLT,650,650,-17.0,19,937,937,0.0,0,0,167.0,144.0,1101.0
2023-11-12,UA,ATL,MCO,825,825,-3.0,19,1014,1014,10.0,0,0,109.0,83.0,601.0
2023-03-28,DL,MIA,PHX,745,745,-21.0,33,1230,1230,-19.0,0,0,285.0,244.0,1953.0
2023-10-26,UA,PHX,ATL,915,915,-13.0,27,1241,1241,-1.0,0,0,206.0,174.0,1409.0
2023-11-20,AA,LAS,MCO,2135,2135,-8.0,20,130,130,,0,0,235.0,206.0,1582.0
2023-05-25,DL,LAX,DEN,1355,1355,8.0,19,1636,1636,-3.0,0,0,161.0,138.0,1074.0
2023-01-05,UA,JFK,MCO,1610,1610,15.0,13,1757,1757,18.0,0,0,107.0,88.0,613.0
2023-10-20,DL,DFW,ATL,1810,1810,-39.0,9,15,15,-28.0,0,0,365.0,346.0,2517.0
2023-05-31,NK,EWR,SEA,1320,1320,4.0,8,1829,1829,17.0,0,0,309.0,295.0,2249.0
2023-02-28,WN,LAS,MIA,915,915,-1.0,33,1244,1244,4.0,0,0,209.0,170.0,1325.0
2023-03-15,AA,DEN,MIA,920,920,-9.0,19,1311,1311,4.0,0,0,231.0,205.0,1459.0
2023-07-03,UA,LAS,DFW,540,540,9.0,16,831,831,11.0,0,0,171.0,145.0,962.0
2023-05-20,NK,SFO,LAS,1855,1855,4.0,26,2025,2025,12.0,0,0,90.0,53.0,382.0
2023-05-24,DL,IAH,LAS,705,705,-11.0,32,823,823,-16.0,0,0,78.0,36.0,232.0
2023-02-17,AS,SEA,IAH,1050,1050,52.0,33,1543,1543,59.0,0,0,293.0,252.0,2043.0
2023-03-27,B6,SFO,MIA,1050,1050,-9.0,17,1203,1203,-2.0,0,0,73.0,45.0,248.0
2023-04-21,WN,ORD,SFO,1040,1040,-20.0,16,1342,1342,-17.0,0,0,182.0,160.0,1098.0
2023-07-12,UA,JFK,SEA,845,845,-2.0,11,1111,1111,3.0,0,0,146.0,126.0,838.0
2023-03-04,UA,LAS,SFO,630,630,-11.0,16,853,853,-3.0,0,0,143.0,120.0,862.0
2023-08-17,DL,SFO,EWR,2205,2205,-2.0,16,159,159,-4.0,0,0,234.0,210.0,1577.0
2023-08-05,AA,MIA,LAX,2210,2210,6.0,29,433,433,4.0,0,0,383.0,344.0,2682.0
2023-06-10,UA,PHX,IAH,1705,1705,17.0,31,2325,2325,15.0,0,0,380.0,341.0,2735.0
2023-03-06,AA,CLT,SEA,840,840,-13.0,15,1219,1219,-16.0,0,0,219.0,196.0,1465.0
2023-03-08,WN,EWR,MCO,2005,2005,-16.0,17,116,116,-5.0,0,0,311.0,288.0,2188.0
2023-12-08,WN,LAX,CLT,815,815,9.0,22,1117,1117,10.0,0,0,182.0,152.0,977.0
2023-04-16,WN,PHX,IAH,2250,2250,5.0,9,300,300,19.0,0,0,250.0,231.0,1616.0
2023-05-06,WN,DFW,CLT,540,540,0.0,13,1004,1004,0.0,0,0,264.0,243.0,1736.0
2023-11-30,UA,CLT,SFO,2110,2110,-9.0,14,47,47,4.0,0,0,217.0,198.0,1444.0
2023-01-02,AA,DFW,SEA,2230,2230,-10.0,28,403,403,1.0,0,0,333.0,298.0,2287.0
2023-07-08,DL,DEN,SFO,2225,2225,0.0,17,355,355,1.0,0,0,330.0,302.0,2174.0
2023-04-06,WN,JFK,SFO,1315,1315,6.0,9,1554,1554,16.0,0,0,159.0,142.0,913.0
2023-07-22,UA,EWR,ORD,1530,1530,-8.0,25,2108,2108,2.0,0,0,338.0,306.0,2353.0
2023-12-14,NK,PHX,MIA,1000,1000,5.0,33,1350,1350,6.0,0,0,230.0,188.0,1475.0
2023-11-03,DL,SFO,JFK,850,850,-21.0,28,1130,1130,-18.0,0,0,160.0,127.0,966.0
2023-11-22,AS,SEA,JFK,1110,1110,-16.0,10,1302,1302,-6.0,0,0,112.0,96.0,703.0
2023-01-23,DL,MIA,ORD,1905,1905,4.0,27,2350,2350,2.0,0,0,285.0,253.0,1980.0
2023-01-02,WN,DEN,CLT,1505,1505,-19.0,9,1808,1808,-13.0,0,0,183.0,168.0,1205.0
2023-01-01,AA,PHX,JFK,1410,1410,-14.0,28,2029,2029,-3.0,0,0,379.0,344.0,2637.0
2023-04-06,UA,DFW,JFK,1410,1410,0.0,28,1850,1850,-6.0,0,0,280.0,247.0,1912.0
2023-03-22,AS,DEN,LAS,1035,1035,-7.0,25,1133,1133,-12.0,0,0,58.0,25.0,227.0
2023-09-01,NK,MCO,ORD,740,740,-1.0,21,1215,1215,-4.0,0,0,275.0,244.0,1939.0
2023-10-01,WN,CLT,SEA,2025,2025,-20.0,26,42,42,-21.0,0,0,257.0,221.0,1692.0
2023-01-15,UA,MCO,DEN,2210,2210,8.0,10,41,41,-3.0,0,0,151.0,130.0,754.0
2023-08-20,UA,ORD,LAS,1900,1900,27.0,9,2257,2257,14.0,0,0,237.0,218.0,1436.0
2023-06-01,NK,LAS,MCO,1830,1830,-4.0,19,2247,2247,-4.0,0,0,257.0,233.0,1737.0
2023-12-26,WN,EWR,SEA,2250,2250,7.0,17,34,34,7.0,0,0,104.0,80.0,561.0
2023-02-25,WN,DFW,SEA,1905,1905,10.0,30,3,3,5.0,0,0,298.0,258.0,2176.0
2023-11-06,NK,EWR,IAH,1210,1210,-14.0,15,1656,1656,-13.0,0,0,286.0,262.0,2111.0
2023-03-04,AA,ORD,CLT,1555,1555,-7.0,34,2140,2140,-7.0,0,0,345.0,307.0,2428.0
2023-04-08,F9,IAH,MCO,1430,1430,-4.0,17,1811,1811,2.0,0,0,221.0,196.0,1396.0
2023-07-07,WN,DFW,PHX,745,745,-4.0,29,1326,1326,-7.0,0,0,341.0,308.0,2396.0
2023-06-01,DL,MIA,PHX,1450,1450,1.0,16,1736,1736,-6.0,0,0,166.0,145.0,1080.0
2023-08-24,WN,SEA,CLT,1150,1150,23.0,16,1434,1434,28.0,0,0,164.0,142.0,1047.0
2023-12-05,WN,DFW,DEN,1725,1725,-6.0,11,2330,2330,-0.0,0,0,365.0,343.0,2457.0
2023-03-03,WN,MCO,SFO,1145,1145,1.0,8,1608,1608,2.0,0,0,263.0,251.0,1865.0
2023-11-22,WN,LAX,ORD,635,635,8.0,9,1007,1007,6.0,0,0,212.0,194.0,1399.0
2023-06-06,B6,SFO,EWR,1105,1105,4.0,32,1423,1423,-2.0,0,0,198.0,161.0,1243.0
2023-04-24,UA,CLT,PHX,810,810,-15.0,9,959,959,-7.0,0,0,109.0,90.0,622.0
2023-06-23,UA,MIA,EWR,2100,2100,-15.0,10,2204,2204,-14.0,0,0,64.0,49.0,231.0
2023-04-21,B6,LAS,EWR,2120,2120,-8.0,10,2312,2312,1.0,0,0,112.0,97.0,574.0
2023-09-20,WN,SEA,EWR,910,910,-8.0,32,1137,1137,-0.0,0,0,147.0,111.0,851.0
2023-04-02,B6,MCO,EWR,700,700,4.0,22,1223,1223,12.0,0,0,323.0,294.0,2224.0
2023-09-22,UA,DFW,DEN,1300,1300,-11.0,17,1521,1521,4.0,0,0,141.0,114.0,838.0
2023-12-30,UA,IAH,MIA,2010,2010,12.0,32,21,21,14.0,0,0,251.0,212.0,1612.0
2023-02-18,UA,MCO,EWR,2145,2145,11.0,33,409,409,19.0,0,0,384.0,343.0,2699.0
2023-10-09,WN,IAH,LAX,950,950,-1.0,22,1442,1442,2.0,0,0,292.0,264.0,2107.0
2023-09-29,DL,DFW,IAH,1950,1950,-2.0,22,54,54,2.0,0,0,304.0,276.0,2225.0
2023-11-01,NK,SFO,ATL,1820,1820,13.0,32,2030,2030,14.0,0,0,130.0,87.0,741.0
2023-07-26,UA,PHX,MCO,2015,2015,72.0,26,34,34,76.0,0,0,259.0,227.0,1659.0
2023-08-18,DL,DFW,ATL,1920,1920,-17.0,25,2250,2250,-3.0,0,0,210.0,179.0,1444.0
2023-08-30,UA,ATL,MCO,540,540,22.0,11,1016,1016,16.0,0,0,276.0,259.0,2006.0
2023-06-05,AA,JFK,IAH,910,910,56.0,23,1412,1412,65.0,0,0,302.0,274.0,2294.0
2023-07-02,AA,IAH,PHX,1240,1240,42.0,8,1534,1534,49.0,0,0,174.0,158.0,995.0
2023-09-02,NK,CLT,IAH,1025,1025,2.0,9,1134,1134,-4.0,0,0,69.0,55.0,185.0
2023-01-15,WN,MCO,IAH,2255,2255,4.0,9,0,0,17.0,0,0,65.0,48.0,214.0
2023-08-19,DL,SFO,MIA,1345,1345,-7.0,34,1716,1716,-5.0,0,0,211.0,166.0,1361.0
2023-09-19,DL,EWR,DFW,2215,2215,2.0,19,2255,2255,9.0,0,0,40.0,13.0,160.0
2023-02-24,AA,MCO,IAH,2145,2145,15.0,34,217,217,7.0,0,0,272.0,229.0,1860.0
2023-02-13,DL,SEA,CLT,1935,1935,-24.0,32,2206,2206,-17.0,0,0,151.0,110.0,847.0
2023-06-01,DL,ORD,LAX,1545,1545,24.0,27,2027,2027,8.0,0,0,282.0,244.0,1945.0
2023-09-28,B6,ATL,LAX,700,700,6.0,27,1126,1126,,0,0,266.0,230.0,1782.0
2023-11-05,UA,JFK,LAS,1715,1715,-7.0,16,1918,1918,-6.0,0,0,123.0,102.0,634.0
2023-04-29,DL,SFO,PHX,1120,1120,1.0,8,1331,1331,7.0,0,0,131.0,112.0,767.0
2023-02-08,B6,LAS,CLT,1735,1735,-8.0,9,2306,2306,-1.0,0,0,331.0,313.0,2464.0
2023-05-12,B6,CLT,DEN,1215,1215,-5.0,19,1826,1826,-6.0,0,0,371.0,344.0,2483.0
2023-10-29,UA,EWR,CLT,2010,2010,-14.0,33,45,45,,0,0,275.0,236.0,1824.0
2023-08-21,WN,JFK,SEA,1835,1835,-13.0,20,2250,2250,-0.0,0,0,255.0,230.0,1818.0
2023-12-11,AA,EWR,DFW,1510,1510,78.0,12,2058,2058,88.0,0,0,348.0,332.0,2523.0
2023-10-03,WN,ATL,EWR,645,645,7.0,33,936,936,14.0,0,0,171.0,129.0,1080.0
2023-06-30,NK,ATL,CLT,2105,2105,14.0,10,233,233,30.0,0,0,328.0,307.0,2445.0
2023-11-18,UA,LAX,LAS,535,535,-11.0,28,902,902,-9.0,0,0,207.0,170.0,1364.0
2023-08-17,DL,EWR,SEA,1815,1815,174.0,24,2307,2307,183.0,0,0,292.0,264.0,2063.0
2023-11-30,UA,ATL,CLT,1925,1925,11.0,33,2353,2353,12.0,0,0,268.0,226.0,1957.0
2023-12-07,AS,EWR,LAS,1900,1900,10.0,17,2022,2022,9.0,0,0,82.0,56.0,301.0
2023-02-13,WN,LAX,PHX,1255,1255,30.0,26,1535,1535,20.0,0,0,160.0,124.0,1056.0
2023-11-11,UA,SFO,ORD,1120,1120,21.0,30,1315,1315,28.0,0,0,115.0,80.0,542.0
2023-06-15,B6,ORD,LAX,1640,1640,21.0,17,2042,2042,22.0,0,0,242.0,218.0,1531.0
2023-07-15,DL,IAH,DFW,545,545,21.0,23,811,811,11.0,0,0,146.0,116.0,869.0
2023-08-26,NK,SFO,LAX,2205,2205,42.0,21,252,252,54.0,0,0,287.0,262.0,2008.0
2023-08-22,UA,CLT,SFO,1610,1610,1.0,11,2054,2054,12.0,0,0,284.0,266.0,1929.0
2023-07-13,WN,LAS,IAH,1550,1550,-6.0,9,1753,1753,7.0,0,0,123.0,110.0,550.0
2023-06-19,UA,MIA,IAH,1020,1020,-6.0,22,1658,1658,-2.0,0,0,398.0,371.0,2695.0
2023-04-05,AA,ORD,LAS,1320,1320,116.0,17,1432,1432,130.0,0,0,72.0,48.0,342.0
2023-03-18,DL,IAH,SFO,935,935,-6.0,26,1354,1354,0.0,0,0,259.0,224.0,1739.0
2023-12-17,AS,MCO,PHX,1135,1135,-7.0,19,1447,1447,11.0,0,0,192.0,166.0,1101.0
2023-04-17,NK,LAS,JFK,550,550,10.0,29,709,709,,0,0,79.0,42.0,360.0
2023-01-09,AA,EWR,CLT,2150,2150,7.0,30,411,411,8.0,0,0,381.0,344.0,2759.0
2023-11-13,AS,LAX,PHX,820,820,-38.0,8,1443,1443,-28.0,0,0,383.0,367.0,2679.0
2023-12-21,WN,SFO,MIA,1100,1100,8.0,19,1224,1224,12.0,0,0,84.0,54.0,224.0
2023-01-28,AA,JFK,MCO,2125,2125,6.0,16,2359,2359,-0.0,0,0,154.0,127.0,944.0
2023-02-17,NK,LAS,EWR,1425,1425,-1.0,18,1812,1812,-5.0,0,0,227.0,199.0,1447.0
2023-03-01,DL,IAH,MCO,2210,2210,-19.0,29,333,333,-14.0,0,0,323.0,287.0,2262.0
2023-03-28,AA,JFK,MIA,540,540,-5.0,29,1148,1148,-0.0,0,0,368.0,335.0,2735.0
2023-08-31,DL,LAS,DEN,1555,1555,-17.0,11,1732,1732,-8.0,0,0,97.0,79.0,525.0
2023-09-06,UA,SEA,JFK,2250,2250,8.0,19,212,212,9.0,0,0,202.0,173.0,1212.0
2023-08-14,UA,SFO,IAH,1400,1400,17.0,34,1652,1652,19.0,0,0,172.0,129.0,1004.0
2023-12-31,NK,DFW,MIA,1540,1540,115.0,14,1647,1647,102.0,0,0,67.0,49.0,365.0
2023-08-12,WN,MIA,CLT,1820,1820,10.0,8,48,48,5.0,0,0,388.0,369.0,2725.0
2023-06-12,AS,EWR,MCO,1405,1405,-4.0,34,1800,1800,-2.0,0,0,235.0,190.0,1729.0
2023-06-27,WN,EWR,CLT,2240,2240,6.0,31,33,33,6.0,0,0,113.0,74.0,473.0
2023-12-02,WN,JFK,ORD,1040,1040,-13.0,29,1623,1623,2.0,0,0,343.0,308.0,2418.0
2023-02-25,AA,IAH,MCO,1635,1635,-20.0,32,2019,2019,0.0,0,0,224.0,187.0,1438.0
2023-07-05,F9,MIA,CLT,1000,1000,-4.0,14,1147,1147,8.0,0,0,107.0,82.0,623.0
2023-11-04,UA,ATL,EWR,1650,1650,-4.0,23,2310,2310,6.0,0,0,380.0,348.0,2788.0
2023-03-15,AA,LAS,ORD,1750,1750,-12.0,23,2017,2017,-2.0,0,0,147.0,114.0,847.0
2023-02-16,UA,EWR,ATL,1145,1145,-4.0,8,1514,1514,7.0,0,0,209.0,193.0,1303.0
2023-06-20,NK,IAH,MIA,1200,1200,143.0,22,1614,1614,143.0,0,0,254.0,223.0,1684.0
2023-05-27,AA,EWR,CLT,955,955,-7.0,31,1345,1345,-10.0,0,0,230.0,192.0,1507.0
2023-08-22,WN,JFK,LAX,2150,2150,0.0,17,319,319,-5.0,0,0,329.0,305.0,2348.0
2023-06-25,AA,LAS,SEA,935,935,-1.0,31,1132,1132,-15.0,0,0,117.0,80.0,670.0
2023-03-14,UA,IAH,SFO,2035,2035,-5.0,25,144,144,2.0,0,0,309.0,276.0,2069.0
2023-02-21,WN,LAS,MIA,515,515,1.0,21,805,805,5.0,0,0,170.0,138.0,1002.0
2023-05-02,AS,SFO,DFW,1650,1650,5.0,13,2008,2008,1.0,0,0,198.0,179.0,1360.0
2023-01-07,AA,LAS,EWR,2215,2215,2.0,16,2357,2357,8.0,0,0,102.0,75.0,486.0
2023-10-24,WN,ORD,DFW,1540,1540,2.0,19,1859,1859,8.0,0,0,199.0,173.0,1260.0
2023-04-17,NK,CLT,LAX,1910,1910,-2.0,13,2300,2300,6.0,0,0,230.0,209.0,1493.0
2023-12-13,AA,LAX,IAH,2115,2115,-12.0,12,2253,2253,2.0,0,0,98.0,75.0,297.0
2023-07-19,DL,MCO,CLT,1725,1725,16.0,26,2236,2236,10.0,0,0,311.0,275.0,2217.0
2023-11-12,AA,LAX,DFW,1715,1715,-6.0,28,2311,2311,8.0,0,0,356.0,322.0,2372.0
2023-10-12,UA,JFK,LAX,1705,1705,14.0,22,2215,2215,16.0,0,0,310.0,282.0,2139.0
2023-02-26,WN,ORD,JFK,2150,2150,42.0,34,157,157,28.0,0,0,247.0,208.0,1698.0
2023-03-02,DL,PHX,SFO,645,645,-16.0,27,1027,1027,-11.0,0,0,222.0,189.0,1492.0
2023-06-01,WN,LAX,ATL,2215,2215,-15.0,10,15,15,-1.0,0,0,120.0,102.0,568.0
2023-12-27,UA,ATL,SEA,1415,1415,16.0,33,1848,1848,12.0,0,0,273.0,231.0,1643.0
2023-12-19,WN,EWR,SFO,1255,1255,-16.0,18,1725,1725,-12.0,0,0,270.0,246.0,1814.0
2023-10-06,AS,PHX,EWR,655,655,-23.0,29,1205,1205,-12.0,0,0,310.0,275.0,2082.0
2023-09-28,AA,PHX,ORD,940,940,62.0,13,1258,1258,64.0,0,0,198.0,180.0,1342.0
2023-05-01,DL,IAH,ORD,605,605,-6.0,34,804,804,-2.0,0,0,119.0,81.0,664.0
2023-06-01,AA,JFK,PHX,1120,1120,-17.0,29,1349,1349,-6.0,0,0,149.0,114.0,864.0
2023-06-09,AS,CLT,DFW,800,800,-18.0,16,1409,1409,-16.0,0,0,369.0,344.0,2606.0
2023-06-23,DL,SFO,CLT,1645,1645,42.0,33,1808,1808,44.0,0,0,83.0,40.0,256.0
2023-05-09,UA,ORD,JFK,655,655,-11.0,16,1210,1210,-3.0,0,0,315.0,293.0,2270.0
2023-02-03,B6,ATL,MIA,2245,2245,-5.0,15,316,316,-4.0,0,0,271.0,247.0,1844.0
2023-04-14,WN,LAX,ATL,1625,1625,6.0,9,2240,2240,11.0,0,0,375.0,360.0,2479.0
2023-11-07,UA,MIA,DFW,1830,1830,58.0,21,2041,2041,69.0,0,0,131.0,102.0,739.0
2023-10-18,AA,MIA,LAS,1845,1845,8.0,29,2340,2340,19.0,0,0,295.0,262.0,1868.0
2023-04-27,WN,ORD,MCO,1505,1505,14.0,20,1739,1739,14.0,0,0,154.0,127.0,842.0
2023-04-23,AA,SEA,MIA,950,950,-2.0,34,1244,1244,-10.0,0,0,174.0,134.0,1107.0
2023-12-25,WN,LAX,EWR,2050,2050,-10.0,17,142,142,-1.0,0,0,292.0,270.0,1988.0
2023-08-14,NK,LAS,IAH,1925,1925,14.0,11,3,3,17.0,0,0,278.0,263.0,1885.0
2023-02-14,AA,IAH,MIA,1915,1915,14.0,34,2217,2217,12.0,0,0,182.0,141.0,1212.0
2023-06-30,AS,ORD,EWR,830,830,-14.0,12,1150,1150,-12.0,0,0,200.0,180.0,1140.0
2023-05-31,DL,PHX,MCO,1520,1520,-10.0,14,1824,1824,8.0,0,0,184.0,162.0,1093.0
2023-03-06,NK,SFO,ATL,700,700,-10.0,8,1007,1007,1.0,0,0,187.0,172.0,1075.0
2023-01-21,UA,ATL,SFO,600,600,-11.0,17,1024,1024,-12.0,0,0,264.0,240.0,1827.0
2023-02-20,DL,EWR,SFO,2240,2240,34.0,11,342,342,25.0,0,0,302.0,283.0,1991.0
2023-08-11,F9,LAS,IAH,1040,1040,-14.0,10,1455,1455,-14.0,0,0,255.0,236.0,1777.0
2023-12-08,NK,ATL,MCO,1215,1215,218.0,15,1333,1333,214.0,0,0,78.0,58.0,
2023-02-08,WN,MIA,SEA,620,620,-24.0,19,1102,1102,-22.0,0,0,282.0,253.0,1903.0
2023-09-16,UA,SFO,EWR,1555,1555,171.0,16,2138,2138,178.0,0,0,343.0,321.0,2465.0
2023-03-23,DL,LAX,MCO,1030,1030,2.0,13,1240,1240,-2.0,0,0,130.0,111.0,647.0
2023-10-20,DL,MCO,SFO,1305,1305,-10.0,26,1409,1409,-10.0,0,0,64.0,28.0,167.0
2023-10-12,AA,MIA,SFO,1725,1725,-12.0,20,2121,2121,7.0,0,0,236.0,212.0,1584.0
2023-05-21,WN,CLT,SEA,2120,2120,-5.0,13,2326,2326,5.0,0,0,126.0,108.0,610.0
2023-02-24,DL,PHX,MIA,645,645,-35.0,32,931,931,-14.0,0,0,166.0,128.0,833.0
2023-10-28,B6,SFO,ATL,1535,1535,10.0,24,1818,1818,15.0,0,0,163.0,130.0,925.0
2023-05-29,WN,LAS,PHX,1520,1520,14.0,11,1639,1639,15.0,0,0,79.0,63.0,293.0
2023-07-02,NK,DFW,CLT,1200,1200,3.0,28,1747,1747,2.0,0,0,347.0,313.0,2514.0
2023-04-22,WN,PHX,IAH,1710,1710,-15.0,9,1824,1824,-16.0,0,0,74.0,60.0,308.0
2023-06-10,UA,ATL,LAS,2100,2100,2.0,31,124,124,0.0,0,0,264.0,227.0,1717.0
2023-09-07,WN,IAH,DFW,2040,2040,-15.0,15,2233,2233,-4.0,0,0,113.0,90.0,506.0
2023-11-12,AS,EWR,MCO,845,845,-24.0,25,938,938,-14.0,0,0,53.0,19.0,188.0
2023-01-01,UA,JFK,PHX,735,735,-12.0,15,1113,1113,-4.0,0,0,218.0,195.0,1379.0
2023-04-16,WN,MCO,DEN,2215,2215,-9.0,27,21,21,1.0,0,0,126.0,88.0,604.0
2023-11-21,UA,SFO,CLT,1640,1640,4.0,25,2204,2204,12.0,0,0,324.0,293.0,2283.0
2023-12-30,AA,CLT,LAS,1735,1735,8.0,24,4,4,9.0,0,0,389.0,360.0,2792.0
2023-10-19,UA,DEN,ORD,1400,1400,0.0,20,1647,1647,4.0,0,0,167.0,139.0,997.0
2023-04-22,AA,JFK,PHX,905,905,21.0,19,1436,1436,17.0,0,0,331.0,305.0,2252.0
2023-03-30,DL,EWR,CLT,1225,1225,-11.0,16,1621,1621,-4.0,0,0,236.0,215.0,1592.0
2023-10-17,UA,JFK,MIA,1235,1235,-29.0,15,1808,1808,-10.0,0,0,333.0,313.0,2363.0
2023-03-04,WN,EWR,LAX,2005,2005,-4.0,21,2208,2208,9.0,0,0,123.0,95.0,868.0
2023-02-22,WN,EWR,MCO,1140,1140,-9.0,25,1642,1642,-6.0,0,0,302.0,272.0,2028.0
2023-03-03,NK,LAX,SEA,1645,1645,-15.0,26,2101,2101,-7.0,0,0,256.0,219.0,1651.0
2023-02-03,F9,ORD,DFW,1050,1050,-10.0,34,1701,1701,-5.0,0,0,371.0,326.0,2541.0
2023-02-26,B6,PHX,MCO,1215,1215,94.0,20,1522,1522,104.0,0,0,187.0,157.0,1197.0
2023-02-22,WN,DFW,ATL,520,520,3.0,10,726,726,0.0,0,0,126.0,112.0,745.0
2023-06-10,WN,MCO,EWR,1415,1415,-5.0,22,1556,1556,6.0,0,0,101.0,75.0,313.0
2023-05-23,DL,IAH,ORD,1330,1330,5.0,9,1555,1555,-5.0,0,0,145.0,132.0,917.0
2023-06-12,AS,MCO,EWR,2010,2010,-16.0,15,201,201,-6.0,0,0,351.0,332.0,2401.0
2023-03-26,B6,MCO,JFK,1540,1540,5.0,30,1738,1738,6.0,0,0,118.0,81.0,510.0
2023-05-14,WN,SEA,SFO,640,640,-5.0,29,1246,1246,-4.0,0,0,366.0,333.0,2615.0
2023-08-05,WN,IAH,MIA,1320,1320,10.0,31,1553,1553,4.0,0,0,153.0,115.0,851.0
2023-11-13,DL,DEN,EWR,1830,1830,12.0,26,2215,2215,6.0,0,0,225.0,190.0,1495.0
2023-08-10,WN,MIA,EWR,1615,1615,-3.0,11,2104,2104,7.0,0,0,289.0,269.0,1996.0
2023-08-29,UA,DEN,LAS,1120,1120,19.0,32,1541,1541,38.0,0,0,261.0,219.0,1669.0
2023-03-10,WN,MIA,DFW,1600,1600,-2.0,14,1903,1903,-3.0,0,0,183.0,164.0,1149.0
2023-09-18,DL,JFK,LAX,1400,1400,-6.0,15,1556,1556,4.0,0,0,116.0,96.0,576.0
2023-06-08,AA,CLT,ATL,1515,1515,6.0,26,2009,2009,13.0,0,0,294.0,263.0,2094.0
2023-02-26,WN,DFW,ORD,1415,1415,-8.0,16,1649,1649,-12.0,0,0,154.0,132.0,969.0
2023-05-19,DL,SEA,CLT,835,835,-4.0,9,1201,1201,8.0,0,0,206.0,189.0,1437.0
2023-01-03,UA,ATL,PHX,1235,1235,21.0,8,1547,1547,26.0,0,0,192.0,174.0,1232.0
2023-02-21,AS,SEA,ATL,720,720,-20.0,8,1006,1006,-3.0,0,0,166.0,147.0,975.0
2023-12-17,AS,LAS,JFK,1455,1455,32.0,22,1651,1651,26.0,0,0,116.0,83.0,509.0
2023-01-20,AA,DEN,ATL,955,955,-3.0,15,1224,1224,2.0,0,0,149.0,127.0,786.0
2023-07-16,AA,ORD,MCO,2225,2225,8.0,32,251,251,12.0,0,0,266.0,226.0,1901.0
2023-03-30,AS,DFW,SEA,2150,2150,-2.0,29,2247,2247,,0,0,57.0,18.0,169.0
2023-07-22,DL,SEA,MCO,700,700,-12.0,13,1225,1225,-5.0,0,0,325.0,302.0,2417.0
2023-02-20,DL,EWR,DEN,950,950,80.0,13,1225,1225,80.0,0,0,155.0,135.0,954.0
2023-10-09,UA,CLT,JFK,1915,1915,-13.0,13,57,57,1.0,0,0,342.0,323.0,2425.0
2023-08-03,AA,MCO,PHX,615,615,-7.0,29,849,849,-3.0,0,0,154.0,118.0,859.0
2023-02-03,DL,DEN,DFW,930,930,-3.0,18,1509,1509,-10.0,0,0,339.0,315.0,2424.0
2023-05-19,UA,JFK,LAS,1700,1700,-14.0,17,2251,2251,-6.0,0,0,351.0,323.0,2415.0
2023-11-16,WN,CLT,SEA,1350,1350,-12.0,9,1903,1903,-23.0,0,0,313.0,295.0,2151.0
2023-06-23,UA,ATL,DEN,1055,1055,6.0,28,1206,1206,6.0,0,0,71.0,34.0,384.0
2023-11-11,NK,CLT,SEA,2205,2205,7.0,19,355,355,,0,0,350.0,320.0,2377.0
2023-01-19,UA,LAS,EWR,1930,1930,30.0,26,2139,2139,44.0,0,0,129.0,96.0,779.0
2023-11-04,UA,EWR,CLT,1535,1535,13.0,34,2132,2132,12.0,0,0,357.0,312.0,2437.0
2023-08-11,NK,DFW,LAS,610,610,10.0,9,1111,1111,4.0,0,0,301.0,286.0,2091.0
2023-02-07,DL,SEA,PHX,2055,2055,38.0,13,54,54,13.0,0,0,239.0,216.0,1467.0
2023-06-09,DL,ORD,JFK,1635,1635,10.0,22,2311,2311,18.0,0,0,396.0,367.0,2756.0
2023-03-31,WN,EWR,JFK,2105,2105,18.0,24,2327,2327,20.0,0,0,142.0,108.0,855.0
2023-05-14,WN,DFW,DEN,1105,1105,67.0,27,1229,1229,58.0,0,0,84.0,51.0,390.0
2023-12-30,AA,MIA,DFW,730,730,-1.0,24,1303,1303,-5.0,0,0,333.0,305.0,2198.0
2023-06-18,AA,MCO,SFO,1540,1540,-13.0,24,2025,2025,-8.0,0,0,285.0,250.0,2003.0
2023-05-09,NK,SEA,DFW,1810,1810,1.0,18,2256,2256,10.0,0,0,286.0,260.0,2014.0
2023-08-03,AS,DEN,LAX,1425,1425,7.0,27,1756,1756,3.0,0,0,211.0,173.0,1305.0
2023-08-01,DL,ATL,SEA,855,855,-0.0,25,1126,1126,3.0,0,0,151.0,119.0,868.0
2023-10-15,DL,SFO,DFW,605,605,-20.0,11,1205,1205,-5.0,0,0,360.0,342.0,2634.0
2023-04-29,WN,DEN,LAS,955,955,-17.0,33,1452,1452,1.0,0,0,297.0,253.0,2108.0
2023-04-27,WN,CLT,JFK,1535,1535,9.0,26,1902,1902,0.0,0,0,207.0,175.0,1494.0
2023-12-19,DL,SEA,IAH,1410,1410,133.0,17,1556,1556,132.0,0,0,106.0,84.0,451.0
2023-04-27,WN,SFO,IAH,1425,1425,-20.0,21,1812,1812,-2.0,0,0,227.0,201.0,1354.0
2023-09-29,B6,SEA,ORD,745,745,8.0,34,1030,1030,2.0,0,0,165.0,127.0,985.0
2023-02-02,NK,EWR,MIA,1340,1340,20.0,15,1922,1922,12.0,0,0,342.0,317.0,2367.0
2023-09-12,WN,MCO,IAH,1220,1220,1.0,28,1805,1805,1.0,0,0,345.0,310.0,2351.0
2023-09-26,AA,CLT,JFK,2145,2145,28.0,12,301,301,20.0,0,0,316.0,300.0,2315.0
2023-06-23,UA,MIA,CLT,1530,1530,1.0,17,1904,1904,5.0,0,0,214.0,188.0,1425.0
2023-08-03,WN,DEN,LAS,1530,1530,16.0,31,1632,1632,11.0,0,0,62.0,22.0,163.0
2023-06-21,DL,LAX,ORD,2025,2025,7.0,31,52,52,7.0,0,0,267.0,228.0,1914.0
2023-02-05,F9,DEN,PHX,1025,1025,17.0,17,1515,1515,10.0,0,0,290.0,264.0,2006.0
2023-10-14,DL,LAX,ATL,1735,1735,19.0,33,1927,1927,8.0,0,0,112.0,74.0,679.0
2023-06-04,UA,CLT,IAH,1150,1150,18.0,14,1820,1820,13.0,0,0,390.0,367.0,2759.0
2023-12-30,DL,ATL,MIA,1330,1330,153.0,33,1813,1813,155.0,0,0,283.0,246.0,1980.0
2023-02-08,AA,ATL,MIA,1330,1330,10.0,11,1541,1541,,0,0,131.0,109.0,814.0
2023-08-16,AS,JFK,SFO,1625,1625,-1.0,34,2229,2229,4.0,0,0,364.0,326.0,2563.0
2023-02-13,DL,SFO,JFK,1335,1335,13.0,32,1521,1521,,0,0,106.0,68.0,449.0
2023-03-31,AA,CLT,LAX,550,550,-14.0,9,955,955,-16.0,0,0,245.0,227.0,1858.0
2023-09-28,DL,ORD,DFW,1310,1310,6.0,14,1905,1905,4.0,0,0,355.0,331.0,2516.0
2023-11-16,NK,DFW,DEN,1910,1910,7.0,31,2213,2213,0.0,0,0,183.0,143.0,1206.0
2023-07-23,AA,SFO,LAS,1300,1300,-7.0,14,1540,1540,-4.0,0,0,160.0,137.0,1113.0
2023-06-18,DL,EWR,MCO,840,840,10.0,30,1453,1453,-6.0,0,0,373.0,333.0,2798.0
2023-02-17,NK,ATL,ORD,505,505,-15.0,31,624,624,-12.0,0,0,79.0,39.0,304.0
2023-07-04,AA,SFO,LAS,1410,1410,-7.0,18,1523,1523,-10.0,0,0,73.0,47.0,248.0
2023-12-04,DL,EWR,DEN,1655,1655,365.0,32,2030,2030,355.0,0,0,215.0,175.0,1446.0
2023-04-30,WN,SEA,PHX,1935,1935,-3.0,34,20,20,11.0,0,0,285.0,242.0,1849.0
2023-02-12,UA,CLT,MCO,520,520,6.0,13,800,800,-5.0,0,0,160.0,139.0,931.0
2023-08-10,B6,ORD,MCO,1400,1400,-21.0,31,1952,1952,,0,0,352.0,313.0,2497.0
2023-01-06,UA,SEA,MIA,920,920,7.0,34,1138,1138,-1.0,0,0,138.0,93.0,749.0
2023-03-18,B6,DEN,MCO,1745,1745,6.0,19,2038,2038,11.0,0,0,173.0,147.0,1181.0
2023-05-24,NK,MIA,SEA,955,955,-12.0,10,1610,1610,-6.0,0,0,375.0,357.0,2670.0
2023-04-20,B6,ATL,MIA,1250,1250,27.0,29,1658,1658,22.0,0,0,248.0,210.0,1653.0
2023-02-08,AA,SEA,MCO,1020,1020,-5.0,22,1516,1516,-6.0,0,0,296.0,266.0,2147.0
2023-10-15,B6,IAH,ATL,1440,1440,-9.0,16,1725,1725,-7.0,0,0,165.0,145.0,974.0
2023-03-31,WN,ORD,JFK,1130,1130,-5.0,14,1552,1552,-4.0,0,0,262.0,237.0,1832.0
2023-04-07,AA,SFO,PHX,540,540,-12.0,27,1142,1142,-7.0,0,0,362.0,330.0,2515.0
2023-05-02,F9,ATL,LAX,755,755,-19.0,25,1118,1118,-9.0,0,0,203.0,172.0,1507.0
2023-06-30,F9,IAH,PHX,1455,1455,0.0,21,2032,2032,10.0,0,0,337.0,309.0,2325.0
2023-11-17,UA,MIA,ORD,905,905,3.0,27,1417,1417,2.0,0,0,312.0,276.0,2223.0
2023-04-05,UA,ORD,SFO,2000,2000,8.0,28,2109,2109,12.0,0,0,69.0,30.0,219.0
2023-03-29,AA,ATL,CLT,720,720,3.0,30,921,921,1.0,0,0,121.0,85.0,688.0
2023-05-06,WN,LAX,CLT,1255,1255,-7.0,33,1517,1517,,0,0,142.0,100.0,764.0
2023-12-01,AS,PHX,JFK,555,555,-19.0,24,848,848,-14.0,0,0,173.0,142.0,1031.0
2023-03-01,UA,JFK,ATL,2235,2235,-20.0,32,40,40,-5.0,0,0,125.0,84.0,653.0
2023-08-04,DL,MIA,SFO,2140,2140,2.0,30,2340,2340,7.0,0,0,120.0,84.0,530.0
2023-06-08,DL,DFW,LAX,615,615,-2.0,10,1159,1159,-13.0,0,0,344.0,328.0,2401.0
2023-11-16,B6,LAX,SFO,2010,2010,65.0,25,2326,2326,66.0,0,0,196.0,161.0,1286.0
2023-02-08,WN,ATL,SEA,1540,1540,15.0,8,1754,1754,11.0,0,0,134.0,118.0,606.0
2023-05-04,B6,EWR,JFK,1850,1850,17.0,28,2255,2255,16.0,0,0,245.0,210.0,1598.0
2023-11-05,B6,DEN,CLT,2010,2010,281.0,32,48,48,284.0,0,0,278.0,242.0,1979.0
2023-11-08,WN,DEN,ORD,810,810,-1.0,20,929,929,6.0,0,0,79.0,51.0,369.0
2023-02-26,B6,IAH,SEA,1455,1455,5.0,14,1628,1628,5.0,0,0,93.0,70.0,419.0
2023-08-03,WN,PHX,JFK,1825,1825,-34.0,31,2350,2350,-14.0,0,0,325.0,283.0,2247.0
2023-06-17,AS,PHX,LAX,1910,1910,5.0,19,2132,2132,7.0,0,0,142.0,112.0,831.0
2023-02-19,AS,EWR,MIA,1225,1225,-5.0,11,1458,1458,5.0,0,0,153.0,132.0,860.0
2023-03-28,AA,LAX,SFO,1825,1825,-2.0,22,2115,2115,11.0,0,0,170.0,144.0,954.0
2023-05-04,NK,SEA,DFW,2210,2210,-1.0,12,32,32,-5.0,0,0,142.0,123.0,736.0
2023-06-14,AA,DEN,SFO,700,700,19.0,29,1328,1328,14.0,0,0,388.0,354.0,2749.0
2023-05-13,WN,LAS,ORD,620,620,7.0,12,1145,1145,-3.0,0,0,325.0,306.0,2375.0
2023-11-17,AS,PHX,CLT,1020,1020,-1.0,28,1529,1529,-5.0,0,0,309.0,275.0,2035.0
2023-08-26,DL,SFO,SEA,540,540,-9.0,22,1102,1102,-5.0,0,0,322.0,295.0,2269.0
2023-06-04,WN,EWR,SEA,1330,1330,9.0,17,1804,1804,7.0,0,0,274.0,253.0,1967.0
2023-05-13,AS,SFO,SEA,1645,1645,-14.0,14,1902,1902,-3.0,0,0,137.0,117.0,743.0
2023-12-11,NK,SFO,LAS,655,655,14.0,10,1233,1233,9.0,0,0,338.0,322.0,2254.0
2023-08-25,NK,ORD,ATL,1530,1530,9.0,26,1920,1920,10.0,0,0,230.0,199.0,1747.0
2023-06-02,WN,JFK,SFO,725,725,6.0,22,835,835,-1.0,0,0,70.0,43.0,224.0
2023-04-25,AA,CLT,ATL,1730,1730,-10.0,22,2326,2326,2.0,0,0,356.0,323.0,2584.0
2023-10-03,NK,LAS,MCO,2240,2240,19.0,29,302,302,14.0,0,0,262.0,227.0,1805.0
2023-01-23,AA,IAH,DFW,1850,1850,21.0,23,2344,2344,24.0,0,0,294.0,265.0,1846.0
2023-03-05,UA,LAX,PHX,945,945,4.0,33,1315,1315,-2.0,0,0,210.0,169.0,1272.0
2023-03-29,UA,LAX,EWR,1505,1505,-3.0,33,2106,2106,8.0,0,0,361.0,318.0,2652.0
2023-12-04,WN,MIA,LAS,1745,1745,-24.0,26,2308,2308,-9.0,0,0,323.0,291.0,2155.0
2023-02-03,UA,JFK,MCO,1825,1825,19.0,25,2153,2153,19.0,0,0,208.0,178.0,1330.0
2023-06-14,WN,CLT,IAH,1355,1355,-2.0,18,1847,1847,12.0,0,0,292.0,266.0,2018.0
2023-02-12,AS,LAX,ORD,940,940,27.0,17,1037,1037,10.0,0,0,57.0,30.0,173.0
2023-12-26,AA,DFW,ATL,1745,1745,-17.0,8,2300,2300,4.0,0,0,315.0,299.0,2026.0
2023-08-03,WN,ORD,EWR,1820,1820,-14.0,28,1933,1933,7.0,0,0,73.0,38.0,207.0
2023-12-11,B6,CLT,SEA,2040,2040,-32.0,23,45,45,,0,0,245.0,213.0,1477.0
2023-09-03,WN,PHX,IAH,1635,1635,20.0,31,2056,2056,12.0,0,0,261.0,224.0,1744.0
2023-10-22,AS,SFO,ORD,1615,1615,4.0,27,2000,2000,-3.0,0,0,225.0,190.0,1546.0
2023-07-27,DL,CLT,DFW,1030,1030,-14.0,27,1616,1616,-1.0,0,0,346.0,310.0,2425.0
2023-01-31,DL,JFK,LAX,510,510,10.0,30,1057,1057,5.0,0,0,347.0,306.0,2373.0
2023-05-18,WN,JFK,PHX,740,740,-22.0,8,1043,1043,-8.0,0,0,183.0,167.0,940.0
2023-05-09,AA,JFK,DEN,610,610,15.0,14,1102,1102,20.0,0,0,292.0,273.0,1880.0
2023-05-19,UA,DEN,CLT,1155,1155,9.0,16,1406,1406,14.0,0,0,131.0,110.0,707.0
2023-07-05,WN,MCO,ORD,1315,1315,-14.0,27,1553,1553,-8.0,0,0,158.0,123.0,1020.0
2023-11-01,WN,SFO,SEA,1005,1005,8.0,20,1311,1311,2.0,0,0,186.0,158.0,1073.0
2023-11-07,WN,PHX,DEN,1245,1245,7.0,22,1452,1452,6.0,0,0,127.0,97.0,774.0
2023-06-07,UA,LAS,MCO,1815,1815,-16.0,11,2118,2118,-7.0,0,0,183.0,164.0,1135.0
2023-04-19,AS,JFK,ATL,2150,2150,-0.0,28,417,417,9.0,0,0,387.0,351.0,2732.0
2023-11-19,NK,MCO,IAH,735,735,2.0,29,1227,1227,2.0,0,0,292.0,256.0,2145.0
2023-02-10,WN,EWR,ATL,1505,1505,5.0,11,1836,1836,16.0,0,0,211.0,193.0,1353.0
2023-05-28,DL,DFW,EWR,1610,1610,5.0,12,2126,2126,14.0,0,0,316.0,293.0,2039.0
2023-03-30,B6,SEA,ATL,1055,1055,-4.0,22,1211,1211,1.0,0,0,76.0,44.0,353.0
2023-04-01,AA,PHX,DEN,710,710,-15.0,16,946,946,-12.0,0,0,156.0,129.0,820.0
2023-12-20,AA,SFO,JFK,1600,1600,-6.0,33,1837,1837,-11.0,0,0,157.0,117.0,908.0
2023-09-12,WN,IAH,LAX,2035,2035,-7.0,24,1,1,7.0,0,0,206.0,177.0,1432.0
2023-12-29,NK,ATL,LAS,1105,1105,-3.0,11,1522,1522,10.0,0,0,257.0,241.0,1705.0
2023-10-12,UA,JFK,SFO,2030,2030,8.0,16,238,238,9.0,0,0,368.0,343.0,2603.0
2023-03-17,AA,CLT,LAX,1300,1300,-13.0,24,1722,1722,-10.0,0,0,262.0,232.0,1769.0
2023-02-09,WN,SFO,ORD,2205,2205,2.0,26,58,58,6.0,0,0,173.0,142.0,1086.0
2023-01-01,WN,LAS,MCO,650,650,18.0,25,1216,1216,22.0,0,0,326.0,292.0,2169.0
2023-02-20,WN,JFK,IAH,1220,1220,-7.0,18,1654,1654,-11.0,0,0,274.0,247.0,1858.0
2023-01-13,WN,EWR,MCO,1405,1405,-24.0,19,1544,1544,-9.0,0,0,99.0,76.0,461.0
2023-10-06,UA,JFK,CLT,2040,2040,15.0,23,232,232,19.0,0,0,352.0,319.0,2546.0
2023-03-25,AA,DEN,SFO,915,915,0.0,20,1139,1139,-1.0,0,0,144.0,117.0,798.0
2023-04-23,AA,DFW,PHX,1605,1605,2.0,15,2155,2155,4.0,0,0,350.0,331.0,2473.0
2023-03-11,WN,IAH,SEA,845,845,-13.0,18,1022,1022,-6.0,0,0,97.0,73.0,438.0
2023-02-07,UA,EWR,ORD,1120,1120,4.0,11,1515,1515,-2.0,0,0,235.0,218.0,1596.0
2023-07-13,UA,JFK,SFO,2135,2135,14.0,8,2244,2244,-0.0,0,0,69.0,53.0,253.0
2023-09-16,UA,EWR,IAH,1525,1525,6.0,32,2100,2100,7.0,0,0,335.0,293.0,2360.0
2023-01-25,WN,ATL,PHX,1455,1455,3.0,11,2022,2022,4.0,0,0,327.0,306.0,2247.0
2023-05-05,UA,LAX,SEA,1810,1810,-3.0,18,2102,2102,-0.0,0,0,172.0,144.0,961.0
2023-06-23,B6,DEN,IAH,745,745,34.0,18,1222,1222,36.0,0,0,277.0,248.0,1852.0
2023-10-05,WN,MCO,SEA,1755,1755,8.0,12,2212,2212,-1.0,0,0,257.0,238.0,1711.0
2023-07-03,AA,SFO,DEN,1810,1810,-20.0,23,2024,2024,-10.0,0,0,134.0,105.0,748.0
2023-05-27,B6,MCO,PHX,935,935,-5.0,11,1138,1138,,0,0,123.0,102.0,670.0
2023-09-09,AA,SFO,SEA,1655,1655,5.0,20,2227,2227,12.0,0,0,332.0,303.0,2354.0
2023-02-18,WN,ORD,SEA,935,935,-29.0,29,1327,1327,-11.0,0,0,232.0,198.0,1592.0
2023-04-05,UA,SFO,JFK,700,700,182.0,19,917,917,173.0,0,0,137.0,111.0,767.0
2023-11-16,NK,LAS,EWR,945,945,-12.0,9,1113,1113,-12.0,0,0,88.0,71.0,416.0
2023-08-08,AS,PHX,EWR,655,655,-19.0,8,1041,1041,-15.0,0,0,226.0,207.0,1491.0
2023-04-21,DL,JFK,IAH,915,915,5.0,19,1250,1250,12.0,0,0,215.0,188.0,1454.0
2023-02-07,UA,CLT,LAS,2025,2025,8.0,16,35,35,8.0,0,0,250.0,223.0,1592.0
2023-06-12,AA,ATL,LAX,545,545,-20.0,8,829,829,-9.0,0,0,164.0,147.0,974.0
2023-10-29,UA,DFW,ORD,1110,1110,-13.0,12,1452,1452,-2.0,0,0,222.0,200.0,1471.0
2023-09-20,AS,ATL,DFW,645,645,-24.0,8,1248,1248,-18.0,0,0,363.0,345.0,2559.0
2023-11-21,B6,IAH,DFW,2225,2225,8.0,28,321,321,5.0,0,0,296.0,258.0,2010.0
2023-09-05,NK,MIA,EWR,1945,1945,-6.0,18,2114,2114,-2.0,0,0,89.0,62.0,336.0
2023-01-16,DL,MCO,IAH,735,735,-6.0,19,1410,1410,-4.0,0,0,395.0,365.0,2724.0
2023-02-08,DL,LAS,MCO,1135,1135,-3.0,24,1309,1309,2.0,0,0,94.0,65.0,536.0
2023-07-04,DL,SEA,EWR,2015,2015,16.0,22,134,134,-1.0,0,0,319.0,289.0,2293.0
2023-12-10,WN,PHX,SEA,1155,1155,8.0,15,1654,1654,12.0,0,0,299.0,274.0,2223.0
2023-07-15,B6,DFW,LAS,1600,1600,4.0,10,2145,2145,1.0,0,0,345.0,327.0,2399.0
2023-07-09,UA,DEN,ATL,830,830,-0.0,26,1234,1234,-5.0,0,0,244.0,212.0,1757.0
2023-01-09,WN,LAS,ORD,1455,1455,-15.0,8,1714,1714,-4.0,0,0,139.0,122.0,745.0
2023-11-22,NK,CLT,ATL,840,840,93.0,21,1104,1104,86.0,0,0,144.0,119.0,809.0
2023-03-24,UA,SEA,ORD,2045,2045,8.0,34,2212,2212,17.0,0,0,87.0,48.0,432.0
2023-04-20,UA,DFW,CLT,1245,1245,-16.0,15,1727,1727,-11.0,0,0,282.0,259.0,2064.0
2023-08-26,B6,SFO,EWR,1250,1250,-14.0,21,1648,1648,4.0,0,0,238.0,213.0,1596.0
2023-02-01,DL,ATL,SEA,2215,2215,11.0,16,27,27,,0,0,132.0,111.0,640.0
2023-12-06,WN,LAS,SEA,1545,1545,-16.0,16,1838,1838,-17.0,0,0,173.0,151.0,1098.0
2023-09-29,AS,SFO,SEA,510,510,-8.0,15,949,949,2.0,0,0,279.0,254.0,1927.0
2023-01-23,UA,MIA,ORD,505,505,-17.0,26,819,819,5.0,0,0,194.0,160.0,1309.0
2023-10-20,WN,IAH,MCO,650,650,7.0,29,802,802,13.0,0,0,72.0,37.0,344.0
2023-07-22,WN,ATL,MCO,2105,2105,18.0,23,239,239,18.0,0,0,334.0,300.0,2131.0
2023-08-13,AA,ATL,MIA,1105,1105,-5.0,9,1313,1313,3.0,0,0,128.0,110.0,886.0
2023-12-04,DL,EWR,LAX,1800,1800,28.0,17,2332,2332,16.0,0,0,332.0,308.0,2338.0
2023-09-28,WN,MCO,SEA,2055,2055,-6.0,27,2152,2152,-2.0,0,0,57.0,22.0,257.0
2023-05-12,WN,LAS,IAH,1235,1235,2.0,9,1605,1605,9.0,0,0,210.0,194.0,1358.0
2023-02-21,UA,IAH,MIA,1115,1115,7.0,19,1717,1717,13.0,0,0,362.0,336.0,2551.0
2023-09-01,WN,DFW,PHX,1310,1310,-26.0,20,1800,1800,-8.0,0,0,290.0,260.0,2036.0
2023-07-19,AA,EWR,PHX,1810,1810,18.0,10,2040,2040,14.0,0,0,150.0,132.0,853.0
2023-11-08,AS,MCO,JFK,2100,2100,-18.0,24,51,51,-6.0,0,0,231.0,201.0,1461.0
2023-04-03,UA,DEN,LAS,1925,1925,42.0,33,2047,2047,49.0,0,0,82.0,45.0,354.0
2023-03-06,UA,MCO,CLT,1100,1100,13.0,18,1505,1505,17.0,0,0,245.0,219.0,1448.0
2023-05-24,WN,DEN,LAX,1655,1655,9.0,25,2110,2110,-3.0,0,0,255.0,224.0,1911.0
2023-06-20,AS,DEN,PHX,545,545,-2.0,8,1003,1003,-11.0,0,0,258.0,244.0,1761.0
2023-02-27,DL,LAX,JFK,1425,1425,-11.0,33,1959,1959,-4.0,0,0,334.0,296.0,2355.0
2023-02-06,AA,ORD,IAH,705,705,-5.0,19,857,857,-3.0,0,0,112.0,86.0,587.0
2023-10-08,NK,LAS,CLT,805,805,14.0,32,927,927,5.0,0,0,82.0,39.0,302.0
2023-06-09,WN,LAS,ORD,1550,1550,8.0,32,1848,1848,10.0,0,0,178.0,137.0,1095.0
2023-01-11,AA,EWR,ORD,520,520,12.0,12,1144,1144,8.0,0,0,384.0,365.0,2740.0
2023-12-17,WN,SFO,SEA,500,500,0.0,10,620,620,4.0,0,0,80.0,60.0,286.0
2023-04-30,AA,SFO,IAH,715,715,-0.0,12,1301,1301,4.0,0,0,346.0,326.0,2363.0
2023-07-25,DL,DFW,JFK,1215,1215,-13.0,26,1626,1626,-6.0,0,0,251.0,221.0,1689.0
2023-02-09,NK,SFO,SEA,1715,1715,-3.0,30,2107,2107,8.0,0,0,232.0,194.0,1584.0
2023-06-13,AA,ATL,JFK,825,825,-9.0,22,1154,1154,-6.0,0,0,209.0,179.0,1224.0
2023-04-06,UA,IAH,PHX,1700,1700,5.0,29,2115,2115,30.0,0,0,255.0,217.0,1692.0
2023-02-28,WN,MCO,IAH,1510,1510,-6.0,24,1611,1611,-3.0,0,0,61.0,33.0,247.0
2023-02-23,WN,ATL,LAS,745,745,-4.0,17,1021,1021,-7.0,0,0,156.0,129.0,988.0
2023-07-18,AA,ATL,LAX,1200,1200,5.0,11,1648,1648,-5.0,0,0,288.0,271.0,1868.0
2023-10-23,AA,IAH,SEA,1240,1240,6.0,32,1913,1913,12.0,0,0,393.0,352.0,2756.0
2023-12-24,DL,MIA,EWR,1110,1110,-13.0,8,1710,1710,-5.0,0,0,360.0,348.0,2491.0
2023-05-08,AA,SFO,ORD,855,855,4.0,21,1454,1454,1.0,0,0,359.0,332.0,2613.0
2023-07-29,WN,ORD,MCO,2100,2100,4.0,8,311,311,14.0,0,0,371.0,352.0,2545.0
2023-11-05,WN,LAX,JFK,1310,1310,-1.0,20,1432,1432,9.0,0,0,82.0,58.0,401.0
2023-05-15,WN,CLT,LAX,1955,1955,-18.0,11,101,101,-15.0,0,0,306.0,287.0,1976.0
2023-09-04,DL,ORD,CLT,755,755,32.0,15,1337,1337,15.0,0,0,342.0,316.0,2371.0
2023-09-24,F9,PHX,ATL,1250,1250,10.0,34,1411,1411,9.0,0,0,81.0,41.0,297.0
2023-09-13,WN,CLT,JFK,1835,1835,9.0,28,2016,2016,11.0,0,0,101.0,64.0,401.0
2023-12-18,WN,SFO,IAH,825,825,7.0,28,1054,1054,19.0,0,0,149.0,110.0,846.0
2023-08-15,B6,MCO,CLT,2240,2240,-5.0,34,149,149,0.0,0,0,189.0,151.0,1222.0
2023-07-07,UA,EWR,IAH,600,600,18.0,29,914,914,22.0,0,0,194.0,156.0,1179.0
2023-02-17,DL,ORD,MCO,1415,1415,-4.0,16,1906,1906,-10.0,0,0,291.0,268.0,1933.0
2023-06-26,NK,CLT,PHX,855,855,84.0,22,1124,1124,86.0,0,0,149.0,122.0,790.0
2023-03-18,AA,PHX,JFK,1705,1705,4.0,23,1759,1759,1.0,0,0,54.0,22.0,151.0
2023-01-13,DL,DEN,ORD,1510,1510,-3.0,30,1926,1926,5.0,0,0,256.0,216.0,1678.0
2023-10-01,B6,EWR,SEA,2240,2240,-1.0,27,2347,2347,12.0,0,0,67.0,29.0,212.0
2023-02-07,B6,MCO,DEN,1130,1130,-8.0,26,1701,1701,-7.0,0,0,331.0,295.0,2355.0
2023-09-20,B6,SEA,ATL,1045,1045,7.0,32,1557,1557,15.0,0,0,312.0,275.0,2102.0
2023-12-21,DL,PHX,MIA,715,715,-13.0,12,904,904,-11.0,0,0,109.0,91.0,605.0
2023-12-27,UA,MIA,ATL,1030,1030,-10.0,30,1213,1213,-8.0,0,0,103.0,66.0,520.0
2023-03-23,WN,MIA,LAX,1920,1920,-5.0,24,2058,2058,-3.0,0,0,98.0,69.0,610.0
2023-02-10,F9,ATL,PHX,1830,1830,3.0,20,2254,2254,9.0,0,0,264.0,236.0,1843.0
2023-12-05,F9,LAS,MCO,740,740,1.0,27,1059,1059,3.0,0,0,199.0,163.0,991.0
2023-02-21,AA,DEN,MCO,1700,1700,-4.0,23,1859,1859,9.0,0,0,119.0,87.0,711.0
2023-05-26,WN,PHX,LAS,1650,1650,13.0,34,1822,1822,19.0,0,0,92.0,51.0,549.0
2023-07-14,UA,SEA,MIA,945,945,12.0,32,1503,1503,7.0,0,0,318.0,279.0,2420.0
2023-02-18,AS,PHX,SEA,1145,1145,9.0,10,1347,1347,2.0,0,0,122.0,103.0,780.0
2023-12-22,AA,PHX,SEA,705,705,52.0,24,1036,1036,52.0,0,0,211.0,178.0,1413.0
2023-07-17,DL,SEA,SFO,730,730,-6.0,21,1251,1251,6.0,0,0,321.0,294.0,2219.0
2023-10-19,F9,EWR,SEA,1620,1620,17.0,19,2220,2220,18.0,0,0,360.0,332.0,2557.0
2023-10-11,DL,PHX,SEA,1645,1645,-9.0,9,2152,2152,1.0,0,0,307.0,288.0,2211.0
2023-01-23,AA,DFW,SFO,2205,2205,17.0,29,2306,2306,34.0,0,0,61.0,25.0,183.0
2023-07-14,WN,JFK,DFW,1125,1125,-3.0,29,1715,1715,12.0,0,0,350.0,316.0,2487.0
2023-02-27,AS,MIA,PHX,1350,1350,21.0,11,1910,1910,22.0,0,0,320.0,300.0,2143.0
2023-11-14,AA,LAS,SFO,2245,2245,5.0,28,109,109,14.0,0,0,144.0,112.0,788.0
2023-01-20,F9,ORD,IAH,2215,2215,9.0,23,352,352,3.0,0,0,337.0,307.0,2331.0
2023-05-17,AS,LAX,MIA,2130,2130,1.0,28,206,206,2.0,0,0,276.0,240.0,2031.0
2023-12-26,WN,DFW,MIA,1550,1550,4.0,29,1652,1652,7.0,0,0,62.0,22.0,237.0
2023-11-11,AA,SEA,IAH,1425,1425,-18.0,9,1533,1533,-9.0,0,0,68.0,52.0,252.0
2023-11-07,DL,JFK,MCO,1105,1105,1.0,8,1452,1452,6.0,0,0,227.0,211.0,1455.0
2023-09-11,B6,LAX,LAS,500,500,-29.0,22,843,843,-19.0,0,0,223.0,190.0,1526.0
2023-11-10,F9,ORD,SEA,1340,1340,30.0,11,2018,2018,20.0,0,0,398.0,382.0,2714.0
2023-09-19,AA,ORD,IAH,625,625,-1.0,31,1219,1219,1.0,0,0,354.0,312.0,2424.0
2023-02-13,UA,SFO,IAH,540,540,11.0,17,1119,1119,6.0,0,0,339.0,314.0,2401.0
2023-10-06,B6,IAH,MIA,845,845,-8.0,33,1149,1149,-3.0,0,0,184.0,144.0,1086.0
2023-10-25,WN,MCO,EWR,1900,1900,10.0,28,2146,2146,21.0,0,0,166.0,134.0,988.0
2023-06-30,AA,PHX,ATL,1805,1805,68.0,34,1934,1934,75.0,0,0,89.0,50.0,418.0
2023-11-16,AA,DFW,ATL,1350,1350,0.0,18,1516,1516,1.0,0,0,86.0,62.0,328.0
2023-07-12,UA,ATL,DFW,915,915,87.0,25,1430,1430,101.0,0,0,315.0,284.0,2376.0
2023-09-21,WN,EWR,CLT,1700,1700,1.0,19,2011,2011,13.0,0,0,191.0,162.0,1158.0
2023-02-02,B6,SEA,LAX,530,530,7.0,8,745,745,0.0,0,0,135.0,120.0,834.0
2023-12-08,NK,DFW,ORD,2220,2220,1.0,16,2308,2308,9.0,0,0,48.0,21.0,180.0
2023-10-20,UA,LAX,PHX,1955,1955,191.0,13,2158,2158,194.0,0,0,123.0,101.0,567.0
2023-05-02,DL,CLT,SEA,645,645,-30.0,31,818,818,-25.0,0,0,93.0,55.0,365.0
2023-03-01,AS,SFO,JFK,1355,1355,66.0,31,1911,1911,68.0,0,0,316.0,275.0,2281.0
2023-01-31,AS,LAX,ORD,1805,1805,2.0,26,2346,2346,-16.0,0,0,341.0,305.0,2309.0
2023-07-13,WN,MCO,SFO,1210,1210,10.0,25,1641,1641,9.0,0,0,271.0,236.0,1740.0
2023-03-06,WN,DFW,ATL,1000,1000,41.0,18,1555,1555,48.0,0,0,355.0,329.0,2544.0
2023-06-13,UA,MCO,EWR,2040,2040,26.0,28,2353,2353,14.0,0,0,193.0,155.0,1301.0
2023-03-11,F9,CLT,JFK,650,650,22.0,13,1048,1048,19.0,0,0,238.0,218.0,1547.0
2023-03-12,WN,JFK,LAS,815,815,-7.0,27,1334,1334,-10.0,0,0,319.0,287.0,2364.0
2023-12-20,WN,LAX,CLT,1525,1525,19.0,17,2048,2048,8.0,0,0,323.0,297.0,2151.0
2023-01-15,F9,MIA,LAX,1400,1400,8.0,16,1808,1808,9.0,0,0,248.0,221.0,1664.0
2023-01-15,WN,MCO,CLT,1655,1655,9.0,13,1905,1905,7.0,0,0,130.0,106.0,627.0
2023-11-15,F9,MIA,SFO,1950,1950,-22.0,15,137,137,-14.0,0,0,347.0,327.0,2520.0
2023-05-11,AA,CLT,LAX,1410,1410,2.0,20,1547,1547,-0.0,0,0,97.0,68.0,397.0
2023-11-13,AA,PHX,LAS,600,600,-12.0,9,903,903,6.0,0,0,183.0,165.0,991.0
2023-12-10,AA,ORD,IAH,825,825,18.0,28,1434,1434,20.0,0,0,369.0,336.0,2550.0
2023-01-29,NK,MIA,ORD,1005,1005,-3.0,19,1435,1435,5.0,0,0,270.0,241.0,1749.0
2023-01-18,DL,LAX,DEN,1150,1150,14.0,13,1325,1325,8.0,0,0,95.0,77.0,467.0
2023-11-22,WN,MCO,EWR,1740,1740,-9.0,19,2310,2310,,0,0,330.0,306.0,2444.0
2023-09-30,AA,DEN,IAH,1355,1355,-29.0,14,1511,1511,-10.0,0,0,76.0,54.0,241.0
2023-02-15,B6,JFK,MIA,1410,1410,2.0,19,1703,1703,1.0,0,0,173.0,143.0,1128.0
2023-01-03,B6,EWR,ATL,1150,1150,0.0,25,1327,1327,11.0,0,0,97.0,64.0,506.0
2023-11-12,B6,ORD,DFW,925,925,-11.0,26,1538,1538,-14.0,0,0,373.0,337.0,2559.0
2023-02-25,NK,EWR,DEN,1740,1740,-2.0,20,2204,2204,5.0,0,0,264.0,238.0,1848.0
2023-04-09,AA,IAH,SFO,1340,1340,-2.0,33,1709,1709,-7.0,0,0,209.0,170.0,1456.0
2023-07-24,DL,ORD,MCO,1335,1335,-16.0,15,1853,1853,-4.0,0,0,318.0,295.0,2217.0
2023-12-02,AA,CLT,JFK,1330,1330,15.0,28,1436,1436,13.0,0,0,66.0,29.0,209.0
2023-09-01,AS,ATL,PHX,1635,1635,4.0,26,2216,2216,7.0,0,0,341.0,310.0,2344.0
2023-09-12,DL,LAX,DEN,1355,1355,-17.0,25,1532,1532,-14.0,0,0,97.0,67.0,370.0
2023-03-13,AA,JFK,ATL,1210,1210,15.0,9,1809,1809,24.0,0,0,359.0,340.0,2514.0
2023-05-16,WN,MCO,LAX,840,840,-17.0,24,1307,1307,-7.0,0,0,267.0,234.0,1788.0
2023-12-18,UA,EWR,SFO,650,650,-12.0,32,940,940,-0.0,0,0,170.0,129.0,932.0
2023-06-28,B6,LAS,DEN,1250,1250,-20.0,11,1714,1714,2.0,0,0,264.0,245.0,1654.0
2023-12-21,WN,IAH,LAX,700,700,9.0,12,1137,1137,10.0,0,0,277.0,261.0,1900.0
2023-08-02,UA,DEN,EWR,1955,1955,15.0,14,2153,2153,11.0,0,0,118.0,96.0,700.0
2023-06-16,DL,PHX,IAH,1820,1820,20.0,9,2340,2340,4.0,0,0,320.0,302.0,2187.0
2023-03-11,DL,ATL,MIA,1615,1615,-9.0,23,2051,2051,-14.0,0,0,276.0,246.0,1862.0
2023-10-11,UA,ATL,LAX,2045,2045,12.0,24,2344,2344,13.0,0,0,179.0,148.0,1194.0
2023-02-03,B6,SEA,LAS,1410,1410,31.0,16,1552,1552,14.0,0,0,102.0,82.0,532.0
2023-05-07,AS,SFO,DEN,2255,2255,-23.0,11,509,509,-16.0,0,0,374.0,354.0,2759.0
2023-01-08,B6,EWR,CLT,1255,1255,26.0,25,1815,1815,33.0,0,0,320.0,290.0,2265.0
2023-11-24,DL,CLT,JFK,505,505,-10.0,22,1034,1034,-11.0,0,0,329.0,296.0,2243.0
2023-11-20,WN,IAH,ATL,1755,1755,5.0,31,2314,2314,12.0,0,0,319.0,279.0,2267.0
2023-12-12,WN,LAX,EWR,2115,2115,1.0,19,12,12,8.0,0,0,177.0,154.0,1065.0
2023-05-28,DL,MCO,DFW,610,610,-38.0,34,1125,1125,-29.0,0,0,315.0,275.0,2294.0
2023-09-06,AA,LAX,EWR,940,940,-4.0,13,1107,1107,-10.0,0,0,87.0,64.0,276.0
2023-08-13,B6,MIA,DFW,1110,1110,12.0,10,1355,1355,14.0,0,0,165.0,149.0,947.0
2023-07-21,B6,DEN,EWR,615,615,-9.0,17,940,940,-1.0,0,0,205.0,178.0,1297.0
2023-12-27,AS,IAH,SEA,1840,1840,-9.0,18,2304,2304,1.0,0,0,264.0,238.0,1836.0
2023-07-13,WN,LAS,MIA,1305,1305,-3.0,23,1707,1707,-11.0,0,0,242.0,208.0,1528.0
2023-07-22,UA,DEN,ORD,915,915,-9.0,17,1340,1340,-3.0,0,0,265.0,239.0,1814.0
2023-09-28,DL,IAH,LAX,725,725,-5.0,21,1015,1015,1.0,0,0,170.0,140.0,1166.0
2023-12-07,DL,LAX,SFO,1755,1755,3.0,18,2351,2351,-2.0,0,0,356.0,328.0,2504.0
2023-01-26,B6,SFO,IAH,1220,1220,0.0,21,1723,1723,14.0,0,0,303.0,273.0,2099.0
2023-10-07,AS,LAX,CLT,1600,1600,-1.0,25,1741,1741,5.0,0,0,101.0,72.0,529.0
2023-06-25,AA,ATL,ORD,800,800,7.0,15,854,854,-0.0,0,0,54.0,29.0,151.0
2023-04-20,B6,ORD,CLT,715,715,-7.0,15,1124,1124,-2.0,0,0,249.0,230.0,1675.0
2023-10-31,AA,ORD,EWR,1900,1900,-13.0,32,1953,1953,-3.0,0,0,53.0,14.0,190.0
2023-09-22,UA,CLT,EWR,1805,1805,-35.0,16,2045,2045,-21.0,0,0,160.0,139.0,938.0
2023-04-28,UA,DEN,SEA,810,810,19.0,32,1118,1118,9.0,0,0,188.0,151.0,1190.0
2023-08-03,WN,ATL,LAX,1620,1620,-10.0,18,1918,1918,-7.0,0,0,178.0,149.0,1023.0
2023-09-29,NK,LAS,MCO,1130,1130,-5.0,8,1538,1538,3.0,0,0,248.0,232.0,1623.0
2023-07-26,WN,SFO,JFK,1440,1440,33.0,24,1609,1609,54.0,0,0,89.0,56.0,459.0
2023-04-26,AA,SEA,ORD,625,625,18.0,22,1207,1207,-4.0,0,0,342.0,312.0,2375.0
2023-12-09,AS,EWR,IAH,2010,2010,2.0,28,141,141,2.0,0,0,331.0,293.0,2306.0
2023-08-30,UA,JFK,SEA,540,540,-5.0,12,836,836,3.0,0,0,176.0,160.0,1160.0
2023-03-26,DL,SEA,SFO,635,635,-25.0,24,1222,1222,,0,0,347.0,312.0,2376.0
2023-06-22,WN,MCO,PHX,1300,1300,1.0,19,1623,1623,2.0,0,0,203.0,174.0,1401.0
2023-10-21,WN,MCO,EWR,1730,1730,-4.0,10,1900,1900,2.0,0,0,90.0,75.0,320.0
2023-02-03,AA,IAH,CLT,1755,1755,-14.0,19,2159,2159,2.0,0,0,244.0,216.0,1610.0
2023-09-20,AA,LAS,MIA,1500,1500,-8.0,31,1902,1902,3.0,0,0,242.0,200.0,1531.0
2023-09-29,UA,IAH,DFW,1715,1715,-12.0,31,2000,2000,5.0,0,0,165.0,129.0,810.0
2023-05-01,B6,LAX,EWR,835,835,-24.0,28,1302,1302,-11.0,0,0,267.0,235.0,1686.0
2023-12-20,B6,CLT,MCO,745,745,12.0,29,952,952,21.0,0,0,127.0,89.0,616.0
2023-01-09,NK,CLT,JFK,720,720,-8.0,28,1159,1159,-7.0,0,0,279.0,243.0,1867.0
2023-01-06,AS,LAS,MCO,650,650,-8.0,13,1045,1045,5.0,0,0,235.0,214.0,1505.0
2023-08-03,WN,LAX,LAS,950,950,45.0,29,1630,1630,48.0,0,0,400.0,361.0,2702.0
2023-06-26,AA,DFW,ATL,1325,1325,-0.0,22,1644,1644,12.0,0,0,199.0,167.0,1332.0
2023-09-28,WN,DEN,IAH,2230,2230,109.0,25,2346,2346,105.0,0,0,76.0,41.0,
2023-08-03,UA,MCO,IAH,1530,1530,27.0,31,1637,1637,31.0,0,0,67.0,28.0,324.0
2023-05-12,AA,ATL,SEA,1515,1515,-2.0,20,1812,1812,1.0,0,0,177.0,148.0,1015.0
2023-09-17,AS,MIA,MCO,2030,2030,-32.0,24,43,43,-13.0,0,0,253.0,222.0,1652.0
2023-06-20,AA,LAX,ORD,1235,1235,1.0,33,1405,1405,4.0,0,0,90.0,46.0,500.0
2023-10-29,AS,CLT,PHX,1550,1550,25.0,32,1844,1844,7.0,0,0,174.0,136.0,1266.0
2023-03-18,B6,DEN,MCO,1745,1745,6.0,19,2038,2038,11.0,0,0,173.0,147.0,1181.0
2023-09-01,F9,IAH,MIA,915,915,12.0,34,1058,1058,5.0,0,0,103.0,65.0,398.0
2023-01-14,WN,IAH,SFO,1520,1520,-36.0,26,1805,1805,-20.0,0,0,165.0,129.0,989.0
2023-07-03,WN,DFW,ORD,1615,1615,-4.0,28,2246,2246,2.0,0,0,391.0,356.0,2795.0
2023-03-13,DL,ATL,PHX,1640,1640,19.0,13,2011,2011,14.0,0,0,211.0,188.0,1402.0
2023-10-09,WN,PHX,LAS,1945,1945,-6.0,14,2113,2113,-11.0,0,0,88.0,66.0,412.0
2023-11-09,WN,LAX,MIA,2040,2040,12.0,20,2154,2154,-3.0,0,0,74.0,50.0,393.0
2023-02-05,AA,SFO,PHX,2230,2230,-17.0,17,320,320,-9.0,0,0,290.0,262.0,2019.0
2023-10-28,WN,CLT,IAH,905,905,-25.0,8,1044,1044,-9.0,0,0,99.0,83.0,433.0
2023-07-22,DL,MCO,PHX,1540,1540,27.0,17,2204,2204,12.0,0,0,384.0,358.0,2745.0
2023-04-02,WN,SFO,DEN,635,635,8.0,30,1125,1125,9.0,0,0,290.0,250.0,1898.0
2023-03-10,NK,JFK,ORD,1245,1245,8.0,28,1507,1507,11.0,0,0,142.0,103.0,828.0
2023-04-20,AA,ATL,PHX,1005,1005,-4.0,30,1408,1408,-7.0,0,0,243.0,205.0,1535.0
2023-04-05,DL,DFW,MIA,1040,1040,15.0,10,1551,1551,8.0,0,0,311.0,290.0,2214.0
2023-05-12,UA,JFK,ATL,600,600,-5.0,13,1116,1116,-11.0,0,0,316.0,295.0,2124.0
2023-03-10,AA,ATL,JFK,1945,1945,146.0,10,2059,2059,152.0,0,0,74.0,59.0,314.0
2023-05-04,DL,DEN,DFW,1150,1150,-35.0,28,1327,1327,-16.0,0,0,97.0,61.0,387.0
2023-12-23,UA,JFK,SFO,1855,1855,6.0,16,2309,2309,9.0,0,0,254.0,231.0,1742.0
2023-02-18,AS,LAS,DFW,825,825,-22.0,33,1027,1027,-15.0,0,0,122.0,84.0,632.0
2023-01-12,AA,ATL,IAH,2145,2145,25.0,21,56,56,24.0,0,0,191.0,160.0,1174.0
2023-05-10,UA,DEN,MCO,1825,1825,-2.0,24,2011,2011,-3.0,0,0,106.0,72.0,507.0
2023-12-12,WN,EWR,ATL,1945,1945,30.0,20,2240,2240,27.0,0,0,175.0,151.0,1196.0
2023-03-12,DL,MCO,EWR,1415,1415,24.0,13,2042,2042,18.0,0,0,387.0,370.0,2682.0
2023-10-07,DL,ORD,EWR,1315,1315,-8.0,13,1441,1441,-11.0,0,0,86.0,69.0,314.0
2023-05-25,WN,MIA,LAS,625,625,-9.0,33,1233,1233,-6.0,0,0,368.0,329.0,2664.0
2023-07-24,UA,JFK,LAS,1205,1205,-1.0,28,1458,1458,-1.0,0,0,173.0,140.0,1091.0
2023-02-04,AA,SFO,LAS,1605,1605,-10.0,22,1700,1700,-16.0,0,0,55.0,28.0,159.0
2023-09-08,WN,ORD,ATL,930,930,-7.0,19,1315,1315,-13.0,0,0,225.0,196.0,1435.0
2023-09-07,WN,EWR,MCO,1725,1725,26.0,33,2327,2327,19.0,0,0,362.0,320.0,2452.0
2023-12-26,DL,EWR,ORD,600,600,5.0,25,849,849,1.0,0,0,169.0,139.0,1075.0
2023-02-13,AS,CLT,EWR,1820,1820,172.0,22,2134,2134,171.0,0,0,194.0,163.0,1267.0
2023-07-16,DL,SEA,MCO,2030,2030,60.0,21,146,146,64.0,0,0,316.0,286.0,2170.0
2023-01-25,WN,LAS,CLT,2220,2220,13.0,13,300,300,26.0,0,0,280.0,262.0,1858.0
2023-06-25,AA,SEA,IAH,1635,1635,47.0,25,1811,1811,36.0,0,0,96.0,63.0,402.0
2023-11-24,WN,DFW,CLT,1640,1640,-17.0,27,2122,2122,-2.0,0,0,282.0,250.0,1876.0
2023-12-22,F9,IAH,JFK,1605,1605,14.0,16,2019,2019,6.0,0,0,254.0,228.0,1716.0
2023-02-21,UA,ORD,IAH,625,625,-16.0,8,1039,1039,-20.0,0,0,254.0,242.0,1751.0
2023-02-25,UA,LAS,MCO,1315,1315,64.0,24,1518,1518,69.0,0,0,123.0,89.0,731.0
2023-03-26,AA,ATL,CLT,1445,1445,-3.0,27,1809,1809,-1.0,0,0,204.0,170.0,1322.0
2023-02-14,AS,SFO,PHX,655,655,-18.0,33,937,937,-16.0,0,0,162.0,124.0,1018.0
2023-10-25,WN,JFK,CLT,2020,2020,-34.0,21,33,33,-27.0,0,0,253.0,226.0,1712.0
2023-06-20,DL,ATL,JFK,1420,1420,-16.0,14,1536,1536,-6.0,0,0,76.0,57.0,336.0
2023-03-25,AS,LAX,DFW,1510,1510,25.0,33,2000,2000,8.0,0,0,290.0,246.0,2038.0
2023-11-07,WN,SFO,CLT,1000,1000,-31.0,19,1518,1518,-17.0,0,0,318.0,290.0,2205.0
2023-01-10,DL,ORD,CLT,910,910,-17.0,25,1148,1148,-4.0,0,0,158.0,125.0,914.0
2023-11-15,NK,EWR,DEN,915,915,-1.0,11,1025,1025,-7.0,0,0,70.0,55.0,337.0
2023-12-17,DL,PHX,DFW,1125,1125,4.0,22,1722,1722,6.0,0,0,357.0,324.0,2476.0
2023-05-21,AA,MCO,MIA,1640,1640,43.0,11,2132,2132,63.0,0,0,292.0,271.0,2134.0
2023-12-20,AS,MIA,IAH,530,530,-26.0,19,950,950,-15.0,0,0,260.0,231.0,1951.0
2023-06-22,WN,SEA,EWR,1840,1840,-4.0,12,105,105,-3.0,0,0,385.0,362.0,2765.0
2023-10-31,AA,LAX,IAH,945,945,-5.0,23,1125,1125,-7.0,0,0,100.0,70.0,521.0
2023-12-24,B6,MIA,ATL,1645,1645,-4.0,12,1808,1808,10.0,0,0,83.0,61.0,355.0
2023-07-05,B6,ORD,CLT,1155,1155,-3.0,17,1635,1635,12.0,0,0,280.0,252.0,1935.0
2023-01-03,AA,LAS,SFO,635,635,-36.0,18,1315,1315,-22.0,0,0,400.0,371.0,
2023-04-17,UA,ATL,IAH,1925,1925,7.0,17,7,7,14.0,0,0,282.0,261.0,1802.0
2023-12-05,F9,ATL,CLT,820,820,4.0,11,1024,1024,5.0,0,0,124.0,106.0,665.0
2023-08-01,DL,DEN,MIA,745,745,-28.0,14,1335,1335,-17.0,0,0,350.0,329.0,2398.0
2023-02-01,F9,JFK,SEA,1235,1235,1.0,28,1841,1841,8.0,0,0,366.0,327.0,2588.0
2023-04-04,F9,EWR,LAX,2035,2035,11.0,23,225,225,15.0,0,0,350.0,319.0,2393.0
2023-11-21,B6,SEA,IAH,2015,2015,-3.0,24,2242,2242,-3.0,0,0,147.0,113.0,863.0
2023-05-26,AA,SFO,EWR,930,930,-4.0,9,1218,1218,5.0,0,0,168.0,154.0,1110.0
2023-11-08,AA,IAH,EWR,1210,1210,-20.0,19,1719,1719,-3.0,0,0,309.0,280.0,2116.0
2023-07-10,AA,DEN,JFK,930,930,12.0,25,1332,1332,-2.0,0,0,242.0,212.0,1638.0
2023-04-25,F9,LAS,SEA,1835,1835,-5.0,25,2331,2331,-1.0,0,0,296.0,261.0,2024.0
2023-02-06,DL,CLT,PHX,705,705,12.0,12,855,855,11.0,0,0,110.0,89.0,437.0
2023-11-01,B6,SFO,MCO,2125,2125,-6.0,34,25,25,7.0,0,0,180.0,139.0,1149.0
2023-03-23,AS,ATL,SEA,2235,2235,-9.0,18,2348,2348,-11.0,0,0,73.0,45.0,239.0
2023-07-29,F9,SFO,DFW,1200,1200,5.0,12,1503,1503,9.0,0,0,183.0,167.0,1143.0
2023-01-05,AA,PHX,LAS,935,935,20.0,22,1331,1331,16.0,0,0,236.0,210.0,1441.0
2023-03-21,WN,SEA,CLT,910,910,-41.0,27,1525,1525,-21.0,0,0,375.0,337.0,2671.0
2023-02-06,AA,DEN,LAS,1905,1905,-6.0,26,2024,2024,8.0,0,0,79.0,46.0,162.0
2023-06-20,AA,IAH,DEN,2155,2155,16.0,30,53,53,20.0,0,0,178.0,137.0,1067.0
2023-08-08,F9,DFW,SFO,1415,1415,-7.0,19,1851,1851,1.0,0,0,276.0,249.0,1967.0
2023-12-05,UA,DEN,PHX,1905,1905,-4.0,26,2101,2101,2.0,0,0,116.0,82.0,590.0
2023-05-21,F9,MCO,ORD,2010,2010,9.0,8,42,42,13.0,0,0,272.0,259.0,1821.0
2023-07-31,WN,LAS,MIA,720,720,-10.0,28,1243,1243,-3.0,0,0,323.0,288.0,2253.0
2023-12-17,NK,SEA,PHX,2050,2050,8.0,28,221,221,15.0,0,0,331.0,297.0,2344.0
2023-12-23,AA,DEN,IAH,1150,1150,-18.0,32,1619,1619,0.0,0,0,269.0,226.0,1860.0
2023-02-14,UA,ORD,SEA,1010,1010,-13.0,11,1129,1129,-4.0,0,0,79.0,62.0,410.0
2023-10-13,B6,ATL,LAX,1825,1825,13.0,30,2300,2300,18.0,0,0,275.0,238.0,1876.0
2023-04-10,WN,IAH,EWR,1035,1035,-11.0,22,1332,1332,-14.0,0,0,177.0,148.0,1014.0
2023-11-15,AA,PHX,MCO,640,640,-22.0,14,904,904,-9.0,0,0,144.0,119.0,886.0
2023-06-13,NK,JFK,ATL,1645,1645,-18.0,15,2008,2008,-8.0,0,0,203.0,181.0,1317.0
2023-02-21,F9,ORD,ATL,1020,1020,7.0,22,1535,1535,2.0,0,0,315.0,284.0,2196.0
2023-12-12,DL,IAH,SFO,1235,1235,3.0,9,1319,1319,5.0,0,0,44.0,24.0,164.0
2023-05-24,AS,ATL,EWR,925,925,8.0,30,1459,1459,13.0,0,0,334.0,295.0,2378.0
2023-03-31,B6,ATL,MIA,1010,1010,15.0,25,1142,1142,22.0,0,0,92.0,60.0,310.0
2023-08-04,AA,DFW,DEN,1500,1500,-31.0,12,1757,1757,-12.0,0,0,177.0,160.0,995.0
2023-05-29,AA,JFK,DEN,540,540,-10.0,29,1013,1013,-13.0,0,0,273.0,237.0,1801.0
2023-04-25,AA,DFW,SEA,1325,1325,39.0,28,1502,1502,45.0,0,0,97.0,64.0,360.0
2023-06-20,WN,LAS,EWR,1700,1700,4.0,29,2005,2005,-3.0,0,0,185.0,149.0,1116.0
2023-02-06,UA,SFO,JFK,935,935,-12.0,10,1516,1516,-9.0,0,0,341.0,321.0,2418.0
2023-03-30,UA,PHX,ORD,2050,2050,152.0,12,18,18,144.0,0,0,208.0,187.0,1394.0
2023-05-20,UA,SFO,SEA,1030,1030,-15.0,26,1652,1652,-3.0,0,0,382.0,347.0,2732.0
2023-06-06,B6,IAH,CLT,1510,1510,4.0,34,1831,1831,12.0,0,0,201.0,156.0,1216.0
2023-09-13,DL,DFW,DEN,1110,1110,-8.0,8,1724,1724,-5.0,0,0,374.0,358.0,2681.0
2023-09-10,B6,DFW,SEA,1540,1540,-6.0,28,1923,1923,6.0,0,0,223.0,189.0,1379.0
2023-09-14,UA,ATL,SFO,2145,2145,-3.0,15,2249,2249,0.0,0,0,64.0,45.0,234.0
2023-04-25,NK,EWR,JFK,1630,1630,58.0,9,2259,2259,64.0,0,0,389.0,376.0,2799.0
2023-09-28,NK,DFW,MCO,1645,1645,3.0,12,1910,1910,15.0,0,0,145.0,124.0,1018.0
2023-01-18,B6,EWR,IAH,1755,1755,2.0,19,2055,2055,-1.0,0,0,180.0,152.0,1187.0
2023-01-02,DL,DFW,SEA,1105,1105,2.0,25,1341,1341,1.0,0,0,156.0,121.0,874.0
2023-12-26,WN,CLT,JFK,1330,1330,17.0,32,1821,1821,26.0,0,0,291.0,253.0,2104.0
2023-12-31,WN,IAH,MIA,710,710,19.0,31,1332,1332,1.0,0,0,382.0,344.0,2760.0
2023-02-28,AA,DFW,MCO,2110,2110,3.0,32,148,148,10.0,0,0,278.0,240.0,1969.0
2023-07-14,DL,LAS,IAH,1430,1430,-10.0,18,2100,2100,-4.0,0,0,390.0,362.0,2776.0
2023-07-08,AA,IAH,LAS,2050,2050,-13.0,31,2218,2218,-4.0,0,0,88.0,48.0,423.0
2023-04-19,AA,JFK,ATL,940,940,2.0,22,1304,1304,0.0,0,0,204.0,173.0,1311.0
2023-05-07,WN,LAS,PHX,1230,1230,13.0,16,1823,1823,-1.0,0,0,353.0,330.0,2535.0
2023-04-22,NK,MIA,DFW,825,825,4.0,34,1037,1037,3.0,0,0,132.0,93.0,785.0
2023-02-07,B6,ATL,LAX,1010,1010,6.0,9,1631,1631,22.0,0,0,381.0,363.0,2689.0
2023-07-10,WN,JFK,ATL,1055,1055,8.0,23,1330,1330,17.0,0,0,155.0,124.0,1031.0
2023-11-29,AA,EWR,ATL,1110,1110,-2.0,27,1442,1442,-0.0,0,0,212.0,180.0,1423.0
2023-01-25,AA,MIA,ORD,855,855,-17.0,15,1442,1442,,0,0,347.0,326.0,2417.0
2023-09-23,DL,SEA,DEN,1445,1445,-6.0,12,1925,1925,-2.0,0,0,280.0,258.0,1998.0
2023-01-30,AA,JFK,SFO,2205,2205,70.0,33,157,157,75.0,0,0,232.0,191.0,1604.0
2023-04-05,UA,EWR,CLT,1050,1050,10.0,8,1327,1327,14.0,0,0,157.0,144.0,983.0
2023-01-19,AA,LAS,SEA,2010,2010,15.0,26,11,11,15.0,0,0,241.0,208.0,1693.0
2023-09-02,DL,LAX,LAS,2055,2055,-5.0,34,2239,2239,8.0,0,0,104.0,66.0,555.0
2023-10-18,UA,MIA,SEA,850,850,-8.0,31,1223,1223,3.0,0,0,213.0,174.0,1367.0
2023-11-18,DL,DEN,LAX,1905,1905,88.0,18,2053,2053,80.0,0,0,108.0,81.0,471.0
2023-03-09,AS,DEN,IAH,505,505,-12.0,32,606,606,-8.0,0,0,61.0,22.0,318.0
2023-12-02,WN,LAS,MCO,535,535,-5.0,21,837,837,-0.0,0,0,182.0,155.0,1028.0
2023-04-24,DL,JFK,ORD,1430,1430,-8.0,32,2019,2019,-0.0,0,0,349.0,307.0,2404.0
2023-11-08,AA,DEN,ATL,2220,2220,43.0,24,142,142,49.0,0,0,202.0,174.0,1382.0
2023-09-23,AS,DEN,CLT,955,955,-26.0,33,1150,1150,-25.0,0,0,115.0,74.0,582.0
2023-03-07,AA,CLT,ATL,2105,2105,-8.0,10,333,333,-0.0,0,0,388.0,367.0,2745.0
2023-02-16,UA,SFO,MIA,2230,2230,64.0,16,341,341,61.0,0,0,311.0,285.0,2165.0
2023-10-12,WN,IAH,MCO,825,825,-0.0,17,937,937,11.0,0,0,72.0,48.0,335.0
2023-05-03,AA,LAX,SFO,945,945,-0.0,32,1458,1458,8.0,0,0,313.0,271.0,2364.0
2023-08-15,B6,MCO,EWR,1250,1250,11.0,9,1814,1814,6.0,0,0,324.0,306.0,2244.0
2023-05-09,AS,EWR,LAX,1745,1745,-19.0,23,2018,2018,-15.0,0,0,153.0,125.0,804.0
2023-05-06,WN,JFK,MIA,830,830,19.0,16,1200,1200,9.0,0,0,210.0,183.0,1204.0
2023-04-15,NK,PHX,CLT,630,630,94.0,18,855,855,89.0,0,0,145.0,122.0,870.0
2023-07-18,AA,SFO,PHX,635,635,98.0,14,818,818,99.0,0,0,103.0,82.0,374.0
2023-02-02,AA,PHX,ORD,600,600,10.0,10,842,842,11.0,0,0,162.0,143.0,1020.0
2023-04-25,AS,MIA,DFW,2150,2150,-0.0,33,219,219,6.0,0,0,269.0,228.0,2021.0
2023-12-21,AA,JFK,IAH,735,735,-19.0,18,1122,1122,-14.0,0,0,227.0,204.0,1499.0
2023-04-12,WN,LAS,DEN,710,710,1.0,10,1036,1036,4.0,0,0,206.0,188.0,1416.0
2023-06-10,AA,LAX,LAS,930,930,71.0,12,1422,1422,50.0,0,0,292.0,275.0,1914.0
2023-07-21,DL,SFO,JFK,2245,2245,94.0,23,11,11,107.0,0,0,86.0,58.0,390.0
2023-11-05,WN,MIA,PHX,730,730,-1.0,34,937,937,6.0,0,0,127.0,83.0,823.0
2023-11-15,DL,MCO,JFK,1245,1245,-24.0,33,1703,1703,-12.0,0,0,258.0,217.0,1776.0
2023-02-26,UA,ORD,DFW,950,950,19.0,18,1056,1056,17.0,0,0,66.0,37.0,342.0
2023-05-21,F9,MCO,MIA,810,810,88.0,30,1251,1251,88.0,0,0,281.0,241.0,1848.0
2023-07-25,UA,PHX,JFK,1440,1440,8.0,24,1946,1946,1.0,0,0,306.0,277.0,2055.0
2023-04-24,F9,DEN,CLT,1555,1555,27.0,26,1958,1958,20.0,0,0,243.0,209.0,1543.0
2023-11-04,UA,CLT,SEA,1955,1955,4.0,23,2135,2135,14.0,0,0,100.0,72.0,426.0
2023-03-25,AA,SEA,LAS,1940,1940,-2.0,15,2246,2246,2.0,0,0,186.0,167.0,1219.0
2023-10-08,DL,DEN,CLT,2225,2225,15.0,33,119,119,6.0,0,0,174.0,137.0,989.0
2023-07-27,WN,LAX,SEA,730,730,-6.0,16,1002,1002,-4.0,0,0,152.0,125.0,847.0
2023-05-23,DL,CLT,SFO,2240,2240,18.0,11,341,341,14.0,0,0,301.0,284.0,2045.0
2023-05-08,AS,PHX,EWR,2135,2135,9.0,34,2331,2331,8.0,0,0,116.0,73.0,683.0
2023-03-20,WN,LAS,MCO,2215,2215,-17.0,12,226,226,-12.0,0,0,251.0,228.0,1641.0
2023-12-01,UA,MIA,PHX,2245,2245,-4.0,34,258,258,5.0,0,0,253.0,209.0,1597.0
2023-12-26,AA,EWR,MIA,1355,1355,25.0,25,2014,2014,15.0,0,0,379.0,349.0,2676.0
2023-12-17,UA,LAS,IAH,1955,1955,26.0,8,2120,2120,25.0,0,0,85.0,70.0,306.0
2023-12-12,WN,PHX,ATL,1845,1845,10.0,22,2024,2024,7.0,0,0,99.0,71.0,505.0
2023-01-26,AA,DFW,PHX,1535,1535,9.0,33,1736,1736,10.0,0,0,121.0,81.0,587.0
2023-04-30,F9,PHX,IAH,1550,1550,49.0,31,2154,2154,31.0,0,0,364.0,325.0,2530.0
2023-10-25,AS,SEA,MIA,1545,1545,304.0,19,2019,2019,304.0,0,0,274.0,248.0,1766.0
2023-02-04,DL,MCO,SEA,1820,1820,-6.0,22,1933,1933,4.0,0,0,73.0,42.0,158.0
2023-12-25,AS,ORD,SEA,1555,1555,-25.0,33,2207,2207,-13.0,0,0,372.0,329.0,
2023-06-08,NK,IAH,CLT,2210,2210,36.0,11,122,122,34.0,0,0,192.0,177.0,1031.0
2023-01-31,WN,CLT,DEN,1925,1925,-8.0,10,2240,2240,10.0,0,0,195.0,176.0,1131.0
2023-09-25,AA,DEN,JFK,715,715,14.0,14,1044,1044,7.0,0,0,209.0,187.0,1340.0
2023-11-28,AA,IAH,SEA,2115,2115,14.0,19,317,317,-1.0,0,0,362.0,336.0,2451.0
2023-04-21,WN,DFW,IAH,1700,1700,-4.0,34,1815,1815,3.0,0,0,75.0,34.0,185.0
2023-09-18,NK,LAS,PHX,625,625,60.0,18,859,859,67.0,0,0,154.0,125.0,950.0
2023-05-13,F9,MIA,SFO,1955,1955,-18.0,11,201,201,-10.0,0,0,366.0,348.0,2684.0
2023-04-26,DL,LAS,MCO,1830,1830,6.0,11,2145,2145,-4.0,0,0,195.0,173.0,1380.0
2023-11-10,B6,SEA,SFO,2145,2145,-3.0,26,155,155,5.0,0,0,250.0,220.0,1706.0
2023-06-29,AA,LAS,ATL,930,930,-9.0,29,1516,1516,-1.0,0,0,346.0,307.0,2462.0
2023-03-24,AA,ORD,CLT,1820,1820,17.0,16,25,25,18.0,0,0,365.0,345.0,2503.0
2023-12-04,AS,JFK,SFO,1810,1810,-1.0,18,50,50,-1.0,0,0,400.0,376.0,2779.0
2023-10-21,UA,LAS,MCO,610,610,10.0,16,945,945,-3.0,0,0,215.0,193.0,1346.0
2023-12-27,UA,ATL,JFK,1100,1100,12.0,28,1526,1526,10.0,0,0,266.0,233.0,1837.0
2023-05-17,DL,EWR,CLT,1135,1135,-0.0,32,1544,1544,10.0,0,0,249.0,212.0,1708.0
2023-10-28,DL,IAH,DEN,1930,1930,-16.0,9,2027,2027,-9.0,0,0,57.0,44.0,170.0
2023-02-15,AS,MIA,EWR,1525,1525,3.0,9,1641,1641,11.0,0,0,76.0,63.0,282.0
2023-03-13,UA,MCO,SFO,1350,1350,-6.0,26,1918,1918,-3.0,0,0,328.0,291.0,2391.0
2023-09-30,AA,DFW,DEN,930,930,-5.0,18,1139,1139,-5.0,0,0,129.0,100.0,660.0
2023-11-06,AS,DFW,CLT,550,550,-25.0,16,739,739,-14.0,0,0,109.0,87.0,459.0
2023-05-22,AA,SEA,SFO,2135,2135,-1.0,29,59,59,11.0,0,0,204.0,171.0,1318.0
2023-01-07,AA,DFW,SEA,1610,1610,-11.0,25,2224,2224,2.0,0,0,374.0,342.0,2662.0
2023-09-27,WN,LAX,JFK,2120,2120,18.0,34,2259,2259,18.0,0,0,99.0,60.0,547.0
2023-06-28,AA,IAH,SEA,1650,1650,-18.0,20,2240,2240,-13.0,0,0,350.0,320.0,2386.0
2023-08-06,UA,LAS,LAX,515,515,-38.0,9,950,950,-19.0,0,0,275.0,255.0,1739.0
2023-06-11,WN,MIA,JFK,1720,1720,-9.0,29,2246,2246,-6.0,0,0,326.0,290.0,2189.0
2023-02-02,AA,LAX,ATL,2110,2110,4.0,31,229,229,23.0,0,0,319.0,279.0,2379.0
2023-04-19,UA,MIA,ATL,1500,1500,2.0,18,1749,1749,-4.0,0,0,169.0,143.0,1118.0
2023-06-01,B6,SEA,EWR,1810,1810,133.0,29,2043,2043,129.0,0,0,153.0,118.0,992.0
2023-03-04,WN,ATL,JFK,2130,2130,107.0,18,2252,2252,96.0,0,0,82.0,53.0,327.0
2023-05-06,AS,CLT,MCO,925,925,65.0,32,1437,1437,73.0,0,0,312.0,273.0,2142.0
2023-08-29,UA,CLT,LAS,1835,1835,48.0,26,52,52,50.0,0,0,377.0,341.0,2742.0
2023-04-13,NK,PHX,IAH,2055,2055,50.0,26,138,138,60.0,0,0,283.0,251.0,2049.0
2023-02-08,UA,JFK,LAS,1045,1045,-20.0,23,1149,1149,-3.0,0,0,64.0,31.0,271.0
2023-05-06,B6,MIA,CLT,1530,1530,43.0,20,1912,1912,61.0,0,0,222.0,194.0,1631.0
2023-10-23,WN,PHX,LAS,1900,1900,19.0,12,2020,2020,29.0,0,0,80.0,64.0,255.0
2023-01-17,F9,DFW,MIA,2125,2125,4.0,30,249,249,10.0,0,0,324.0,286.0,2329.0
2023-04-17,F9,DEN,CLT,1220,1220,73.0,14,1827,1827,79.0,0,0,367.0,346.0,2630.0
2023-10-02,F9,ORD,PHX,1705,1705,7.0,10,2059,2059,5.0,0,0,234.0,216.0,1428.0
2023-06-07,UA,ORD,SFO,615,615,-18.0,24,745,745,,0,0,90.0,58.0,506.0
2023-08-10,B6,LAS,IAH,1555,1555,118.0,26,1842,1842,125.0,0,0,167.0,134.0,1030.0
2023-08-31,AA,ORD,SEA,1415,1415,15.0,29,1829,1829,10.0,0,0,254.0,220.0,1684.0
2023-09-03,DL,DEN,CLT,1550,1550,13.0,26,2228,2228,11.0,0,0,398.0,361.0,2776.0
2023-04-28,UA,CLT,LAS,1635,1635,-4.0,29,2251,2251,1.0,0,0,376.0,336.0,2783.0
2023-07-14,WN,PHX,CLT,1510,1510,-5.0,14,1728,1728,-1.0,0,0,138.0,113.0,812.0
2023-04-25,AA,JFK,CLT,650,650,10.0,21,856,856,4.0,0,0,126.0,99.0,713.0
2023-01-16,B6,ATL,MIA,905,905,-9.0,28,1211,1211,-4.0,0,0,186.0,152.0,1164.0
2023-09-25,UA,ORD,EWR,820,820,-18.0,12,1141,1141,-11.0,0,0,201.0,179.0,1242.0
2023-08-18,AS,MCO,PHX,930,930,2.0,30,1125,1125,1.0,0,0,115.0,75.0,421.0
2023-01-21,UA,SFO,IAH,500,500,22.0,10,1050,1050,15.0,0,0,350.0,334.0,2454.0
2023-07-09,AA,SFO,MCO,500,500,8.0,27,950,950,-2.0,0,0,290.0,255.0,1906.0
2023-12-08,AA,ATL,MIA,1000,1000,-9.0,13,1056,1056,-1.0,0,0,56.0,34.0,165.0
2023-06-09,UA,MCO,ATL,1250,1250,5.0,14,1343,1343,-4.0,0,0,53.0,33.0,179.0
2023-02-12,WN,LAS,ORD,1630,1630,-5.0,13,2242,2242,-4.0,0,0,372.0,355.0,2616.0
2023-10-06,WN,ATL,SEA,2110,2110,7.0,9,7,7,6.0,0,0,177.0,159.0,1152.0
2023-07-10,WN,ATL,LAX,1750,1750,2.0,21,1907,1907,1.0,0,0,77.0,51.0,172.0
2023-07-19,DL,ATL,JFK,1045,1045,80.0,10,1240,1240,80.0,0,0,115.0,99.0,678.0
2023-01-18,AA,LAX,EWR,1855,1855,3.0,34,2007,2007,7.0,0,0,72.0,28.0,346.0
2023-07-15,AA,MCO,SFO,1350,1350,-16.0,21,1704,1704,-4.0,0,0,194.0,166.0,1176.0
2023-01-29,AS,CLT,MCO,555,555,-2.0,17,906,906,-6.0,0,0,191.0,165.0,1190.0
2023-10-05,WN,MCO,SEA,725,725,8.0,12,1356,1356,18.0,0,0,391.0,374.0,2761.0
2023-11-05,DL,CLT,MCO,1155,1155,-1.0,10,1328,1328,-4.0,0,0,93.0,78.0,380.0
2023-05-20,AA,SEA,CLT,1140,1140,10.0,19,1502,1502,21.0,0,0,202.0,175.0,1191.0
2023-06-03,AA,LAS,MCO,1450,1450,131.0,19,1947,1947,134.0,0,0,297.0,274.0,2110.0
2023-12-26,WN,SFO,LAX,1105,1105,9.0,19,1300,1300,3.0,0,0,115.0,86.0,702.0
2023-05-05,AA,MIA,LAX,2225,2225,4.0,16,503,503,1.0,0,0,398.0,377.0,2769.0
2023-11-13,B6,DFW,JFK,2010,2010,119.0,13,2145,2145,121.0,0,0,95.0,78.0,447.0
2023-05-03,AA,IAH,MCO,2240,2240,-10.0,17,2352,2352,-8.0,0,0,72.0,45.0,361.0
2023-12-31,NK,MIA,LAX,2255,2255,25.0,22,55,55,26.0,0,0,120.0,94.0,688.0
2023-09-05,DL,DEN,LAS,1050,1050,239.0,29,1540,1540,236.0,0,0,290.0,254.0,1995.0
2023-02-01,WN,PHX,EWR,1030,1030,4.0,25,1659,1659,-4.0,0,0,389.0,359.0,2696.0
2023-07-09,B6,DFW,SFO,1700,1700,5.0,34,2216,2216,2.0,0,0,316.0,276.0,2230.0
2023-03-15,UA,IAH,EWR,1255,1255,-16.0,26,1506,1506,-10.0,0,0,131.0,97.0,723.0
2023-12-03,AS,JFK,ORD,2235,2235,18.0,13,11,11,16.0,0,0,96.0,72.0,348.0
2023-08-19,UA,IAH,JFK,2055,2055,-2.0,26,153,153,4.0,0,0,298.0,261.0,2107.0
2023-11-19,AS,LAX,JFK,930,930,-2.0,24,1315,1315,-1.0,0,0,225.0,192.0,1473.0
2023-04-25,NK,SFO,DEN,1250,1250,-2.0,19,1508,1508,5.0,0,0,138.0,114.0,629.0
2023-01-24,WN,ORD,MCO,1435,1435,1.0,27,1726,1726,-2.0,0,0,171.0,138.0,1105.0
2023-05-05,AS,MIA,DEN,1825,1825,-27.0,12,2039,2039,-13.0,0,0,134.0,113.0,721.0
2023-12-09,UA,CLT,SFO,1900,1900,-0.0,24,2138,2138,7.0,0,0,158.0,124.0,1056.0
2023-09-28,F9,PHX,DEN,535,535,2.0,23,944,944,-8.0,0,0,249.0,220.0,1757.0
2023-10-27,B6,CLT,ORD,1740,1740,2.0,16,1906,1906,1.0,0,0,86.0,61.0,214.0
2023-02-01,DL,ATL,CLT,2055,2055,2.0,20,2236,2236,-2.0,0,0,101.0,77.0,415.0
2023-02-18,UA,IAH,ORD,625,625,-8.0,17,908,908,1.0,0,0,163.0,136.0,1062.0
2023-11-04,WN,SEA,EWR,1325,1325,40.0,20,1709,1709,35.0,0,0,224.0,199.0,1555.0
2023-12-20,UA,SFO,MIA,615,615,8.0,16,1154,1154,7.0,0,0,339.0,319.0,2367.0
2023-01-27,B6,CLT,DFW,520,520,12.0,25,956,956,3.0,0,0,276.0,247.0,1857.0
2023-08-02,DL,SEA,MIA,1250,1250,266.0,28,1425,1425,257.0,0,0,95.0,57.0,442.0
2023-10-31,WN,CLT,DFW,2135,2135,-4.0,27,148,148,8.0,0,0,253.0,222.0,1813.0
2023-04-11,F9,JFK,MIA,1635,1635,13.0,30,2255,2255,,0,0,380.0,342.0,2649.0
2023-04-04,UA,DFW,JFK,2215,2215,-14.0,10,4,4,-1.0,0,0,109.0,88.0,511.0
2023-10-04,AA,JFK,MCO,2105,2105,6.0,20,144,144,1.0,0,0,279.0,248.0,1926.0
2023-08-29,UA,CLT,LAX,1640,1640,72.0,20,2240,2240,73.0,0,0,360.0,331.0,2570.0
2023-04-05,WN,MCO,LAX,805,805,-6.0,14,1300,1300,-5.0,0,0,295.0,277.0,1956.0
2023-02-12,UA,CLT,DFW,2125,2125,5.0,12,329,329,16.0,0,0,364.0,342.0,2587.0
2023-12-16,AS,DEN,SEA,550,550,-11.0,23,1212,1212,-9.0,0,0,382.0,350.0,2752.0
2023-05-16,AS,EWR,PHX,1410,1410,-13.0,20,1817,1817,-6.0,0,0,247.0,217.0,1672.0
2023-12-24,DL,DFW,PHX,505,505,14.0,32,1120,1120,8.0,0,0,375.0,337.0,2705.0
2023-12-30,UA,ORD,DEN,1245,1245,-9.0,11,1500,1500,1.0,0,0,135.0,120.0,745.0
2023-08-22,AA,PHX,SFO,1655,1655,-0.0,25,2216,2216,8.0,0,0,321.0,288.0,2224.0
2023-10-29,UA,IAH,DFW,1405,1405,19.0,22,1516,1516,9.0,0,0,71.0,41.0,226.0
2023-07-14,WN,DEN,SEA,1800,1800,-9.0,13,2251,2251,-10.0,0,0,291.0,267.0,2056.0
2023-08-19,WN,ATL,LAS,1320,1320,-6.0,32,1424,1424,-6.0,0,0,64.0,21.0,229.0
2023-11-21,UA,CLT,EWR,2025,2025,23.0,27,40,40,23.0,0,0,255.0,221.0,1837.0
2023-08-19,DL,SFO,IAH,1505,1505,-9.0,14,2010,2010,-9.0,0,0,305.0,283.0,2102.0
2023-04-23,AS,MIA,SEA,1110,1110,-13.0,19,1436,1436,-10.0,0,0,206.0,182.0,1449.0
2023-06-20,UA,ORD,MCO,1340,1340,-5.0,29,1730,1730,1.0,0,0,230.0,197.0,1340.0
2023-12-28,DL,MCO,MIA,1025,1025,-17.0,32,1637,1637,1.0,0,0,372.0,329.0,2704.0
2023-04-23,AA,DFW,MCO,1330,1330,-7.0,28,1619,1619,13.0,0,0,169.0,133.0,1061.0
2023-02-21,F9,DFW,IAH,1655,1655,-7.0,33,2023,2023,1.0,0,0,208.0,170.0,1262.0
2023-08-05,DL,DFW,SEA,750,750,5.0,26,1228,1228,-2.0,0,0,278.0,245.0,1939.0
2023-12-06,WN,DFW,SEA,1700,1700,-9.0,33,2058,2058,10.0,0,0,238.0,194.0,1553.0
2023-11-11,WN,PHX,ORD,835,835,-3.0,10,1416,1416,,0,0,341.0,325.0,2402.0
2023-11-23,WN,MIA,SEA,525,525,-6.0,14,734,734,-10.0,0,0,129.0,105.0,670.0
2023-10-26,AA,LAS,JFK,1910,1910,69.0,15,2254,2254,76.0,0,0,224.0,198.0,1559.0
2023-06-23,WN,PHX,MCO,1400,1400,7.0,22,1607,1607,16.0,0,0,127.0,100.0,650.0
2023-10-15,NK,DFW,MCO,1935,1935,-2.0,16,150,150,11.0,0,0,375.0,348.0,2505.0
2023-01-21,F9,EWR,MIA,1725,1725,3.0,30,2045,2045,-2.0,0,0,200.0,166.0,1276.0
2023-09-15,WN,DFW,ATL,1420,1420,20.0,26,1908,1908,13.0,0,0,288.0,254.0,1897.0
2023-12-12,B6,MCO,MIA,615,615,-3.0,13,753,753,-9.0,0,0,98.0,80.0,425.0
2023-02-10,DL,JFK,IAH,1330,1330,190.0,15,1749,1749,200.0,0,0,259.0,237.0,1672.0
2023-05-27,B6,MCO,SEA,715,715,-8.0,26,1010,1010,3.0,0,0,175.0,139.0,1109.0
2023-07-22,WN,IAH,MIA,835,835,28.0,9,1138,1138,33.0,0,0,183.0,168.0,1134.0
2023-11-25,B6,DEN,ORD,1905,1905,-5.0,18,2044,2044,-3.0,0,0,99.0,71.0,417.0
2023-09-19,AA,SEA,DEN,1945,1945,13.0,33,116,116,13.0,0,0,331.0,293.0,2413.0
2023-05-21,AA,PHX,IAH,2145,2145,4.0,23,2352,2352,8.0,0,0,127.0,94.0,754.0
2023-12-11,WN,LAS,DEN,1010,1010,76.0,33,1241,1241,73.0,0,0,151.0,113.0,858.0
2023-01-15,NK,ORD,DFW,1520,1520,28.0,30,2009,2009,19.0,0,0,289.0,255.0,2044.0
2023-10-26,WN,ATL,PHX,1925,1925,24.0,9,2143,2143,22.0,0,0,138.0,125.0,885.0
2023-06-23,AA,IAH,MIA,2210,2210,18.0,12,46,46,16.0,0,0,156.0,140.0,920.0
2023-07-11,WN,IAH,MIA,1630,1630,0.0,25,1841,1841,11.0,0,0,131.0,99.0,572.0
2023-05-21,B6,SEA,PHX,1535,1535,1.0,32,2130,2130,8.0,0,0,355.0,318.0,2527.0
2023-10-29,WN,IAH,SFO,1435,1435,26.0,15,1909,1909,14.0,0,0,274.0,252.0,1793.0
2023-06-12,WN,ORD,CLT,1150,1150,-19.0,23,1635,1635,-21.0,0,0,285.0,253.0,2016.0
2023-08-24,AA,ATL,LAX,945,945,-18.0,9,1344,1344,-9.0,0,0,239.0,222.0,1712.0
2023-01-27,NK,LAS,ORD,1455,1455,4.0,16,1704,1704,-0.0,0,0,129.0,104.0,742.0
2023-07-29,DL,DEN,SEA,825,825,-40.0,12,1145,1145,-21.0,0,0,200.0,181.0,1263.0
2023-01-17,NK,ORD,JFK,2230,2230,20.0,18,133,133,17.0,0,0,183.0,154.0,1053.0
2023-02-12,NK,DFW,CLT,505,505,-6.0,29,1009,1009,-5.0,0,0,304.0,271.0,2237.0
2023-09-21,UA,ORD,EWR,605,605,2.0,23,1139,1139,1.0,0,0,334.0,307.0,2418.0
2023-02-22,AS,LAX,LAS,845,845,3.0,20,1346,1346,5.0,0,0,301.0,277.0,2109.0
2023-12-05,AA,CLT,ATL,1200,1200,-5.0,27,1434,1434,1.0,0,0,154.0,122.0,741.0
2023-05-16,UA,SFO,MIA,1310,1310,1.0,24,1522,1522,11.0,0,0,132.0,103.0,741.0
2023-07-27,UA,DEN,MIA,1740,1740,-1.0,25,2344,2344,-2.0,0,0,364.0,330.0,2648.0
2023-07-28,AA,ORD,LAX,2030,2030,27.0,26,159,159,25.0,0,0,329.0,294.0,2273.0
2023-08-15,UA,DFW,MIA,1440,1440,2.0,27,1823,1823,1.0,0,0,223.0,186.0,1306.0
2023-07-09,NK,MIA,JFK,1025,1025,-0.0,27,1212,1212,8.0,0,0,107.0,72.0,706.0
2023-06-18,WN,IAH,PHX,1220,1220,-20.0,15,1552,1552,-11.0,0,0,212.0,191.0,1450.0
2023-02-02,DL,SEA,EWR,750,750,-14.0,34,1145,1145,-3.0,0,0,235.0,191.0,1580.0
2023-08-29,UA,SFO,CLT,2015,2015,-4.0,30,2354,2354,11.0,0,0,219.0,180.0,1412.0
2023-02-04,AS,PHX,DEN,820,820,-1.0,34,1319,1319,9.0,0,0,299.0,257.0,1936.0
2023-08-28,UA,JFK,ORD,1115,1115,10.0,25,1547,1547,18.0,0,0,272.0,243.0,1932.0
2023-02-18,F9,ORD,EWR,1115,1115,7.0,26,1239,1239,1.0,0,0,84.0,52.0,379.0
2023-03-08,DL,DFW,CLT,1035,1035,6.0,17,1405,1405,-12.0,0,0,210.0,186.0,1329.0
2023-11-18,WN,LAS,ORD,1900,1900,21.0,30,7,7,6.0,0,0,307.0,272.0,1971.0
2023-07-07,AA,MCO,MIA,1435,1435,36.0,15,1630,1630,49.0,0,0,115.0,93.0,616.0
2023-01-11,DL,LAX,DFW,910,910,-0.0,30,1502,1502,6.0,0,0,352.0,312.0,2446.0
2023-07-25,WN,DFW,SEA,2130,2130,-3.0,13,129,129,8.0,0,0,239.0,219.0,1675.0
2023-01-29,NK,JFK,SEA,910,910,-9.0,9,1534,1534,-2.0,0,0,384.0,369.0,2713.0
2023-03-06,F9,ORD,CLT,1325,1325,-1.0,34,1746,1746,4.0,0,0,261.0,220.0,1753.0
2023-07-17,AA,DFW,DEN,550,550,-14.0,17,1201,1201,-6.0,0,0,371.0,350.0,2434.0
2023-07-05,WN,DFW,JFK,815,815,-13.0,9,923,923,-3.0,0,0,68.0,51.0,175.0
2023-11-04,AA,MCO,PHX,2035,2035,17.0,28,255,255,21.0,0,0,380.0,343.0,2763.0
2023-03-20,DL,EWR,PHX,2230,2230,7.0,33,2332,2332,7.0,0,0,62.0,24.0,200.0
2023-12-12,UA,DFW,LAX,2035,2035,-11.0,19,217,217,2.0,0,0,342.0,314.0,2440.0
2023-01-26,F9,CLT,EWR,850,850,-7.0,11,1043,1043,-7.0,0,0,113.0,94.0,538.0
2023-02-05,DL,LAS,ORD,1120,1120,-11.0,14,1427,1427,-5.0,0,0,187.0,166.0,1210.0
2023-02-02,DL,ORD,LAX,555,555,18.0,12,1220,1220,25.0,0,0,385.0,362.0,2731.0
2023-07-28,F9,LAS,ORD,550,550,22.0,27,837,837,12.0,0,0,167.0,130.0,936.0
2023-01-03,B6,DEN,IAH,1605,1605,57.0,8,1928,1928,53.0,0,0,203.0,188.0,1307.0
2023-12-06,WN,MCO,DFW,1410,1410,23.0,9,1809,1809,17.0,0,0,239.0,222.0,1679.0
2023-01-02,AS,IAH,JFK,1535,1535,-5.0,29,1759,1759,-11.0,0,0,144.0,109.0,884.0
2023-09-27,B6,SEA,EWR,1300,1300,-16.0,27,1908,1908,-10.0,0,0,368.0,332.0,2703.0
2023-04-25,DL,ATL,EWR,1125,1125,-19.0,25,1401,1401,-2.0,0,0,156.0,125.0,952.0
2023-05-16,AA,ATL,LAX,1310,1310,-2.0,16,1537,1537,3.0,0,0,147.0,126.0,788.0
2023-01-20,B6,IAH,ATL,1555,1555,-32.0,16,2138,2138,-8.0,0,0,343.0,322.0,2378.0
2023-09-15,UA,MCO,PHX,545,545,1.0,33,1200,1200,4.0,0,0,375.0,336.0,2661.0
2023-07-12,AA,JFK,LAX,1005,1005,-26.0,22,1558,1558,-15.0,0,0,353.0,325.0,2449.0
2023-01-09,AA,MIA,CLT,1000,1000,30.0,30,1241,1241,31.0,0,0,161.0,120.0,1124.0
2023-02-09,F9,ORD,LAX,2240,2240,-1.0,30,503,503,3.0,0,0,383.0,342.0,2795.0
2023-05-27,AS,JFK,PHX,515,515,6.0,11,705,705,-6.0,0,0,110.0,89.0,470.0
2023-10-16,WN,ATL,LAX,740,740,1.0,11,1124,1124,5.0,0,0,224.0,208.0,1542.0
2023-07-06,AS,MCO,IAH,850,850,-1.0,27,1008,1008,-9.0,0,0,78.0,41.0,289.0
2023-06-20,F9,DEN,SFO,1210,1210,-3.0,32,1723,1723,-5.0,0,0,313.0,277.0,2191.0
2023-06-29,B6,SEA,LAX,605,605,9.0,26,823,823,5.0,0,0,138.0,104.0,734.0
2023-01-19,DL,CLT,JFK,830,830,1.0,29,1328,1328,11.0,0,0,298.0,259.0,2172.0
2023-11-05,AA,LAS,SEA,755,755,2.0,15,1418,1418,7.0,0,0,383.0,361.0,2688.0
2023-03-13,DL,LAX,MCO,1805,1805,1.0,28,2259,2259,3.0,0,0,294.0,262.0,2062.0
2023-07-22,AA,LAX,EWR,2225,2225,17.0,30,129,129,15.0,0,0,184.0,143.0,1172.0
2023-12-21,WN,LAS,IAH,1605,1605,13.0,21,2214,2214,9.0,0,0,369.0,340.0,2641.0
2023-03-03,AA,LAS,CLT,1915,1915,11.0,22,2052,2052,,0,0,97.0,64.0,593.0
2023-01-10,AA,MIA,LAX,1005,1005,-27.0,8,1553,1553,-21.0,0,0,348.0,329.0,2603.0
2023-04-03,DL,SEA,SFO,1405,1405,22.0,24,1659,1659,13.0,0,0,174.0,146.0,1031.0
2023-07-26,WN,PHX,MCO,850,850,168.0,25,1448,1448,166.0,0,0,358.0,326.0,2437.0
2023-07-13,UA,IAH,ATL,1330,1330,-20.0,20,1618,1618,-6.0,0,0,168.0,137.0,970.0
2023-06-20,NK,SFO,JFK,2135,2135,-13.0,17,200,200,3.0,0,0,265.0,240.0,1826.0
2023-02-28,AA,MCO,DFW,815,815,-5.0,12,950,950,2.0,0,0,95.0,73.0,382.0
2023-01-09,B6,SFO,JFK,1905,1905,15.0,33,2145,2145,17.0,0,0,160.0,116.0,852.0
2023-12-06,B6,EWR,MIA,820,820,2.0,10,1029,1029,10.0,0,0,129.0,114.0,656.0
2023-04-26,NK,CLT,ATL,1800,1800,4.0,9,2116,2116,6.0,0,0,196.0,180.0,1241.0
2023-03-16,F9,LAS,PHX,1525,1525,0.0,34,1959,1959,8.0,0,0,274.0,232.0,1950.0
2023-10-10,WN,SFO,DFW,755,755,-22.0,16,1147,1147,-2.0,0,0,232.0,207.0,1540.0
2023-08-01,WN,CLT,SFO,910,910,-8.0,19,1249,1249,-0.0,0,0,219.0,193.0,1409.0
2023-07-01,AA,DEN,LAX,1020,1020,19.0,30,1607,1607,13.0,0,0,347.0,308.0,2571.0
2023-05-02,UA,MIA,EWR,740,740,-6.0,31,1035,1035,1.0,0,0,175.0,137.0,1220.0
2023-06-03,AA,ORD,ATL,1500,1500,6.0,8,2029,2029,17.0,0,0,329.0,315.0,2394.0
2023-01-03,WN,CLT,DEN,800,800,7.0,11,1345,1345,2.0,0,0,345.0,329.0,2477.0
2023-07-21,DL,MCO,DEN,1340,1340,3.0,29,1946,1946,2.0,0,0,366.0,328.0,2624.0
2023-06-15,AS,JFK,DFW,2225,2225,24.0,31,440,440,23.0,0,0,375.0,340.0,2644.0
2023-01-14,B6,SFO,DEN,1000,1000,-0.0,16,1506,1506,2.0,0,0,306.0,286.0,2171.0
2023-11-29,WN,SFO,EWR,1600,1600,-7.0,9,1900,1900,11.0,0,0,180.0,160.0,1076.0
2023-02-11,AS,SFO,ATL,910,910,-6.0,31,1151,1151,-9.0,0,0,161.0,126.0,934.0
2023-03-20,B6,MCO,SEA,1700,1700,-0.0,9,2033,2033,-8.0,0,0,213.0,198.0,1395.0
2023-10-02,F9,MCO,SEA,615,615,6.0,33,1008,1008,5.0,0,0,233.0,192.0,1576.0
2023-12-26,F9,MIA,ATL,755,755,7.0,16,1258,1258,-9.0,0,0,303.0,281.0,1960.0
2023-12-30,AA,SEA,ORD,1220,1220,-11.0,27,1415,1415,-4.0,0,0,115.0,84.0,555.0
2023-09-29,AS,DFW,DEN,820,820,-15.0,27,1140,1140,-7.0,0,0,200.0,166.0,1367.0
2023-05-21,AA,PHX,DEN,2130,2130,2.0,15,2310,2310,-2.0,0,0,100.0,76.0,342.0
2023-02-06,DL,EWR,SFO,640,640,-13.0,20,1300,1300,-11.0,0,0,380.0,353.0,2587.0
2023-07-25,AA,SEA,LAX,1435,1435,-2.0,12,2027,2027,7.0,0,0,352.0,336.0,2458.0
2023-10-21,NK,IAH,DEN,1850,1850,-5.0,9,2006,2006,7.0,0,0,76.0,57.0,383.0
2023-06-14,AS,LAX,ORD,635,635,-12.0,24,1136,1136,-17.0,0,0,301.0,268.0,2030.0
2023-06-18,DL,PHX,IAH,1940,1940,4.0,30,202,202,2.0,0,0,382.0,344.0,2694.0
2023-12-12,DL,DFW,DEN,1910,1910,63.0,18,46,46,68.0,0,0,336.0,314.0,2364.0
2023-05-25,WN,MIA,SFO,750,750,-13.0,33,1052,1052,-22.0,0,0,182.0,143.0,1111.0
2023-02-26,DL,PHX,LAX,725,725,-2.0,13,937,937,-17.0,0,0,132.0,114.0,629.0
2023-12-25,NK,LAX,IAH,955,955,15.0,16,1051,1051,14.0,0,0,56.0,33.0,191.0
2023-07-19,WN,MIA,EWR,635,635,-10.0,20,813,813,-19.0,0,0,98.0,72.0,557.0
2023-05-10,WN,EWR,CLT,2045,2045,20.0,27,24,24,,0,0,219.0,186.0,1358.0
2023-12-28,DL,PHX,JFK,2050,2050,-12.0,29,216,216,-12.0,0,0,326.0,289.0,2358.0
2023-10-29,WN,ORD,PHX,1335,1335,6.0,30,1809,1809,1.0,0,0,274.0,237.0,1852.0
2023-12-13,UA,SFO,SEA,1405,1405,-1.0,14,1703,1703,1.0,0,0,178.0,159.0,1129.0
2023-11-05,B6,DFW,DEN,1420,1420,14.0,15,2019,2019,15.0,0,0,359.0,337.0,2671.0
2023-04-26,DL,MIA,MCO,1505,1505,-11.0,33,2013,2013,-8.0,0,0,308.0,269.0,2164.0
2023-03-24,AA,MIA,ATL,1610,1610,63.0,8,2210,2210,71.0,0,0,360.0,345.0,2616.0
2023-07-01,UA,LAS,MIA,535,535,-5.0,23,1107,1107,-2.0,0,0,332.0,298.0,2247.0
2023-10-18,UA,LAS,MCO,635,635,-15.0,23,1123,1123,-25.0,0,0,288.0,257.0,2123.0
2023-05-03,UA,CLT,PHX,1305,1305,-1.0,30,1825,1825,-2.0,0,0,320.0,279.0,2141.0
2023-05-26,WN,CLT,MIA,1435,1435,127.0,29,1600,1600,128.0,0,0,85.0,52.0,369.0
2023-08-30,NK,ATL,ORD,2240,2240,-0.0,24,2330,2330,-4.0,0,0,50.0,20.0,178.0
2023-01-17,AS,LAS,MCO,1300,1300,2.0,19,1655,1655,12.0,0,0,235.0,211.0,1542.0
2023-12-23,AS,MIA,PHX,2120,2120,6.0,21,356,356,5.0,0,0,396.0,368.0,2789.0
2023-02-21,DL,IAH,DFW,2245,2245,11.0,19,439,439,15.0,0,0,354.0,324.0,2531.0
2023-05-28,NK,DFW,MCO,1315,1315,0.0,31,1441,1441,11.0,0,0,86.0,51.0,302.0
2023-10-04,WN,MIA,ORD,505,505,11.0,24,1130,1130,15.0,0,0,385.0,352.0,2741.0
2023-07-17,NK,CLT,EWR,1325,1325,-16.0,27,1817,1817,-14.0,0,0,292.0,254.0,2017.0
2023-07-16,WN,ORD,SEA,1615,1615,33.0,34,2247,2247,37.0,0,0,392.0,347.0,2788.0
2023-10-20,DL,ORD,CLT,1440,1440,-3.0,33,1942,1942,-3.0,0,0,302.0,261.0,2063.0
2023-03-27,DL,MCO,SEA,2155,2155,-25.0,32,2342,2342,-31.0,0,0,107.0,70.0,647.0
2023-01-17,WN,SFO,JFK,550,550,-6.0,15,803,803,9.0,0,0,133.0,112.0,775.0
2023-09-26,AS,LAX,ORD,615,615,11.0,21,951,951,-6.0,0,0,216.0,185.0,1258.0
2023-07-10,NK,IAH,DEN,910,910,-6.0,16,1131,1131,-4.0,0,0,141.0,118.0,611.0
2023-11-30,AA,DFW,JFK,1030,1030,19.0,14,1216,1216,17.0,0,0,106.0,85.0,589.0
2023-12-21,B6,ORD,MCO,805,805,118.0,8,1418,1418,117.0,0,0,373.0,359.0,2518.0
2023-12-13,DL,MIA,MCO,910,910,-20.0,17,1015,1015,-14.0,0,0,65.0,41.0,235.0
2023-05-12,AA,ATL,SFO,2125,2125,6.0,8,2314,2314,6.0,0,0,109.0,91.0,590.0
2023-10-06,DL,LAS,JFK,1530,1530,-12.0,9,2111,2111,-13.0,0,0,341.0,328.0,2461.0
2023-05-07,DL,MIA,LAS,955,955,-9.0,15,1442,1442,2.0,0,0,287.0,268.0,1887.0
2023-01-31,NK,LAS,ATL,1335,1335,1.0,19,1540,1540,6.0,0,0,125.0,98.0,586.0
2023-05-23,B6,SEA,EWR,1405,1405,-5.0,20,1554,1554,-7.0,0,0,109.0,80.0,667.0
2023-08-27,B6,LAX,MIA,1250,1250,5.0,25,1745,1745,3.0,0,0,295.0,263.0,1933.0
2023-04-27,AA,ORD,DFW,1430,1430,-30.0,29,2052,2052,-11.0,0,0,382.0,342.0,2679.0
2023-04-15,WN,IAH,ATL,1540,1540,-7.0,23,1957,1957,-7.0,0,0,257.0,230.0,1846.0
2023-04-18,NK,MCO,ATL,1505,1505,64.0,34,2049,2049,71.0,0,0,344.0,301.0,2505.0
2023-08-06,WN,DFW,EWR,1950,1950,19.0,24,2237,2237,15.0,0,0,167.0,137.0,997.0
2023-09-14,B6,LAS,DFW,1340,1340,-27.0,13,1442,1442,-9.0,0,0,62.0,45.0,156.0
2023-06-20,UA,ORD,ATL,1205,1205,32.0,9,1253,1253,21.0,0,0,48.0,32.0,153.0
2023-05-15,AS,LAS,MCO,1055,1055,-2.0,13,1325,1325,5.0,0,0,150.0,132.0,927.0
2023-04-20,WN,ORD,IAH,1340,1340,0.0,9,1734,1734,-2.0,0,0,234.0,214.0,1469.0
2023-12-07,DL,EWR,JFK,2020,2020,15.0,22,2238,2238,7.0,0,0,138.0,109.0,799.0
2023-09-08,WN,LAS,DEN,600,600,-5.0,20,928,928,-14.0,0,0,208.0,180.0,1413.0
2023-04-21,WN,JFK,SEA,505,505,-10.0,25,642,642,-2.0,0,0,97.0,63.0,548.0
2023-06-16,F9,MIA,CLT,855,855,1.0,25,1005,1005,-13.0,0,0,70.0,37.0,189.0
2023-08-04,WN,DFW,MCO,2000,2000,-17.0,30,2105,2105,-13.0,0,0,65.0,24.0,324.0
2023-12-28,AA,MIA,SEA,1925,1925,15.0,11,2302,2302,14.0,0,0,217.0,198.0,1534.0
2023-10-29,F9,SFO,PHX,1345,1345,23.0,16,1816,1816,14.0,0,0,271.0,244.0,1972.0
2023-07-30,AS,ORD,DFW,1345,1345,-8.0,9,1710,1710,-6.0,0,0,205.0,185.0,1292.0
2023-06-10,NK,LAS,PHX,2035,2035,9.0,31,2229,2229,9.0,0,0,114.0,72.0,575.0
2023-08-17,AA,MIA,SFO,800,800,-11.0,12,951,951,-2.0,0,0,111.0,91.0,559.0
2023-07-27,F9,PHX,EWR,1435,1435,22.0,30,1811,1811,18.0,0,0,216.0,175.0,1482.0
2023-10-04,DL,EWR,ATL,1015,1015,-4.0,17,1440,1440,-11.0,0,0,265.0,244.0,1771.0
2023-08-15,UA,LAX,SFO,1435,1435,10.0,21,1722,1722,11.0,0,0,167.0,141.0,971.0
2023-07-28,F9,JFK,LAX,1255,1255,2.0,30,1617,1617,7.0,0,0,202.0,163.0,1409.0
2023-06-25,DL,DEN,SEA,1945,1945,-11.0,24,2058,2058,-7.0,0,0,73.0,42.0,278.0
2023-03-13,NK,MCO,JFK,530,530,55.0,13,824,824,64.0,0,0,174.0,151.0,1082.0
2023-02-22,UA,DFW,MCO,1630,1630,3.0,24,2232,2232,18.0,0,0,362.0,329.0,2611.0
2023-08-27,DL,ATL,IAH,1820,1820,3.0,19,2043,2043,4.0,0,0,143.0,113.0,734.0
2023-08-12,AS,JFK,DEN,935,935,-17.0,12,1141,1141,-9.0,0,0,126.0,108.0,687.0
2023-02-18,WN,MCO,ORD,910,910,15.0,11,1324,1324,19.0,0,0,254.0,233.0,1817.0
2023-11-13,NK,SFO,SEA,1345,1345,7.0,23,1553,1553,14.0,0,0,128.0,100.0,600.0
2023-01-28,UA,SEA,IAH,1905,1905,8.0,8,43,43,10.0,0,0,338.0,324.0,2308.0
2023-09-30,DL,DEN,LAX,2245,2245,-1.0,21,317,317,-1.0,0,0,272.0,245.0,1847.0
2023-06-07,DL,CLT,SFO,530,530,5.0,27,908,908,5.0,0,0,218.0,185.0,1446.0
2023-02-15,DL,DFW,DEN,1330,1330,-22.0,15,1504,1504,-7.0,0,0,94.0,68.0,345.0
2023-08-22,AA,DFW,PHX,1810,1810,3.0,15,2118,2118,4.0,0,0,188.0,165.0,1287.0
2023-08-07,DL,EWR,SEA,2050,2050,-13.0,32,2309,2309,1.0,0,0,139.0,97.0,630.0
2023-09-28,AA,MIA,DFW,1835,1835,4.0,14,2012,2012,0.0,0,0,97.0,73.0,
2023-01-03,UA,LAS,PHX,1640,1640,-8.0,27,2237,2237,-2.0,0,0,357.0,325.0,2593.0
2023-05-17,DL,LAX,IAH,1555,1555,-2.0,31,1932,1932,-2.0,0,0,217.0,179.0,1446.0
2023-07-08,B6,IAH,LAS,1935,1935,5.0,13,2155,2155,7.0,0,0,140.0,120.0,963.0
2023-10-14,B6,SEA,ORD,1030,1030,-26.0,8,1213,1213,-12.0,0,0,103.0,88.0,447.0
2023-09-04,B6,SEA,LAS,1635,1635,7.0,18,1836,1836,6.0,0,0,121.0,97.0,
2023-03-13,UA,MCO,PHX,1630,1630,-8.0,17,2207,2207,-10.0,0,0,337.0,310.0,2219.0
2023-09-30,AA,DEN,DFW,1225,1225,9.0,13,1413,1413,12.0,0,0,108.0,91.0,670.0
2023-11-02,UA,IAH,DEN,1620,1620,71.0,27,1918,1918,88.0,0,0,178.0,140.0,1088.0
2023-09-11,AA,JFK,DFW,1825,1825,-14.0,10,2229,2229,2.0,0,0,244.0,225.0,1854.0
2023-03-05,WN,JFK,DEN,700,700,-10.0,14,941,941,-11.0,0,0,161.0,139.0,788.0
2023-01-19,WN,LAS,DFW,800,800,41.0,17,1130,1130,38.0,0,0,210.0,182.0,1465.0
2023-01-13,WN,EWR,SFO,1500,1500,9.0,19,1717,1717,13.0,0,0,137.0,114.0,794.0
2023-10-01,WN,LAS,DEN,1455,1455,-5.0,29,1718,1718,-8.0,0,0,143.0,106.0,885.0
2023-08-21,WN,CLT,ORD,2255,2255,11.0,30,152,152,17.0,0,0,177.0,140.0,1200.0
2023-06-21,WN,LAS,ORD,705,705,-13.0,25,1149,1149,-10.0,0,0,284.0,255.0,1957.0
2023-10-17,DL,SEA,PHX,1630,1630,-23.0,24,2007,2007,-14.0,0,0,217.0,185.0,1367.0
2023-09-25,B6,DEN,DFW,550,550,-4.0,17,808,808,-0.0,0,0,138.0,115.0,800.0
2023-06-18,AA,LAS,DFW,800,800,19.0,14,1220,1220,17.0,0,0,260.0,239.0,1853.0
2023-10-10,DL,SFO,ORD,1615,1615,-3.0,14,1725,1725,-14.0,0,0,70.0,52.0,275.0
2023-02-11,B6,EWR,MCO,610,610,-10.0,14,1120,1120,3.0,0,0,310.0,285.0,2112.0
2023-03-09,AS,ORD,CLT,755,755,-7.0,27,955,955,-3.0,0,0,120.0,87.0,718.0
2023-09-12,NK,SFO,ATL,2045,2045,22.0,23,58,58,23.0,0,0,253.0,221.0,1655.0
2023-09-27,UA,ATL,ORD,920,920,-2.0,10,1252,1252,-2.0,0,0,212.0,192.0,1337.0
2023-05-01,WN,EWR,PHX,1700,1700,-3.0,33,2125,2125,-3.0,0,0,265.0,221.0,1849.0
2023-04-18,UA,SFO,MCO,515,515,2.0,8,725,725,3.0,0,0,130.0,114.0,638.0
2023-12-14,B6,LAS,SFO,1535,1535,5.0,22,1751,1751,6.0,0,0,136.0,104.0,699.0
2023-11-19,AA,DEN,MCO,1000,1000,5.0,32,1601,1601,8.0,0,0,361.0,320.0,2601.0
2023-09-19,B6,DEN,MCO,1010,1010,3.0,18,1534,1534,-2.0,0,0,324.0,302.0,2278.0
2023-10-19,B6,EWR,CLT,1545,1545,31.0,10,2047,2047,25.0,0,0,302.0,287.0,2170.0
2023-09-22,UA,EWR,CLT,1005,1005,-15.0,34,1159,1159,1.0,0,0,114.0,71.0,519.0
2023-11-11,DL,ATL,CLT,1430,1430,18.0,11,1938,1938,7.0,0,0,308.0,292.0,2171.0
2023-06-09,AS,SEA,PHX,1230,1230,-4.0,29,1728,1728,-3.0,0,0,298.0,260.0,1993.0
2023-10-10,AA,CLT,LAS,1025,1025,-10.0,23,1409,1409,-8.0,0,0,224.0,192.0,1424.0
2023-12-15,AA,SFO,DFW,2035,2035,3.0,24,2248,2248,14.0,0,0,133.0,99.0,766.0
2023-12-28,UA,ORD,SEA,1900,1900,-14.0,30,2345,2345,-7.0,0,0,285.0,251.0,2197.0
2023-04-25,DL,LAS,PHX,1955,1955,-27.0,21,26,26,-16.0,0,0,271.0,239.0,1822.0
2023-02-01,DL,MIA,ATL,950,950,17.0,29,1600,1600,23.0,0,0,370.0,337.0,2615.0
2023-11-02,DL,SFO,LAS,710,710,61.0,33,1242,1242,64.0,0,0,332.0,288.0,2329.0
2023-08-21,AA,LAS,EWR,1725,1725,-11.0,29,1852,1852,6.0,0,0,87.0,47.0,523.0
2023-09-20,AS,MCO,MIA,2155,2155,13.0,14,2256,2256,22.0,0,0,61.0,43.0,205.0
2023-03-27,DL,MIA,SFO,755,755,-15.0,26,1315,1315,-4.0,0,0,320.0,285.0,2177.0
2023-04-15,F9,PHX,SFO,540,540,-7.0,34,706,706,-7.0,0,0,86.0,41.0,411.0
2023-02-26,WN,JFK,SFO,1355,1355,-7.0,30,1520,1520,7.0,0,0,85.0,47.0,493.0
2023-05-16,NK,EWR,IAH,1530,1530,23.0,22,1853,1853,12.0,0,0,203.0,175.0,1333.0
2023-06-13,DL,DFW,PHX,1910,1910,-12.0,10,2044,2044,-5.0,0,0,94.0,74.0,470.0
2023-11-01,NK,DFW,SFO,530,530,-6.0,9,726,726,-1.0,0,0,116.0,100.0,633.0
2023-03-02,AA,ATL,SFO,700,700,-12.0,14,938,938,,0,0,158.0,134.0,1023.0
2023-01-09,WN,DFW,SEA,2205,2205,21.0,12,36,36,27.0,0,0,151.0,135.0,917.0
2023-12-27,WN,LAX,JFK,1450,1450,21.0,32,1716,1716,14.0,0,0,146.0,103.0,895.0
2023-09-22,AS,MCO,ATL,1445,1445,-31.0,14,1730,1730,-19.0,0,0,165.0,142.0,904.0
2023-07-28,AA,JFK,DFW,2255,2255,13.0,20,331,331,18.0,0,0,276.0,247.0,1723.0
2023-11-01,DL,CLT,SFO,635,635,11.0,13,1027,1027,5.0,0,0,232.0,210.0,1438.0
2023-12-13,AA,PHX,DEN,1540,1540,13.0,24,2036,2036,6.0,0,0,296.0,268.0,2003.0
2023-12-06,DL,SEA,ATL,2155,2155,9.0,22,238,238,6.0,0,0,283.0,255.0,1929.0
2023-12-27,DL,DEN,LAS,1105,1105,4.0,31,1343,1343,11.0,0,0,158.0,122.0,825.0
2023-07-07,DL,ORD,DEN,2140,2140,50.0,12,101,101,45.0,0,0,201.0,180.0,1426.0
2023-03-24,WN,DFW,MIA,2040,2040,28.0,20,2327,2327,18.0,0,0,167.0,139.0,921.0
2023-09-30,AA,ATL,DFW,1040,1040,-10.0,21,1527,1527,-3.0,0,0,287.0,259.0,2036.0
2023-06-08,WN,DFW,SEA,2015,2015,103.0,28,2110,2110,100.0,0,0,55.0,16.0,277.0
2023-04-01,DL,LAX,MIA,1610,1610,-15.0,16,2210,2210,-15.0,0,0,360.0,335.0,2617.0
2023-09-23,UA,ORD,LAX,1110,1110,-11.0,22,1726,1726,-3.0,0,0,376.0,346.0,2739.0
2023-04-05,WN,ATL,PHX,2135,2135,-3.0,19,333,333,-5.0,0,0,358.0,330.0,2509.0
2023-06-03,WN,CLT,PHX,1515,1515,11.0,23,1758,1758,10.0,0,0,163.0,129.0,1020.0
2023-02-10,AS,EWR,PHX,1225,1225,3.0,18,1421,1421,12.0,0,0,116.0,87.0,583.0
2023-04-29,NK,SEA,LAX,1020,1020,10.0,19,1519,1519,10.0,0,0,299.0,270.0,2058.0
2023-02-20,WN,ATL,DFW,1255,1255,1.0,30,1652,1652,-1.0,0,0,237.0,202.0,1481.0
2023-01-18,UA,CLT,IAH,540,540,-1.0,21,815,815,0.0,0,0,155.0,127.0,965.0
2023-08-03,AS,IAH,CLT,1835,1835,6.0,27,54,54,4.0,0,0,379.0,341.0,2588.0
2023-12-03,F9,ATL,SEA,1610,1610,21.0,19,1748,1748,13.0,0,0,98.0,74.0,479.0
2023-12-01,WN,SEA,PHX,2025,2025,2.0,29,52,52,,0,0,267.0,229.0,1704.0
2023-09-19,UA,CLT,EWR,1205,1205,4.0,9,1604,1604,2.0,0,0,239.0,224.0,1611.0
2023-08-12,DL,DFW,ORD,1045,1045,-11.0,34,1331,1331,-14.0,0,0,166.0,125.0,1045.0
2023-01-24,DL,CLT,ATL,845,845,3.0,30,1302,1302,-4.0,0,0,257.0,220.0,1669.0
2023-08-29,WN,MCO,ATL,1440,1440,-13.0,18,1610,1610,-0.0,0,0,90.0,65.0,401.0
2023-04-14,AS,SFO,DEN,1325,1325,11.0,33,1653,1653,13.0,0,0,208.0,164.0,1284.0
2023-01-24,WN,SEA,PHX,1525,1525,36.0,33,1635,1635,24.0,0,0,70.0,28.0,174.0
2023-08-25,F9,MIA,LAX,525,525,19.0,19,909,909,16.0,0,0,224.0,194.0,1436.0
2023-10-09,DL,IAH,LAX,800,800,-12.0,18,1142,1142,-5.0,0,0,222.0,198.0,1494.0
2023-03-05,AA,JFK,ORD,1110,1110,43.0,32,1535,1535,42.0,0,0,265.0,226.0,1827.0
2023-12-12,WN,IAH,DFW,2255,2255,29.0,13,300,300,21.0,0,0,245.0,221.0,1679.0
2023-03-27,AA,SFO,IAH,625,625,-11.0,27,908,908,-10.0,0,0,163.0,129.0,859.0
2023-11-12,WN,ORD,DFW,740,740,-15.0,31,856,856,2.0,0,0,76.0,39.0,219.0
2023-01-26,B6,LAS,DEN,1315,1315,-1.0,19,1743,1743,-1.0,0,0,268.0,243.0,1754.0
2023-03-29,DL,SFO,LAX,1515,1515,4.0,25,1623,1623,2.0,0,0,68.0,36.0,201.0
2023-12-18,AA,DEN,SFO,2005,2005,7.0,28,2220,2220,11.0,0,0,135.0,98.0,747.0
2023-05-21,WN,EWR,LAX,740,740,-1.0,21,849,849,1.0,0,0,69.0,44.0,282.0
2023-05-03,WN,EWR,CLT,730,730,13.0,24,904,904,7.0,0,0,94.0,61.0,350.0
2023-01-10,DL,SEA,LAX,730,730,-14.0,29,928,928,-2.0,0,0,118.0,80.0,424.0
2023-01-19,DL,LAS,DFW,1010,1010,-13.0,21,1639,1639,-3.0,0,0,389.0,358.0,2776.0
2023-03-08,AA,IAH,MIA,735,735,-3.0,31,1411,1411,-12.0,0,0,396.0,360.0,2774.0
2023-04-04,DL,DFW,PHX,1520,1520,-30.0,21,1815,1815,-20.0,0,0,175.0,145.0,1091.0
2023-09-24,UA,SFO,JFK,525,525,-6.0,28,919,919,-18.0,0,0,234.0,198.0,1612.0
2023-08-21,WN,IAH,LAX,615,615,-12.0,32,1003,1003,-15.0,0,0,228.0,187.0,1467.0
2023-08-02,B6,LAX,ATL,1955,1955,-4.0,19,2053,2053,-2.0,0,0,58.0,32.0,316.0
2023-08-07,B6,SFO,MCO,1550,1550,225.0,17,1732,1732,228.0,0,0,102.0,77.0,478.0
2023-05-24,UA,CLT,PHX,2255,2255,-19.0,24,247,247,-8.0,0,0,232.0,202.0,1631.0
2023-12-13,DL,ATL,ORD,615,615,3.0,18,947,947,-6.0,0,0,212.0,183.0,1585.0
2023-10-09,NK,SEA,DFW,1305,1305,26.0,29,1735,1735,7.0,0,0,270.0,231.0,1838.0
2023-01-22,WN,LAX,MIA,625,625,-8.0,26,832,832,-2.0,0,0,127.0,90.0,623.0
2023-08-19,WN,PHX,EWR,1835,1835,-5.0,22,2031,2031,-9.0,0,0,116.0,90.0,578.0
2023-12-08,DL,JFK,MIA,1925,1925,-24.0,25,2316,2316,-16.0,0,0,231.0,200.0,1618.0
2023-12-06,UA,JFK,SEA,1155,1155,16.0,12,1429,1429,18.0,0,0,154.0,133.0,835.0
2023-08-03,UA,ORD,PHX,1900,1900,12.0,31,2313,2313,9.0,0,0,253.0,214.0,1642.0
2023-01-23,B6,SFO,DFW,2230,2230,24.0,20,429,429,28.0,0,0,359.0,330.0,2557.0
2023-12-25,WN,CLT,EWR,1835,1835,-3.0,26,2124,2124,-2.0,0,0,169.0,132.0,949.0
2023-09-19,NK,CLT,LAX,1630,1630,-9.0,16,1910,1910,-8.0,0,0,160.0,140.0,990.0
2023-11-07,UA,MCO,DEN,1800,1800,9.0,27,1914,1914,18.0,0,0,74.0,42.0,242.0
2023-09-12,WN,CLT,DFW,1105,1105,-31.0,12,1415,1415,-18.0,0,0,190.0,168.0,1172.0
2023-06-29,UA,SFO,LAX,610,610,-23.0,23,747,747,-0.0,0,0,97.0,63.0,526.0
2023-02-07,UA,JFK,ATL,1720,1720,11.0,21,2219,2219,20.0,0,0,299.0,272.0,1979.0
2023-11-23,AS,MIA,MCO,1535,1535,-2.0,11,2012,2012,3.0,0,0,277.0,262.0,1837.0
2023-05-31,WN,JFK,EWR,830,830,-1.0,12,1213,1213,7.0,0,0,223.0,202.0,1501.0
2023-08-27,UA,PHX,JFK,1010,1010,4.0,34,1130,1130,3.0,0,0,80.0,36.0,276.0
2023-04-16,UA,LAS,MIA,2255,2255,-4.0,32,30,30,1.0,0,0,95.0,56.0,310.0
2023-01-22,DL,SEA,EWR,2240,2240,23.0,20,311,311,14.0,0,0,271.0,243.0,1757.0
2023-11-01,AA,EWR,DEN,1640,1640,24.0,18,2252,2252,10.0,0,0,372.0,345.0,2464.0
2023-06-16,B6,ATL,SFO,725,725,-5.0,9,1020,1020,-8.0,0,0,175.0,158.0,1009.0
2023-01-19,WN,ATL,MIA,845,845,-4.0,25,1425,1425,6.0,0,0,340.0,306.0,2494.0
2023-08-25,AA,MCO,LAS,1225,1225,4.0,27,1449,1449,-3.0,0,0,144.0,106.0,885.0
2023-09-16,AS,IAH,CLT,950,950,-31.0,19,1123,1123,-26.0,0,0,93.0,69.0,385.0
2023-04-30,NK,DEN,PHX,1130,1130,10.0,12,1536,1536,21.0,0,0,246.0,229.0,1685.0
2023-12-06,B6,LAX,JFK,1845,1845,14.0,8,45,45,22.0,0,0,360.0,345.0,2572.0
2023-07-24,WN,CLT,SFO,2210,2210,-13.0,31,258,258,-12.0,0,0,288.0,253.0,1857.0
2023-05-30,UA,EWR,MIA,930,930,-15.0,11,1042,1042,-6.0,0,0,72.0,55.0,165.0
2023-12-04,UA,LAX,PHX,1150,1150,-11.0,12,1511,1511,-13.0,0,0,201.0,178.0,1314.0
2023-11-12,B6,DEN,JFK,2110,2110,-6.0,27,317,317,,0,0,367.0,329.0,2599.0
2023-09-17,AA,CLT,EWR,610,610,-13.0,24,902,902,-7.0,0,0,172.0,141.0,1083.0
2023-04-08,WN,MIA,EWR,2235,2235,-0.0,31,36,36,2.0,0,0,121.0,83.0,712.0
2023-07-04,UA,DFW,IAH,1030,1030,-4.0,34,1502,1502,2.0,0,0,272.0,228.0,1864.0
2023-03-09,WN,ATL,DEN,815,815,-6.0,11,1408,1408,-3.0,0,0,353.0,332.0,2468.0
2023-08-04,WN,MIA,JFK,540,540,-8.0,21,813,813,-9.0,0,0,153.0,124.0,756.0
2023-10-31,DL,MCO,EWR,1040,1040,-12.0,29,1153,1153,-1.0,0,0,73.0,33.0,221.0
2023-03-16,B6,SEA,MCO,750,750,2.0,29,900,900,-2.0,0,0,70.0,36.0,362.0
2023-04-12,AA,MIA,ORD,2235,2235,-1.0,33,408,408,5.0,0,0,333.0,291.0,2328.0
2023-04-16,NK,ORD,MIA,1425,1425,17.0,21,1917,1917,6.0,0,0,292.0,264.0,2031.0
2023-05-15,AA,SEA,LAS,1035,1035,-8.0,32,1352,1352,-8.0,0,0,197.0,155.0,1411.0
2023-12-23,UA,DEN,IAH,710,710,7.0,15,950,950,12.0,0,0,160.0,137.0,945.0
2023-01-06,AA,LAX,ORD,515,515,-10.0,34,626,626,-9.0,0,0,71.0,32.0,311.0
2023-04-19,WN,ATL,DFW,2235,2235,7.0,29,303,303,3.0,0,0,268.0,234.0,1832.0
2023-09-02,DL,EWR,IAH,1155,1155,11.0,25,1625,1625,10.0,0,0,270.0,240.0,1758.0
2023-10-22,UA,LAS,MIA,1115,1115,-5.0,27,1457,1457,-8.0,0,0,222.0,187.0,1585.0
2023-04-19,AA,MIA,ATL,1025,1025,4.0,21,1350,1350,8.0,0,0,205.0,175.0,1332.0
2023-04-06,NK,SEA,LAS,1800,1800,-6.0,14,2319,2319,8.0,0,0,319.0,294.0,2145.0
2023-06-30,DL,SFO,DEN,1355,1355,-23.0,22,1933,1933,-8.0,0,0,338.0,305.0,2430.0
2023-10-22,AA,ATL,CLT,2225,2225,56.0,19,19,19,65.0,0,0,114.0,84.0,593.0
2023-12-10,UA,IAH,LAX,705,705,-2.0,19,1132,1132,3.0,0,0,267.0,244.0,1882.0
2023-02-08,UA,SFO,LAX,1755,1755,5.0,8,2136,2136,12.0,0,0,221.0,205.0,
2023-12-03,DL,JFK,MIA,1715,1715,9.0,18,2245,2245,4.0,0,0,330.0,305.0,2309.0
2023-01-04,WN,ATL,LAX,835,835,-23.0,33,1018,1018,-18.0,0,0,103.0,59.0,457.0
2023-07-25,AS,ORD,ATL,1340,1340,18.0,11,1908,1908,13.0,0,0,328.0,312.0,2258.0
2023-07-28,UA,ORD,MIA,740,740,-24.0,29,1124,1124,,0,0,224.0,190.0,
2023-06-06,UA,EWR,DEN,910,910,84.0,22,1440,1440,71.0,0,0,330.0,301.0,2285.0
2023-05-08,WN,LAS,JFK,730,730,-7.0,34,1256,1256,-18.0,0,0,326.0,284.0,2231.0
2023-07-15,AS,MIA,ATL,710,710,-8.0,16,919,919,-1.0,0,0,129.0,109.0,682.0
2023-07-11,DL,LAS,EWR,1600,1600,-26.0,17,2011,2011,-22.0,0,0,251.0,227.0,1670.0
2023-02-22,DL,DEN,ORD,1910,1910,-6.0,17,2352,2352,-7.0,0,0,282.0,261.0,1919.0
2023-03-07,NK,DEN,SEA,1215,1215,12.0,26,1338,1338,13.0,0,0,83.0,49.0,415.0
2023-06-13,AA,ATL,MIA,2030,2030,-4.0,20,54,54,4.0,0,0,264.0,234.0,1936.0
2023-05-07,WN,DEN,JFK,1630,1630,8.0,29,2029,2029,0.0,0,0,239.0,202.0,1585.0
2023-03-28,WN,LAS,IAH,1805,1805,5.0,12,1914,1914,6.0,0,0,69.0,48.0,245.0
2023-11-11,DL,CLT,JFK,1050,1050,8.0,27,1340,1340,4.0,0,0,170.0,135.0,1007.0
2023-03-18,DL,ORD,MIA,1600,1600,-5.0,17,1822,1822,-8.0,0,0,142.0,118.0,803.0
2023-09-07,UA,SFO,EWR,1350,1350,-3.0,28,1621,1621,-6.0,0,0,151.0,113.0,975.0
2023-01-22,AA,LAX,DEN,520,520,-13.0,11,1015,1015,-7.0,0,0,295.0,277.0,2006.0
2023-12-28,B6,ATL,LAX,715,715,1.0,17,900,900,4.0,0,0,105.0,81.0,489.0
2023-10-23,WN,PHX,MIA,2110,2110,99.0,34,2242,2242,91.0,0,0,92.0,49.0,394.0
2023-10-12,DL,ORD,DFW,2105,2105,-8.0,8,120,120,-0.0,0,0,255.0,240.0,1685.0
2023-08-20,F9,JFK,MIA,1400,1400,15.0,15,2018,2018,14.0,0,0,378.0,352.0,2636.0
2023-11-07,DL,LAS,CLT,1545,1545,20.0,26,2031,2031,6.0,0,0,286.0,253.0,2027.0
2023-10-27,DL,ORD,JFK,1205,1205,-5.0,32,1502,1502,-14.0,0,0,177.0,134.0,936.0
2023-01-11,AA,MIA,EWR,2210,2210,19.0,22,312,312,14.0,0,0,302.0,271.0,2090.0
2023-07-08,B6,MIA,DEN,1520,1520,-16.0,15,1650,1650,1.0,0,0,90.0,66.0,420.0
2023-04-23,AS,PHX,JFK,740,740,-27.0,9,851,851,-13.0,0,0,71.0,57.0,245.0
2023-09-23,NK,IAH,ORD,855,855,-0.0,15,1038,1038,7.0,0,0,103.0,79.0,432.0
2023-03-16,UA,PHX,SFO,1250,1250,14.0,8,1502,1502,3.0,0,0,132.0,117.0,767.0
2023-09-04,B6,EWR,MIA,1925,1925,-25.0,30,108,108,-5.0,0,0,343.0,308.0,2359.0
2023-02-17,AA,LAS,PHX,2005,2005,-6.0,28,2256,2256,6.0,0,0,171.0,138.0,964.0
2023-05-23,UA,JFK,LAS,1700,1700,24.0,10,1848,1848,19.0,0,0,108.0,88.0,362.0
2023-10-20,DL,DFW,PHX,520,520,-18.0,27,918,918,-7.0,0,0,238.0,201.0,1465.0
2023-08-03,AA,EWR,PHX,1200,1200,9.0,21,1747,1747,16.0,0,0,347.0,315.0,2443.0
2023-10-01,WN,ATL,CLT,2035,2035,-6.0,14,2312,2312,4.0,0,0,157.0,139.0,916.0
2023-12-10,AA,ORD,CLT,2150,2150,21.0,22,101,101,6.0,0,0,191.0,161.0,1119.0
2023-12-28,WN,DFW,DEN,2055,2055,71.0,18,34,34,71.0,0,0,219.0,197.0,1397.0
2023-02-12,B6,LAS,CLT,1215,1215,24.0,21,1355,1355,11.0,0,0,100.0,70.0,463.0
2023-05-04,AA,SEA,ORD,1330,1330,-11.0,13,1512,1512,-8.0,0,0,102.0,81.0,443.0
2023-09-05,DL,DEN,DFW,710,710,-4.0,9,1134,1134,-4.0,0,0,264.0,250.0,1822.0
2023-10-14,AS,SFO,ORD,2235,2235,58.0,30,332,332,,0,0,297.0,259.0,1959.0
2023-12-05,WN,MIA,ORD,610,610,1.0,24,807,807,4.0,0,0,117.0,82.0,396.0
2023-01-07,WN,DFW,MCO,1535,1535,42.0,28,2018,2018,20.0,0,0,283.0,246.0,1886.0
2023-05-24,DL,LAS,MCO,1600,1600,-14.0,27,2109,2109,0.0,0,0,309.0,271.0,2197.0
2023-10-21,UA,ATL,MCO,2025,2025,-6.0,13,2219,2219,17.0,0,0,114.0,97.0,582.0
2023-10-15,UA,CLT,PHX,2035,2035,-7.0,27,22,22,3.0,0,0,227.0,190.0,1538.0
2023-03-16,NK,LAX,MIA,1630,1630,-5.0,8,1832,1832,-2.0,0,0,122.0,106.0,488.0
2023-11-06,WN,MIA,ATL,1250,1250,-17.0,9,1636,1636,-14.0,0,0,226.0,208.0,1404.0
2023-06-03,AA,JFK,PHX,855,855,18.0,15,1151,1151,26.0,0,0,176.0,156.0,1109.0
2023-11-24,DL,EWR,MIA,815,815,-7.0,33,1334,1334,5.0,0,0,319.0,277.0,2193.0
2023-06-05,UA,JFK,SEA,2035,2035,70.0,20,2307,2307,70.0,0,0,152.0,121.0,816.0
2023-05-22,UA,MIA,MCO,1015,1015,9.0,21,1503,1503,6.0,0,0,288.0,260.0,2083.0
2023-11-02,WN,ORD,SEA,1845,1845,1.0,32,111,111,-8.0,0,0,386.0,347.0,2711.0
2023-11-18,DL,ATL,SFO,540,540,-21.0,23,1139,1139,-7.0,0,0,359.0,327.0,2524.0
2023-05-12,B6,DFW,MCO,2020,2020,24.0,19,213,213,6.0,0,0,353.0,325.0,2425.0
2023-04-19,AA,DFW,ORD,1310,1310,-21.0,30,1844,1844,-13.0,0,0,334.0,297.0,2303.0
2023-01-21,NK,ATL,EWR,1415,1415,3.0,14,2035,2035,1.0,0,0,380.0,362.0,2556.0
2023-06-08,UA,EWR,SEA,640,640,3.0,8,1036,1036,6.0,0,0,236.0,217.0,1504.0
2023-10-17,WN,ATL,PHX,530,530,-14.0,21,751,751,-13.0,0,0,141.0,109.0,828.0
2023-05-31,AA,EWR,PHX,1825,1825,6.0,23,1948,1948,5.0,0,0,83.0,54.0,255.0
2023-12-28,B6,ATL,LAX,2225,2225,25.0,25,29,29,14.0,0,0,124.0,89.0,724.0
2023-01-01,AA,PHX,MIA,1440,1440,-14.0,19,1843,1843,-11.0,0,0,243.0,216.0,1662.0
2023-04-30,NK,PHX,MIA,2015,2015,13.0,11,145,145,13.0,0,0,330.0,311.0,2331.0
2023-09-07,AA,ORD,MCO,735,735,-33.0,31,1044,1044,-20.0,0,0,189.0,150.0,1119.0
2023-06-04,NK,DEN,IAH,1550,1550,-6.0,23,1715,1715,7.0,0,0,85.0,56.0,293.0
2023-12-17,DL,CLT,SFO,2000,2000,0.0,11,2348,2348,5.0,0,0,228.0,208.0,1425.0
2023-02-08,AA,MIA,LAX,2105,2105,59.0,22,149,149,,0,0,284.0,256.0,1968.0
2023-07-04,WN,DEN,PHX,520,520,-10.0,14,704,704,-19.0,0,0,104.0,79.0,620.0
2023-06-02,B6,DFW,SFO,1650,1650,7.0,17,2133,2133,20.0,0,0,283.0,256.0,1871.0
2023-07-01,DL,JFK,SEA,1420,1420,160.0,9,1928,1928,161.0,0,0,308.0,294.0,2206.0
2023-08-11,WN,EWR,MIA,2255,2255,3.0,9,13,13,7.0,0,0,78.0,61.0,425.0
2023-03-18,NK,ATL,EWR,835,835,-5.0,29,1246,1246,-4.0,0,0,251.0,213.0,1603.0
2023-09-10,DL,JFK,CLT,1735,1735,0.0,16,1956,1956,-6.0,0,0,141.0,114.0,720.0
2023-12-02,B6,LAS,SEA,1130,1130,-1.0,28,1734,1734,2.0,0,0,364.0,327.0,2637.0
2023-05-20,WN,PHX,MCO,1145,1145,-7.0,30,1555,1555,12.0,0,0,250.0,215.0,1626.0
2023-11-07,AS,LAS,LAX,2250,2250,-11.0,28,2339,2339,-4.0,0,0,49.0,10.0,228.0
2023-08-28,B6,DEN,CLT,710,710,3.0,21,1233,1233,12.0,0,0,323.0,291.0,2118.0
2023-06-04,AA,JFK,MIA,535,535,2.0,14,902,902,-6.0,0,0,207.0,188.0,1201.0
2023-02-06,AS,ORD,SFO,1030,1030,5.0,17,1238,1238,0.0,0,0,128.0,101.0,712.0
2023-08-07,AS,SEA,PHX,1125,1125,-8.0,29,1455,1455,-4.0,0,0,210.0,170.0,1497.0
2023-05-27,AA,IAH,LAS,1945,1945,11.0,10,141,141,9.0,0,0,356.0,338.0,2521.0
2023-01-11,AA,SEA,LAX,720,720,-7.0,15,820,820,-8.0,0,0,60.0,35.0,263.0
2023-07-07,UA,SEA,IAH,1905,1905,4.0,17,2105,2105,-1.0,0,0,120.0,92.0,712.0
2023-10-23,AS,JFK,SFO,1835,1835,61.0,32,2149,2149,60.0,0,0,194.0,156.0,1154.0
2023-10-13,AS,IAH,ATL,930,930,-11.0,18,1528,1528,-16.0,0,0,358.0,334.0,2532.0
2023-12-14,AA,MCO,LAS,1720,1720,15.0,13,2236,2236,12.0,0,0,316.0,295.0,2220.0
2023-03-08,WN,MCO,DFW,720,720,-30.0,11,1258,1258,-26.0,0,0,338.0,320.0,2380.0
2023-02-14,AA,MIA,CLT,600,600,-1.0,24,810,810,-6.0,0,0,130.0,97.0,872.0
2023-03-06,UA,PHX,DEN,1445,1445,17.0,11,2000,2000,16.0,0,0,315.0,293.0,2353.0
2023-06-16,NK,MCO,LAS,1415,1415,8.0,22,1510,1510,14.0,0,0,55.0,23.0,163.0
2023-08-04,AA,DFW,JFK,525,525,-9.0,29,644,644,-4.0,0,0,79.0,39.0,391.0
2023-11-03,WN,ORD,DFW,900,900,-6.0,31,1445,1445,13.0,0,0,345.0,306.0,2450.0
2023-07-18,B6,DFW,SEA,1540,1540,-1.0,23,2036,2036,4.0,0,0,296.0,264.0,1953.0
2023-12-03,WN,CLT,LAS,2240,2240,-3.0,9,114,114,5.0,0,0,154.0,138.0,1068.0
2023-04-23,DL,LAS,CLT,1150,1150,4.0,13,1520,1520,-6.0,0,0,210.0,189.0,1558.0
2023-03-15,AA,ORD,LAS,1315,1315,83.0,13,1840,1840,82.0,0,0,325.0,306.0,2236.0
2023-01-06,WN,DEN,LAS,1110,1110,-6.0,34,1550,1550,-3.0,0,0,280.0,240.0,
2023-02-15,AA,EWR,PHX,1450,1450,21.0,16,1905,1905,18.0,0,0,255.0,235.0,1649.0
2023-10-18,UA,DFW,ORD,640,640,-8.0,30,916,916,4.0,0,0,156.0,119.0,976.0
2023-04-13,AA,CLT,SEA,815,815,35.0,16,1228,1228,31.0,0,0,253.0,226.0,1718.0
2023-05-09,F9,DEN,JFK,730,730,5.0,33,919,919,10.0,0,0,109.0,70.0,624.0
2023-08-20,WN,PHX,LAS,530,530,-8.0,18,916,916,2.0,0,0,226.0,198.0,1437.0
2023-11-26,DL,DEN,DFW,1620,1620,-8.0,32,1919,1919,2.0,0,0,179.0,143.0,1236.0
2023-05-02,AA,ORD,CLT,1000,1000,-4.0,17,1243,1243,-8.0,0,0,163.0,142.0,1037.0
2023-08-04,DL,JFK,SFO,1925,1925,25.0,28,153,153,13.0,0,0,388.0,354.0,2753.0
2023-08-17,AS,ORD,CLT,2255,2255,3.0,13,354,354,3.0,0,0,299.0,277.0,2009.0
2023-12-27,AA,PHX,SFO,725,725,12.0,16,1249,1249,16.0,0,0,324.0,300.0,2235.0
2023-07-04,WN,ATL,ORD,1055,1055,10.0,27,1451,1451,4.0,0,0,236.0,203.0,1712.0
2023-05-30,AA,JFK,ORD,1235,1235,0.0,26,1705,1705,14.0,0,0,270.0,240.0,1814.0
2023-02-27,B6,EWR,SFO,1935,1935,0.0,30,2228,2228,3.0,0,0,173.0,138.0,1073.0
2023-07-14,AA,EWR,SFO,1040,1040,-13.0,23,1602,1602,-9.0,0,0,322.0,293.0,2322.0
2023-07-13,UA,CLT,JFK,1650,1650,-3.0,14,2011,2011,-2.0,0,0,201.0,183.0,1231.0
2023-11-30,WN,MCO,LAS,505,505,-29.0,25,934,934,-27.0,0,0,269.0,240.0,1976.0
2023-06-08,DL,MCO,ORD,1330,1330,14.0,21,1631,1631,6.0,0,0,181.0,155.0,1172.0
2023-07-10,F9,CLT,PHX,725,725,-7.0,14,846,846,-2.0,0,0,81.0,58.0,436.0
2023-03-06,WN,LAX,LAS,1540,1540,-24.0,25,1739,1739,-18.0,0,0,119.0,83.0,648.0
2023-02-16,AA,IAH,ATL,1705,1705,-1.0,30,2215,2215,-3.0,0,0,310.0,275.0,2161.0
2023-08-23,NK,EWR,JFK,2215,2215,-6.0,9,332,332,9.0,0,0,317.0,301.0,2342.0
2023-03-08,WN,PHX,IAH,1640,1640,-27.0,34,2023,2023,-12.0,0,0,223.0,183.0,1473.0
2023-11-22,WN,MIA,IAH,2225,2225,-8.0,19,437,437,-15.0,0,0,372.0,348.0,2610.0
2023-08-24,B6,ATL,DFW,1655,1655,63.0,26,1944,1944,62.0,0,0,169.0,136.0,972.0
2023-08-13,WN,SFO,EWR,1845,1845,-10.0,18,49,49,-4.0,0,0,364.0,340.0,2539.0
2023-09-14,AA,MIA,ATL,1320,1320,-2.0,9,1657,1657,-1.0,0,0,217.0,201.0,1269.0
2023-06-28,NK,DFW,SEA,2220,2220,2.0,28,2339,2339,4.0,0,0,79.0,46.0,377.0
2023-05-10,AA,DEN,LAX,2110,2110,-0.0,22,2253,2253,-5.0,0,0,103.0,76.0,669.0
2023-12-16,WN,JFK,MIA,1125,1125,-3.0,9,1536,1536,8.0,0,0,251.0,237.0,1713.0
2023-05-05,AA,LAX,DFW,1955,1955,5.0,20,2123,2123,-5.0,0,0,88.0,59.0,279.0
2023-03-08,UA,EWR,LAX,2110,2110,31.0,25,29,29,25.0,0,0,199.0,164.0,1302.0
2023-09-22,B6,MIA,PHX,2245,2245,5.0,12,241,241,7.0,0,0,236.0,214.0,1595.0
2023-08-06,UA,EWR,CLT,2125,2125,11.0,11,20,20,14.0,0,0,175.0,156.0,1225.0
2023-07-16,UA,MCO,CLT,2120,2120,29.0,13,129,129,8.0,0,0,249.0,230.0,1650.0
2023-11-25,AA,LAX,DFW,650,650,-28.0,14,804,804,-22.0,0,0,74.0,55.0,245.0
2023-11-25,WN,IAH,PHX,1025,1025,3.0,17,1130,1130,4.0,0,0,65.0,42.0,207.0
2023-12-25,WN,LAS,LAX,640,640,-7.0,17,832,832,4.0,0,0,112.0,85.0,595.0
2023-01-10,AA,MIA,LAS,1105,1105,22.0,25,1648,1648,19.0,0,0,343.0,314.0,2358.0
2023-10-28,UA,MIA,DFW,2135,2135,-7.0,12,125,125,1.0,0,0,230.0,210.0,1577.0
2023-09-22,AS,CLT,SFO,1025,1025,-2.0,15,1404,1404,-3.0,0,0,219.0,198.0,1362.0
2023-08-22,UA,DEN,EWR,755,755,-17.0,10,1342,1342,-15.0,0,0,347.0,331.0,2565.0
2023-04-25,AA,MIA,MCO,1430,1430,-11.0,22,1738,1738,-13.0,0,0,188.0,155.0,1073.0
2023-06-21,WN,LAX,EWR,840,840,-5.0,31,1009,1009,2.0,0,0,89.0,49.0,506.0
2023-06-25,NK,ORD,DEN,1715,1715,-18.0,16,2034,2034,-3.0,0,0,199.0,176.0,1254.0
2023-09-02,WN,EWR,JFK,1535,1535,13.0,12,1815,1815,13.0,0,0,160.0,142.0,897.0
2023-04-27,AA,MCO,LAX,1550,1550,-9.0,10,1655,1655,-7.0,0,0,65.0,51.0,225.0
2023-10-01,AA,PHX,IAH,1540,1540,-3.0,32,1856,1856,1.0,0,0,196.0,155.0,1187.0
2023-10-15,DL,EWR,CLT,1515,1515,-2.0,34,1625,1625,-11.0,0,0,70.0,26.0,298.0
2023-03-04,WN,CLT,LAS,1635,1635,20.0,25,1831,1831,17.0,0,0,116.0,87.0,710.0
2023-12-18,WN,LAS,MIA,610,610,-16.0,17,725,725,-7.0,0,0,75.0,53.0,267.0
2023-06-29,DL,SEA,LAX,1940,1940,-14.0,10,2336,2336,-10.0,0,0,236.0,218.0,1619.0
2023-03-11,DL,MIA,MCO,525,525,-6.0,8,830,830,1.0,0,0,185.0,168.0,1205.0
2023-10-12,UA,JFK,LAS,1500,1500,-12.0,16,1611,1611,-4.0,0,0,71.0,46.0,257.0
2023-06-15,WN,MIA,SEA,915,915,-21.0,13,1418,1418,-15.0,0,0,303.0,279.0,2276.0
2023-07-04,DL,PHX,SEA,1045,1045,18.0,9,1223,1223,21.0,0,0,98.0,81.0,463.0
2023-07-03,UA,DEN,LAS,2135,2135,17.0,20,2344,2344,13.0,0,0,129.0,102.0,684.0
2023-10-15,WN,MIA,DEN,1820,1820,5.0,29,1951,1951,2.0,0,0,91.0,51.0,341.0
2023-01-13,AA,SFO,ATL,1825,1825,14.0,31,1940,1940,12.0,0,0,75.0,36.0,312.0
2023-12-07,AA,JFK,CLT,825,825,-8.0,10,1243,1243,-3.0,0,0,258.0,240.0,1664.0
2023-10-31,NK,ATL,EWR,1210,1210,1.0,32,1717,1717,2.0,0,0,307.0,267.0,2016.0
2023-04-07,WN,PHX,DFW,1715,1715,37.0,11,1953,1953,30.0,0,0,158.0,137.0,874.0
2023-10-18,WN,SFO,JFK,2115,2115,32.0,25,302,302,11.0,0,0,347.0,316.0,2409.0
2023-07-02,AA,MCO,DFW,830,830,-8.0,26,1312,1312,-3.0,0,0,282.0,251.0,2137.0
2023-05-30,AA,MCO,ORD,2250,2250,0.0,34,341,341,-3.0,0,0,291.0,252.0,2114.0
2023-11-07,AA,MCO,ORD,1305,1305,-30.0,20,1606,1606,-24.0,0,0,181.0,153.0,1147.0
2023-08-08,B6,CLT,IAH,1555,1555,3.0,24,1712,1712,5.0,0,0,77.0,44.0,382.0
2023-06-01,NK,EWR,DFW,710,710,6.0,8,959,959,18.0,0,0,169.0,153.0,1041.0
2023-08-24,WN,MIA,LAX,1340,1340,11.0,18,1919,1919,-0.0,0,0,339.0,311.0,2347.0
2023-05-12,AA,ORD,SEA,1545,1545,3.0,30,1648,1648,-9.0,0,0,63.0,24.0,188.0
2023-05-16,WN,LAS,CLT,1935,1935,14.0,22,2149,2149,24.0,0,0,134.0,108.0,744.0
2023-10-20,AA,LAX,ATL,2130,2130,-15.0,9,253,253,-2.0,0,0,323.0,303.0,
2023-12-19,WN,DFW,MCO,1855,1855,-5.0,14,2323,2323,-2.0,0,0,268.0,247.0,1902.0
2023-09-17,AS,LAS,ORD,535,535,-6.0,9,1116,1116,-3.0,0,0,341.0,325.0,2342.0
2023-10-19,WN,ATL,LAX,1145,1145,74.0,28,1745,1745,89.0,0,0,360.0,325.0,2523.0
2023-09-29,DL,JFK,MIA,2230,2230,-3.0,20,106,106,-10.0,0,0,156.0,128.0,936.0
2023-04-14,AA,ORD,ATL,915,915,8.0,28,1341,1341,13.0,0,0,266.0,227.0,1850.0
2023-01-30,DL,DEN,MCO,720,720,-28.0,25,950,950,-16.0,0,0,150.0,115.0,734.0
2023-07-13,WN,IAH,JFK,1555,1555,-3.0,25,2134,2134,-1.0,0,0,339.0,309.0,
2023-12-09,AA,LAS,ATL,1835,1835,30.0,34,2149,2149,13.0,0,0,194.0,152.0,1257.0
2023-08-19,DL,MIA,ORD,845,845,7.0,32,1358,1358,-5.0,0,0,313.0,270.0,2212.0
2023-12-11,B6,SEA,DFW,1205,1205,-21.0,15,1838,1838,-11.0,0,0,393.0,373.0,2767.0
2023-02-06,B6,DEN,CLT,2135,2135,2.0,9,2312,2312,1.0,0,0,97.0,79.0,516.0
2023-02-14,DL,SFO,PHX,1315,1315,-14.0,30,1633,1633,-10.0,0,0,198.0,157.0,1320.0
2023-02-23,B6,JFK,PHX,1915,1915,-0.0,30,2354,2354,10.0,0,0,279.0,238.0,1816.0
2023-03-12,UA,CLT,LAX,1410,1410,24.0,8,1525,1525,19.0,0,0,75.0,57.0,285.0
2023-04-15,WN,SEA,MCO,1535,1535,6.0,30,1821,1821,17.0,0,0,166.0,125.0,908.0
2023-12-14,AA,MCO,LAX,1310,1310,-2.0,14,1718,1718,18.0,0,0,248.0,230.0,1693.0
2023-04-02,NK,DFW,DEN,635,635,-7.0,18,1211,1211,-12.0,0,0,336.0,307.0,2372.0
2023-11-03,UA,MIA,MCO,920,920,-3.0,29,1412,1412,3.0,0,0,292.0,256.0,1911.0
2023-03-19,NK,EWR,LAX,815,815,-12.0,11,1252,1252,-2.0,0,0,277.0,258.0,1870.0
2023-06-15,AA,MCO,LAX,1240,1240,-17.0,16,1647,1647,-4.0,0,0,247.0,222.0,1682.0
2023-01-08,F9,DFW,CLT,2110,2110,7.0,17,46,46,2.0,0,0,216.0,195.0,1351.0
2023-04-23,DL,ATL,MCO,2010,2010,24.0,22,2131,2131,30.0,0,0,81.0,48.0,356.0
2023-03-25,AA,DFW,SFO,515,515,9.0,17,751,751,11.0,0,0,156.0,128.0,956.0
2023-03-06,DL,EWR,DFW,855,855,-6.0,26,1030,1030,-2.0,0,0,95.0,65.0,404.0
2023-08-27,WN,DFW,ATL,2015,2015,24.0,24,159,159,12.0,0,0,344.0,312.0,2524.0
2023-05-13,WN,CLT,ORD,1120,1120,-7.0,28,1224,1224,-11.0,0,0,64.0,27.0,284.0
2023-10-05,UA,DEN,EWR,1105,1105,-3.0,22,1337,1337,12.0,0,0,152.0,123.0,812.0
2023-10-09,AA,ATL,LAX,755,755,21.0,24,1208,1208,4.0,0,0,253.0,219.0,1753.0
2023-11-17,AA,ORD,SEA,1430,1430,3.0,26,1534,1534,-2.0,0,0,64.0,31.0,290.0
2023-03-31,AS,DFW,SEA,1350,1350,-21.0,17,1607,1607,-10.0,0,0,137.0,116.0,687.0
2023-08-15,AS,CLT,PHX,1935,1935,-5.0,10,2228,2228,2.0,0,0,173.0,153.0,1158.0
2023-02-09,F9,IAH,MCO,845,845,-14.0,25,1135,1135,-4.0,0,0,170.0,137.0,1047.0
2023-06-14,UA,MCO,CLT,2135,2135,16.0,34,2329,2329,23.0,0,0,114.0,71.0,439.0
2023-10-22,WN,EWR,SFO,1550,1550,331.0,29,2211,2211,334.0,0,0,381.0,348.0,2789.0
2023-09-10,WN,EWR,DEN,2145,2145,19.0,27,202,202,22.0,0,0,257.0,222.0,1763.0
2023-04-12,NK,ORD,MIA,1345,1345,24.0,8,1743,1743,17.0,0,0,238.0,222.0,1622.0
2023-11-03,AA,ORD,DFW,715,715,11.0,25,1057,1057,13.0,0,0,222.0,191.0,1351.0
2023-03-14,DL,IAH,CLT,730,730,-15.0,14,827,827,-18.0,0,0,57.0,39.0,172.0
2023-04-16,UA,MIA,JFK,1125,1125,47.0,23,1530,1530,,0,0,245.0,217.0,1603.0
2023-09-20,NK,PHX,CLT,530,530,-41.0,12,806,806,-21.0,0,0,156.0,140.0,1017.0
2023-08-20,WN,LAS,IAH,1530,1530,6.0,17,1731,1731,18.0,0,0,121.0,95.0,460.0
2023-08-01,DL,DEN,JFK,1935,1935,61.0,10,2305,2305,62.0,0,0,210.0,192.0,1293.0
2023-06-27,AS,ATL,MCO,1315,1315,-6.0,17,1528,1528,-12.0,0,0,133.0,105.0,754.0
2023-08-27,NK,SEA,LAX,745,745,-6.0,28,1238,1238,-6.0,0,0,293.0,255.0,2118.0
2023-01-10,DL,MCO,IAH,1305,1305,-5.0,18,1820,1820,-1.0,0,0,315.0,289.0,2220.0
2023-04-16,UA,IAH,EWR,1610,1610,14.0,8,1928,1928,18.0,0,0,198.0,179.0,1289.0
2023-06-12,NK,MCO,JFK,2105,2105,9.0,17,2217,2217,12.0,0,0,72.0,45.0,342.0
2023-01-15,NK,LAS,ORD,1240,1240,-1.0,20,1706,1706,-7.0,0,0,266.0,242.0,1883.0
2023-02-14,WN,IAH,MIA,1305,1305,-12.0,16,1423,1423,-12.0,0,0,78.0,54.0,307.0
2023-01-02,WN,CLT,LAX,500,500,-29.0,16,837,837,-24.0,0,0,217.0,194.0,1435.0
2023-05-20,WN,JFK,IAH,2025,2025,-23.0,30,2207,2207,-22.0,0,0,102.0,66.0,640.0
2023-03-07,UA,ATL,SEA,550,550,-6.0,20,715,715,-1.0,0,0,85.0,55.0,383.0
2023-12-20,NK,MIA,ATL,955,955,6.0,10,1501,1501,16.0,0,0,306.0,287.0,2166.0
2023-09-24,AA,SFO,ORD,1500,1500,11.0,8,1659,1659,7.0,0,0,119.0,104.0,779.0
2023-08-02,UA,EWR,CLT,1500,1500,26.0,31,2121,2121,35.0,0,0,381.0,346.0,2713.0
2023-08-21,AA,CLT,ORD,745,745,-10.0,8,924,924,0.0,0,0,99.0,80.0,407.0
2023-09-11,AA,LAS,CLT,1040,1040,1.0,22,1651,1651,11.0,0,0,371.0,345.0,2591.0
2023-02-15,UA,PHX,ATL,1845,1845,0.0,19,2311,2311,1.0,0,0,266.0,239.0,1641.0
2023-09-19,AS,JFK,LAX,2105,2105,-40.0,14,2252,2252,-26.0,0,0,107.0,89.0,487.0
2023-07-09,AA,SFO,DFW,545,545,-4.0,15,858,858,2.0,0,0,193.0,167.0,1281.0
2023-07-26,WN,LAS,ORD,1500,1500,2.0,19,1627,1627,9.0,0,0,87.0,60.0,475.0
2023-11-09,DL,PHX,SFO,1930,1930,1.0,16,20,20,-4.0,0,0,290.0,264.0,1916.0
2023-01-25,UA,CLT,LAS,850,850,-13.0,24,1337,1337,2.0,0,0,287.0,253.0,1944.0
2023-12-17,F9,IAH,CLT,1450,1450,-1.0,30,1847,1847,5.0,0,0,237.0,199.0,1586.0
2023-10-06,UA,SEA,SFO,2040,2040,-1.0,9,1,1,2.0,0,0,201.0,181.0,1359.0
2023-02-22,AA,MCO,SEA,1745,1745,12.0,20,1906,1906,19.0,0,0,81.0,56.0,196.0
2023-11-20,DL,SEA,LAS,1645,1645,-2.0,32,1744,1744,-3.0,0,0,59.0,20.0,189.0
2023-02-05,DL,DFW,JFK,1400,1400,-2.0,11,1827,1827,5.0,0,0,267.0,251.0,1807.0
2023-01-02,WN,PHX,ATL,1435,1435,63.0,31,1948,1948,62.0,0,0,313.0,278.0,2195.0
2023-03-05,AA,DFW,ORD,815,815,-0.0,15,1221,1221,-7.0,0,0,246.0,226.0,1736.0
2023-12-18,DL,JFK,LAX,1840,1840,9.0,33,2034,2034,13.0,0,0,114.0,76.0,670.0
2023-11-15,NK,SEA,MIA,535,535,-17.0,26,1131,1131,-11.0,0,0,356.0,323.0,2542.0
2023-01-14,NK,MIA,ORD,815,815,28.0,20,1217,1217,46.0,0,0,242.0,218.0,1797.0
2023-03-30,DL,PHX,JFK,1335,1335,-25.0,27,1656,1656,-24.0,0,0,201.0,164.0,1284.0
2023-02-16,UA,CLT,LAS,1135,1135,191.0,18,1359,1359,205.0,0,0,144.0,121.0,783.0
2023-11-07,UA,SFO,CLT,640,640,-1.0,14,1247,1247,-8.0,0,0,367.0,342.0,2579.0
2023-07-26,AA,DFW,DEN,1050,1050,27.0,29,1216,1216,29.0,0,0,86.0,50.0,400.0
2023-03-06,WN,EWR,LAX,2210,2210,16.0,14,225,225,27.0,0,0,255.0,231.0,1706.0
2023-09-23,B6,ATL,MIA,1325,1325,12.0,26,1820,1820,6.0,0,0,295.0,263.0,2008.0
2023-02-27,UA,EWR,CLT,2000,2000,88.0,21,5,5,85.0,0,0,245.0,219.0,1485.0
2023-03-06,AA,DEN,DFW,855,855,5.0,26,1246,1246,1.0,0,0,231.0,196.0,1582.0
2023-09-26,WN,MCO,ORD,2020,2020,-8.0,25,2231,2231,5.0,0,0,131.0,99.0,604.0
2023-09-03,WN,ATL,ORD,755,755,-7.0,30,1431,1431,1.0,0,0,396.0,361.0,2782.0
2023-01-13,UA,SFO,MIA,2225,2225,13.0,27,211,211,14.0,0,0,226.0,191.0,1471.0
2023-05-12,NK,EWR,SEA,2105,2105,8.0,34,2225,2225,7.0,0,0,80.0,42.0,250.0
2023-06-25,WN,JFK,SFO,1840,1840,7.0,8,25,25,10.0,0,0,345.0,328.0,2353.0
2023-09-10,UA,ATL,IAH,1900,1900,15.0,15,2312,2312,18.0,0,0,252.0,232.0,1626.0
2023-02-08,AA,LAS,SEA,2105,2105,-4.0,11,123,123,7.0,0,0,258.0,236.0,1795.0
2023-06-02,AA,EWR,PHX,2045,2045,-7.0,30,2258,2258,4.0,0,0,133.0,99.0,747.0
2023-05-15,WN,DEN,JFK,950,950,-29.0,28,1120,1120,-25.0,0,0,90.0,56.0,358.0
2023-01-15,WN,JFK,DFW,535,535,-4.0,25,806,806,-6.0,0,0,151.0,116.0,863.0
2023-03-24,DL,JFK,CLT,1810,1810,4.0,29,2225,2225,5.0,0,0,255.0,219.0,1505.0
2023-10-18,AA,EWR,DEN,2255,2255,-20.0,20,449,449,-11.0,0,0,354.0,323.0,2530.0
2023-09-26,DL,LAX,SEA,2015,2015,1.0,11,229,229,7.0,0,0,374.0,356.0,2589.0
2023-05-04,AA,DEN,SEA,1810,1810,-4.0,23,2236,2236,-7.0,0,0,266.0,237.0,1783.0
2023-03-03,UA,SFO,DFW,830,830,5.0,34,1207,1207,-9.0,0,0,217.0,173.0,1313.0
2023-02-23,UA,JFK,PHX,1220,1220,14.0,15,1748,1748,19.0,0,0,328.0,305.0,2272.0
2023-01-01,WN,ORD,SFO,925,925,4.0,21,1201,1201,5.0,0,0,156.0,125.0,813.0
2023-07-08,UA,MCO,IAH,1855,1855,10.0,30,2334,2334,9.0,0,0,279.0,245.0,2053.0
2023-04-07,UA,MCO,LAS,1945,1945,3.0,15,2326,2326,8.0,0,0,221.0,198.0,1460.0
2023-06-26,WN,CLT,LAX,1440,1440,-4.0,26,1619,1619,-1.0,0,0,99.0,63.0,368.0
2023-05-28,B6,LAS,LAX,1155,1155,-11.0,19,1300,1300,0.0,0,0,65.0,41.0,310.0
2023-07-22,WN,LAS,SEA,1610,1610,-11.0,29,2045,2045,-2.0,0,0,275.0,236.0,1789.0
2023-01-29,WN,ATL,MIA,810,810,-5.0,28,1107,1107,1.0,0,0,177.0,145.0,1050.0
2023-03-31,NK,MCO,EWR,2000,2000,5.0,31,141,141,5.0,0,0,341.0,306.0,2483.0
2023-11-26,AA,MIA,DEN,905,905,9.0,15,1205,1205,11.0,0,0,180.0,156.0,1149.0
2023-04-22,WN,JFK,SEA,2110,2110,-4.0,26,325,325,15.0,0,0,375.0,345.0,2680.0
2023-03-11,DL,LAX,ORD,1455,1455,-3.0,13,2127,2127,3.0,0,0,392.0,375.0,2762.0
2023-11-10,UA,DFW,LAS,1825,1825,35.0,22,14,14,21.0,0,0,349.0,323.0,2445.0
2023-11-18,AA,LAS,MIA,2145,2145,-13.0,13,329,329,-6.0,0,0,344.0,326.0,2366.0
2023-05-15,F9,EWR,CLT,1040,1040,10.0,10,1213,1213,21.0,0,0,93.0,73.0,565.0
2023-03-02,AA,DEN,ATL,1730,1730,84.0,15,2223,2223,81.0,0,0,293.0,274.0,2135.0
2023-03-03,NK,EWR,JFK,840,840,11.0,10,929,929,8.0,0,0,49.0,28.0,202.0
2023-01-04,WN,DEN,JFK,515,515,-12.0,31,822,822,-1.0,0,0,187.0,148.0,1105.0
2023-04-29,WN,JFK,LAX,925,925,10.0,34,1359,1359,10.0,0,0,274.0,233.0,1960.0
2023-02-13,WN,ATL,PHX,1815,1815,-9.0,26,2220,2220,-7.0,0,0,245.0,210.0,1550.0
2023-01-03,DL,ORD,SFO,1210,1210,4.0,16,1328,1328,,0,0,78.0,58.0,235.0
2023-04-23,DL,EWR,SEA,820,820,104.0,24,1205,1205,118.0,0,0,225.0,192.0,1509.0
2023-12-19,DL,SFO,CLT,2255,2255,19.0,10,122,122,15.0,0,0,147.0,126.0,708.0
2023-10-09,UA,ATL,LAS,1250,1250,16.0,20,1822,1822,21.0,0,0,332.0,307.0,2386.0
2023-08-18,UA,ORD,DEN,945,945,19.0,27,1436,1436,16.0,0,0,291.0,255.0,2009.0
2023-07-16,AA,JFK,PHX,1755,1755,48.0,11,1943,1943,56.0,0,0,108.0,89.0,580.0
2023-04-16,DL,MIA,DEN,2135,2135,1.0,14,112,112,2.0,0,0,217.0,197.0,1404.0
2023-02-19,AS,MIA,LAS,525,525,-11.0,28,940,940,-6.0,0,0,255.0,221.0,1840.0
2023-08-21,WN,MIA,JFK,915,915,-8.0,15,1501,1501,,0,0,346.0,325.0,2504.0
2023-01-09,WN,DFW,MIA,2225,2225,123.0,21,419,419,121.0,0,0,354.0,325.0,2490.0
2023-11-30,WN,JFK,ORD,1215,1215,11.0,28,1648,1648,9.0,0,0,273.0,240.0,1744.0
2023-01-02,AA,MIA,SEA,2215,2215,-23.0,14,211,211,-8.0,0,0,236.0,211.0,1595.0
2023-12-09,DL,LAX,IAH,955,955,-40.0,11,1409,1409,-23.0,0,0,254.0,237.0,1708.0
2023-06-10,UA,LAS,SFO,855,855,-5.0,29,1443,1443,1.0,0,0,348.0,311.0,2325.0
2023-10-06,WN,ATL,DFW,2150,2150,20.0,11,348,348,10.0,0,0,358.0,338.0,2568.0
2023-10-01,F9,EWR,LAX,1605,1605,10.0,23,1858,1858,3.0,0,0,173.0,141.0,1033.0
2023-02-04,DL,IAH,LAX,2005,2005,20.0,11,30,30,41.0,0,0,265.0,245.0,1883.0
2023-02-18,WN,IAH,SFO,1735,1735,13.0,32,11,11,14.0,0,0,396.0,355.0,2585.0
2023-04-29,AA,ORD,IAH,1625,1625,17.0,16,1835,1835,15.0,0,0,130.0,108.0,700.0
2023-07-08,DL,ATL,JFK,555,555,12.0,16,839,839,14.0,0,0,164.0,140.0,979.0
2023-03-28,B6,SFO,EWR,2105,2105,21.0,29,16,16,21.0,0,0,191.0,153.0,1234.0
2023-04-21,UA,IAH,LAX,1050,1050,-16.0,14,1644,1644,-9.0,0,0,354.0,332.0,2533.0
2023-09-03,UA,EWR,IAH,605,605,-11.0,8,1228,1228,-8.0,0,0,383.0,369.0,2714.0
2023-10-06,NK,MCO,IAH,1240,1240,16.0,30,1754,1754,35.0,0,0,314.0,274.0,2250.0
2023-06-06,AA,JFK,PHX,1200,1200,46.0,9,1659,1659,41.0,0,0,299.0,279.0,1969.0
2023-01-02,B6,DEN,ORD,1625,1625,4.0,29,1832,1832,-5.0,0,0,127.0,94.0,780.0
2023-12-06,WN,CLT,IAH,1500,1500,-28.0,11,2011,2011,-12.0,0,0,311.0,293.0,2252.0
2023-01-15,UA,CLT,LAS,835,835,-18.0,34,1208,1208,-9.0,0,0,213.0,168.0,1381.0
2023-10-20,WN,ORD,EWR,1445,1445,14.0,13,1939,1939,6.0,0,0,294.0,274.0,2014.0
2023-05-01,DL,IAH,MCO,1520,1520,-14.0,17,2016,2016,-11.0,0,0,296.0,273.0,1976.0
2023-04-12,UA,CLT,EWR,515,515,2.0,23,644,644,-3.0,0,0,89.0,61.0,536.0
2023-06-24,B6,EWR,PHX,2045,2045,-7.0,23,2148,2148,4.0,0,0,63.0,32.0,157.0
2023-08-01,DL,MCO,PHX,1930,1930,1.0,19,2225,2225,1.0,0,0,175.0,152.0,1039.0
2023-12-23,DL,ORD,MIA,1730,1730,25.0,24,2209,2209,29.0,0,0,279.0,248.0,1936.0
2023-09-11,AA,SFO,ATL,1645,1645,8.0,10,2259,2259,12.0,0,0,374.0,360.0,2676.0
2023-06-21,NK,DEN,SEA,1155,1155,-4.0,14,1725,1725,-3.0,0,0,330.0,312.0,2296.0
2023-01-21,DL,LAX,MCO,1505,1505,-6.0,9,2122,2122,-4.0,0,0,377.0,357.0,2643.0
2023-03-19,NK,PHX,ORD,645,645,-15.0,18,819,819,-22.0,0,0,94.0,70.0,338.0
2023-12-31,DL,JFK,DEN,505,505,9.0,29,1107,1107,2.0,0,0,362.0,322.0,2603.0
2023-04-28,WN,MIA,SFO,555,555,-29.0,14,835,835,-29.0,0,0,160.0,135.0,962.0
2023-05-07,B6,MIA,LAS,950,950,94.0,14,1606,1606,83.0,0,0,376.0,351.0,2634.0
2023-11-06,DL,SFO,MCO,1205,1205,-5.0,32,1257,1257,5.0,0,0,52.0,14.0,182.0
2023-04-27,UA,IAH,ORD,2215,2215,17.0,22,331,331,15.0,0,0,316.0,286.0,2333.0
2023-03-08,B6,CLT,EWR,1645,1645,9.0,18,2249,2249,11.0,0,0,364.0,335.0,2465.0
2023-03-15,UA,CLT,PHX,1210,1210,-6.0,15,1553,1553,6.0,0,0,223.0,204.0,1361.0
2023-12-06,NK,IAH,ORD,1330,1330,27.0,20,1935,1935,22.0,0,0,365.0,337.0,2637.0
2023-04-24,UA,LAS,PHX,1435,1435,-11.0,21,1828,1828,-3.0,0,0,233.0,202.0,1414.0
2023-04-13,WN,DEN,ATL,1500,1500,-11.0,23,1903,1903,-17.0,0,0,243.0,211.0,1736.0
2023-06-13,NK,EWR,LAS,655,655,20.0,23,858,858,20.0,0,0,123.0,94.0,753.0
2023-09-05,WN,JFK,LAS,1800,1800,4.0,15,1908,1908,10.0,0,0,68.0,48.0,255.0
2023-03-24,UA,LAX,ORD,1215,1215,2.0,28,1312,1312,2.0,0,0,57.0,19.0,159.0
2023-06-30,UA,EWR,LAX,630,630,10.0,17,748,748,12.0,0,0,78.0,51.0,210.0
2023-09-29,AA,SFO,SEA,1315,1315,70.0,16,1728,1728,80.0,0,0,253.0,227.0,1724.0
2023-11-21,WN,DFW,LAS,2030,2030,-8.0,34,2324,2324,-4.0,0,0,174.0,130.0,1204.0
2023-09-20,DL,SFO,ATL,2200,2200,7.0,32,322,322,-4.0,0,0,322.0,281.0,2294.0
2023-07-19,AS,PHX,EWR,1740,1740,4.0,31,2325,2325,-4.0,0,0,345.0,304.0,2376.0
2023-02-24,AA,IAH,SFO,1155,1155,-0.0,17,1648,1648,2.0,0,0,293.0,267.0,1820.0
2023-04-07,DL,LAX,ORD,1805,1805,-19.0,26,1940,1940,-11.0,0,0,95.0,64.0,501.0
2023-11-02,AA,PHX,MIA,2255,2255,1.0,29,250,250,1.0,0,0,235.0,197.0,1582.0
2023-12-01,AS,JFK,SFO,1005,1005,81.0,17,1320,1320,69.0,0,0,195.0,170.0,1300.0
2023-04-30,WN,IAH,DEN,740,740,5.0,8,1255,1255,11.0,0,0,315.0,301.0,2088.0
2023-10-13,DL,LAX,JFK,830,830,-23.0,19,1330,1330,-15.0,0,0,300.0,271.0,2137.0
2023-04-09,DL,ATL,ORD,1640,1640,3.0,23,2036,2036,6.0,0,0,236.0,204.0,1728.0
2023-12-01,AA,MCO,PHX,840,840,-15.0,31,1337,1337,-3.0,0,0,297.0,259.0,1913.0
2023-08-14,UA,DFW,ATL,1015,1015,-18.0,27,1504,1504,-20.0,0,0,289.0,252.0,2034.0
2023-06-19,WN,CLT,SFO,1325,1325,37.0,25,1934,1934,29.0,0,0,369.0,335.0,2627.0
2023-01-22,WN,DFW,SFO,1355,1355,1.0,32,1516,1516,-3.0,0,0,81.0,44.0,453.0
2023-12-20,WN,CLT,ORD,1645,1645,79.0,20,1918,1918,84.0,0,0,153.0,125.0,918.0
2023-03-31,WN,DEN,LAS,640,640,-20.0,20,1128,1128,-16.0,0,0,288.0,264.0,2037.0
2023-12-17,AS,LAX,ATL,740,740,-15.0,19,1359,1359,-3.0,0,0,379.0,356.0,2751.0
2023-03-13,UA,MIA,ORD,1230,1230,-11.0,17,1544,1544,-8.0,0,0,194.0,167.0,1254.0
2023-04-01,WN,SEA,ATL,1945,1945,-13.0,12,2324,2324,1.0,0,0,219.0,197.0,1433.0
2023-08-14,AS,ATL,MIA,900,900,-17.0,9,1520,1520,-13.0,0,0,380.0,361.0,2770.0
2023-02-25,AA,DFW,ATL,1435,1435,6.0,29,1806,1806,2.0,0,0,211.0,174.0,1445.0
2023-06-02,WN,CLT,PHX,1755,1755,8.0,23,2156,2156,25.0,0,0,241.0,213.0,1661.0
2023-10-02,WN,SFO,ATL,2200,2200,19.0,25,219,219,21.0,0,0,259.0,223.0,1891.0
2023-03-01,WN,MIA,IAH,1810,1810,2.0,19,19,19,-1.0,0,0,369.0,339.0,2635.0
2023-01-02,WN,PHX,SFO,830,830,-15.0,21,1432,1432,1.0,0,0,362.0,336.0,2608.0
2023-03-13,B6,DFW,DEN,725,725,111.0,14,1222,1222,117.0,0,0,297.0,275.0,2024.0
2023-10-21,NK,DEN,SEA,1850,1850,414.0,16,2042,2042,418.0,0,0,112.0,91.0,511.0
2023-04-24,NK,EWR,CLT,1045,1045,4.0,18,1359,1359,17.0,0,0,194.0,167.0,1166.0
2023-10-17,F9,EWR,IAH,2225,2225,12.0,28,25,25,15.0,0,0,120.0,85.0,550.0
2023-03-21,WN,DFW,JFK,2025,2025,27.0,33,2210,2210,18.0,0,0,105.0,66.0,465.0
2023-02-25,WN,EWR,DFW,1830,1830,1.0,10,2136,2136,10.0,0,0,186.0,172.0,1359.0
2023-03-10,B6,JFK,SFO,1045,1045,18.0,9,1218,1218,19.0,0,0,93.0,78.0,533.0
2023-07-30,AA,JFK,ATL,1655,1655,-11.0,11,2017,2017,-2.0,0,0,202.0,185.0,1281.0
2023-02-24,WN,LAX,IAH,545,545,-5.0,19,1210,1210,5.0,0,0,385.0,361.0,2722.0
2023-09-01,AA,SFO,DEN,1415,1415,12.0,34,1638,1638,9.0,0,0,143.0,98.0,965.0
2023-11-03,UA,LAX,ORD,1230,1230,7.0,14,1631,1631,4.0,0,0,241.0,223.0,1510.0
2023-12-01,AA,CLT,JFK,1155,1155,2.0,34,1256,1256,9.0,0,0,61.0,20.0,193.0
2023-03-31,WN,DEN,IAH,905,905,0.0,18,1037,1037,6.0,0,0,92.0,69.0,287.0
2023-06-07,WN,EWR,SFO,925,925,-2.0,12,1549,1549,-1.0,0,0,384.0,361.0,2640.0
2023-06-05,UA,ATL,MCO,940,940,-7.0,9,1217,1217,-8.0,0,0,157.0,137.0,
2023-01-11,NK,SEA,EWR,1155,1155,-20.0,20,1431,1431,-6.0,0,0,156.0,129.0,981.0
2023-10-06,UA,LAX,ORD,1940,1940,12.0,29,2146,2146,10.0,0,0,126.0,87.0,620.0
2023-01-17,AA,LAS,SFO,1150,1150,20.0,17,1323,1323,10.0,0,0,93.0,65.0,419.0
2023-09-06,B6,DFW,DEN,1325,1325,-22.0,20,1547,1547,-11.0,0,0,142.0,113.0,675.0
2023-05-29,DL,PHX,DFW,830,830,-11.0,23,1458,1458,-17.0,0,0,388.0,356.0,2745.0
2023-09-26,UA,DFW,CLT,1740,1740,7.0,26,2107,2107,11.0,0,0,207.0,171.0,1340.0
2023-04-07,UA,ATL,IAH,1250,1250,-2.0,12,1829,1829,6.0,0,0,339.0,316.0,2437.0
2023-12-24,UA,DFW,EWR,1540,1540,19.0,11,1731,1731,6.0,0,0,111.0,92.0,501.0
2023-06-14,AS,PHX,CLT,1330,1330,-7.0,33,1444,1444,-8.0,0,0,74.0,30.0,438.0
2023-09-24,WN,CLT,MCO,900,900,-15.0,13,1118,1118,-8.0,0,0,138.0,114.0,844.0
2023-12-23,DL,LAS,MIA,1545,1545,-7.0,18,1812,1812,-7.0,0,0,147.0,118.0,748.0
2023-02-15,AA,EWR,LAX,545,545,26.0,20,707,707,4.0,0,0,82.0,56.0,308.0
2023-08-27,AS,PHX,ATL,1300,1300,-5.0,16,1802,1802,8.0,0,0,302.0,282.0,2064.0
2023-10-17,UA,PHX,JFK,900,900,-2.0,22,1209,1209,10.0,0,0,189.0,157.0,1308.0
2023-09-02,WN,PHX,MIA,1035,1035,-1.0,21,1426,1426,-6.0,0,0,231.0,205.0,1584.0
2023-04-08,AA,DFW,JFK,855,855,140.0,24,1219,1219,147.0,0,0,204.0,169.0,1371.0
2023-04-11,AS,PHX,DFW,755,755,11.0,28,927,927,13.0,0,0,92.0,53.0,
2023-08-14,UA,CLT,JFK,1900,1900,15.0,13,4,4,10.0,0,0,304.0,283.0,2050.0
2023-06-16,AA,IAH,ATL,1405,1405,10.0,8,1932,1932,4.0,0,0,327.0,315.0,2280.0
2023-01-23,B6,JFK,DFW,1435,1435,-9.0,11,1955,1955,10.0,0,0,320.0,300.0,2272.0
2023-11-13,WN,ORD,LAX,1555,1555,223.0,23,2207,2207,227.0,0,0,372.0,341.0,2624.0
2023-03-12,WN,IAH,MCO,1515,1515,12.0,18,1725,1725,2.0,0,0,130.0,102.0,695.0
2023-01-19,F9,PHX,ATL,2245,2245,-12.0,14,445,445,7.0,0,0,360.0,337.0,2618.0
2023-12-24,F9,DFW,CLT,2005,2005,12.0,27,226,226,11.0,0,0,381.0,345.0,2639.0
2023-08-14,UA,PHX,IAH,1350,1350,7.0,32,1956,1956,3.0,0,0,366.0,328.0,2605.0
2023-10-04,UA,ATL,ORD,1250,1250,-7.0,23,1614,1614,-11.0,0,0,204.0,177.0,1376.0
2023-07-15,WN,LAX,MCO,1450,1450,0.0,10,1827,1827,1.0,0,0,217.0,197.0,1486.0
2023-11-24,UA,ATL,DFW,2030,2030,32.0,31,7,7,38.0,0,0,217.0,175.0,1491.0
2023-02-02,F9,JFK,EWR,1435,1435,-4.0,12,1534,1534,,0,0,59.0,38.0,192.0
2023-08-26,B6,CLT,DFW,1930,1930,-26.0,19,2139,2139,-13.0,0,0,129.0,102.0,660.0
2023-05-29,DL,JFK,LAX,915,915,5.0,16,1428,1428,8.0,0,0,313.0,288.0,2252.0
2023-09-16,DL,DFW,ORD,1125,1125,-24.0,19,1530,1530,-16.0,0,0,245.0,215.0,1546.0
2023-12-06,AA,ORD,EWR,2240,2240,34.0,26,259,259,36.0,0,0,259.0,224.0,1747.0
2023-03-23,WN,MCO,ORD,840,840,-36.0,31,1222,1222,-23.0,0,0,222.0,186.0,1453.0
2023-12-08,DL,MIA,SFO,2025,2025,-1.0,16,202,202,-2.0,0,0,337.0,311.0,2377.0
2023-03-04,NK,SEA,IAH,1145,1145,15.0,12,1537,1537,14.0,0,0,232.0,210.0,1625.0
2023-01-24,DL,IAH,LAS,1715,1715,-6.0,8,1956,1956,-1.0,0,0,161.0,142.0,817.0
2023-02-04,WN,PHX,DFW,755,755,3.0,32,1249,1249,0.0,0,0,294.0,254.0,2094.0
2023-10-13,NK,SEA,DEN,1020,1020,-7.0,27,1130,1130,-3.0,0,0,70.0,39.0,268.0
2023-10-05,WN,ORD,CLT,810,810,-12.0,34,1246,1246,-12.0,0,0,276.0,236.0,1873.0
2023-11-08,UA,LAS,EWR,1545,1545,15.0,13,1808,1808,20.0,0,0,143.0,122.0,785.0
2023-02-10,UA,SFO,LAX,1450,1450,16.0,26,1851,1851,13.0,0,0,241.0,208.0,1628.0
2023-10-20,AA,ATL,SEA,1830,1830,-11.0,24,2131,2131,-9.0,0,0,181.0,153.0,986.0
2023-07-01,WN,JFK,SFO,850,850,2.0,9,1013,1013,-4.0,0,0,83.0,63.0,228.0
2023-08-20,AS,SEA,SFO,1915,1915,1.0,12,2234,2234,10.0,0,0,199.0,179.0,1312.0
2023-10-06,AS,JFK,LAS,800,800,394.0,22,921,921,408.0,0,0,81.0,52.0,375.0
2023-09-27,WN,EWR,LAX,1640,1640,0.0,30,2139,2139,10.0,0,0,299.0,259.0,2089.0
2023-10-06,B6,PHX,LAX,655,655,9.0,27,1225,1225,8.0,0,0,330.0,292.0,2080.0
2023-05-27,DL,ORD,DEN,1650,1650,-4.0,9,2255,2255,0.0,0,0,365.0,347.0,2552.0
2023-04-16,WN,LAS,MIA,1935,1935,12.0,16,2213,2213,16.0,0,0,158.0,131.0,963.0
2023-01-13,F9,ORD,EWR,1545,1545,24.0,14,2002,2002,6.0,0,0,257.0,232.0,1739.0
2023-01-08,DL,CLT,PHX,2025,2025,13.0,29,2337,2337,0.0,0,0,192.0,154.0,1280.0
2023-07-18,WN,MIA,PHX,1005,1005,288.0,9,1515,1515,288.0,0,0,310.0,292.0,2036.0
2023-02-26,WN,ORD,DEN,1825,1825,2.0,22,2101,2101,8.0,0,0,156.0,128.0,865.0
2023-03-13,WN,LAX,DFW,1225,1225,-3.0,12,1644,1644,5.0,0,0,259.0,238.0,1786.0
2023-02-09,WN,MCO,SFO,1000,1000,7.0,29,1638,1638,0.0,0,0,398.0,362.0,2709.0
2023-07-04,UA,PHX,EWR,1720,1720,0.0,33,1900,1900,5.0,0,0,100.0,58.0,
2023-10-06,NK,PHX,JFK,1700,1700,6.0,13,1843,1843,8.0,0,0,103.0,86.0,408.0
2023-06-21,F9,MIA,DEN,1355,1355,12.0,10,1827,1827,13.0,0,0,272.0,252.0,2016.0
2023-12-11,AA,ORD,EWR,1440,1440,-17.0,27,1650,1650,-5.0,0,0,130.0,97.0,748.0
2023-07-10,UA,MCO,SEA,705,705,13.0,34,945,945,-1.0,0,0,160.0,115.0,856.0
2023-02-06,NK,IAH,DEN,2120,2120,-6.0,15,321,321,2.0,0,0,361.0,339.0,2639.0
2023-01-21,UA,DFW,IAH,1515,1515,7.0,34,1938,1938,11.0,0,0,263.0,219.0,1834.0
2023-08-22,UA,CLT,JFK,950,950,-1.0,18,1120,1120,5.0,0,0,90.0,64.0,395.0
2023-02-09,F9,SFO,LAX,2155,2155,31.0,12,2336,2336,29.0,0,0,101.0,82.0,614.0
2023-10-17,AA,SEA,LAS,1255,1255,-7.0,20,1456,1456,-13.0,0,0,121.0,92.0,481.0
2023-10-20,AA,ATL,MCO,715,715,-2.0,30,1308,1308,-4.0,0,0,353.0,314.0,2370.0
2023-06-24,B6,EWR,SFO,1650,1650,8.0,28,2226,2226,15.0,0,0,336.0,300.0,2504.0
2023-08-02,WN,PHX,ORD,1555,1555,18.0,23,1859,1859,6.0,0,0,184.0,156.0,1273.0
2023-12-08,AA,SFO,ORD,1550,1550,9.0,10,1822,1822,6.0,0,0,152.0,131.0,854.0
2023-09-24,NK,DFW,EWR,720,720,1.0,15,939,939,9.0,0,0,139.0,116.0,793.0
2023-01-30,B6,SFO,JFK,2105,2105,24.0,33,237,237,24.0,0,0,332.0,289.0,2345.0
2023-09-01,DL,SFO,DFW,925,925,3.0,9,1352,1352,-1.0,0,0,267.0,247.0,1830.0
2023-07-10,WN,EWR,DEN,1415,1415,8.0,22,1607,1607,12.0,0,0,112.0,86.0,559.0
2023-09-04,NK,MIA,SFO,1120,1120,3.0,14,1639,1639,-1.0,0,0,319.0,296.0,2180.0
2023-10-07,AA,SFO,SEA,1115,1115,9.0,34,1217,1217,6.0,0,0,62.0,22.0,
2023-03-04,F9,JFK,ATL,1015,1015,103.0,30,1210,1210,109.0,0,0,115.0,79.0,599.0
2023-06-08,AA,ATL,JFK,2125,2125,89.0,29,2221,2221,79.0,0,0,56.0,23.0,165.0
2023-12-31,DL,PHX,IAH,745,745,2.0,18,1138,1138,0.0,0,0,233.0,211.0,1330.0
2023-08-11,UA,EWR,DFW,2030,2030,17.0,33,2358,2358,17.0,0,0,208.0,170.0,1233.0
2023-07-15,B6,LAX,SFO,1255,1255,-17.0,32,1808,1808,-6.0,0,0,313.0,274.0,2282.0
2023-06-08,AA,ATL,LAS,1140,1140,18.0,17,1644,1644,5.0,0,0,304.0,282.0,2157.0
2023-10-22,UA,CLT,PHX,1400,1400,-3.0,13,1654,1654,6.0,0,0,174.0,157.0,1070.0
2023-02-08,AA,LAX,JFK,2005,2005,15.0,13,2118,2118,20.0,0,0,73.0,55.0,368.0
2023-06-30,WN,JFK,LAS,1800,1800,13.0,19,2131,2131,11.0,0,0,211.0,185.0,1505.0
2023-07-03,NK,IAH,MCO,805,805,4.0,15,912,912,11.0,0,0,67.0,43.0,261.0
2023-09-13,DL,SEA,LAS,2050,2050,-17.0,17,233,233,-10.0,0,0,343.0,320.0,2369.0
2023-02-10,AA,IAH,EWR,1710,1710,-20.0,8,2221,2221,-9.0,0,0,311.0,298.0,2221.0
2023-05-20,WN,PHX,SFO,1320,1320,-8.0,9,1615,1615,-3.0,0,0,175.0,162.0,1111.0
2023-07-27,WN,DEN,JFK,1045,1045,-10.0,31,1651,1651,-7.0,0,0,366.0,331.0,2502.0
2023-10-07,WN,EWR,CLT,1955,1955,-8.0,9,124,124,-3.0,0,0,329.0,311.0,2279.0
2023-05-30,DL,CLT,DEN,500,500,0.0,14,625,625,-1.0,0,0,85.0,61.0,492.0
2023-07-26,DL,DEN,CLT,2010,2010,37.0,28,26,26,28.0,0,0,256.0,218.0,1623.0
2023-12-21,WN,DFW,DEN,1550,1550,-1.0,27,1945,1945,-1.0,0,0,235.0,199.0,1591.0
2023-10-10,NK,ATL,MCO,915,915,14.0,14,1449,1449,26.0,0,0,334.0,309.0,2475.0
2023-09-28,B6,LAX,JFK,555,555,-11.0,15,709,709,-3.0,0,0,74.0,54.0,295.0
2023-11-25,UA,MIA,SFO,815,815,2.0,11,1131,1131,11.0,0,0,196.0,176.0,1203.0
2023-11-28,DL,ATL,CLT,1355,1355,-20.0,8,1704,1704,-17.0,0,0,189.0,173.0,1314.0
2023-07-21,B6,ORD,SFO,2030,2030,26.0,21,131,131,16.0,0,0,301.0,274.0,1981.0
2023-02-26,DL,JFK,IAH,1635,1635,1.0,21,1957,1957,1.0,0,0,202.0,171.0,1265.0
2023-01-09,WN,MIA,LAX,1210,1210,-5.0,19,1440,1440,-3.0,0,0,150.0,127.0,765.0
2023-11-09,DL,PHX,LAX,730,730,-21.0,15,1204,1204,-13.0,0,0,274.0,249.0,1940.0
2023-11-09,AA,CLT,IAH,1715,1715,7.0,8,2238,2238,1.0,0,0,323.0,305.0,2104.0
2023-10-19,AA,CLT,ATL,1000,1000,-22.0,25,1352,1352,-9.0,0,0,232.0,201.0,1533.0
2023-12-23,AA,SEA,LAX,545,545,9.0,16,845,845,14.0,0,0,180.0,157.0,1061.0
2023-04-17,UA,MCO,SEA,1230,1230,4.0,27,1728,1728,,0,0,298.0,260.0,2120.0
2023-08-11,DL,CLT,PHX,2225,2225,19.0,23,322,322,14.0,0,0,297.0,269.0,2056.0
2023-06-04,UA,JFK,CLT,1125,1125,-10.0,10,1610,1610,6.0,0,0,285.0,269.0,1981.0
2023-06-10,NK,LAS,SEA,1420,1420,13.0,17,1831,1831,17.0,0,0,251.0,226.0,1622.0
2023-07-10,F9,SFO,IAH,2015,2015,31.0,15,145,145,45.0,0,0,330.0,310.0,2302.0
2023-12-06,F9,SEA,ATL,2000,2000,4.0,24,9,9,14.0,0,0,249.0,214.0,1641.0
2023-07-02,WN,JFK,SFO,1500,1500,-3.0,12,1952,1952,1.0,0,0,292.0,276.0,2041.0
2023-07-28,AA,SEA,CLT,940,940,-0.0,10,1158,1158,3.0,0,0,138.0,121.0,748.0
2023-01-13,UA,PHX,IAH,600,600,-4.0,28,829,829,2.0,0,0,149.0,110.0,895.0
2023-05-24,AA,EWR,LAS,1630,1630,2.0,34,1814,1814,6.0,0,0,104.0,62.0,408.0
2023-07-24,AA,CLT,DEN,1450,1450,-36.0,12,2013,2013,-18.0,0,0,323.0,301.0,2124.0
2023-12-18,AA,SEA,EWR,1650,1650,-4.0,23,1806,1806,4.0,0,0,76.0,49.0,266.0
2023-04-18,DL,ORD,CLT,1220,1220,14.0,10,1801,1801,11.0,0,0,341.0,322.0,2366.0
2023-06-18,B6,MCO,JFK,940,940,7.0,19,1156,1156,3.0,0,0,136.0,113.0,909.0
2023-10-29,WN,SEA,MIA,720,720,2.0,9,1117,1117,-5.0,0,0,237.0,222.0,1679.0
2023-01-29,AA,ORD,LAX,925,925,17.0,21,1529,1529,28.0,0,0,364.0,339.0,2611.0
2023-07-30,WN,DEN,IAH,1650,1650,-17.0,10,1907,1907,1.0,0,0,137.0,116.0,711.0
2023-04-09,DL,ATL,LAX,700,700,-10.0,26,1254,1254,-2.0,0,0,354.0,319.0,2550.0
2023-04-21,F9,LAX,ORD,645,645,5.0,17,817,817,,0,0,92.0,68.0,308.0
2023-12-03,WN,DEN,ORD,1920,1920,-3.0,28,143,143,5.0,0,0,383.0,348.0,2768.0
2023-01-28,AA,PHX,ORD,1150,1150,10.0,34,1330,1330,13.0,0,0,100.0,55.0,356.0
2023-06-01,AA,ATL,LAX,1345,1345,-14.0,12,1732,1732,-2.0,0,0,227.0,205.0,1519.0
2023-10-18,WN,JFK,MIA,1435,1435,8.0,23,1859,1859,12.0,0,0,264.0,233.0,1918.0
2023-03-20,DL,ORD,SEA,1010,1010,7.0,33,1209,1209,8.0,0,0,119.0,78.0,706.0
2023-11-04,WN,LAS,PHX,1535,1535,-6.0,27,2128,2128,-2.0,0,0,353.0,321.0,2444.0
2023-10-11,DL,JFK,SEA,850,850,23.0,8,1337,1337,35.0,0,0,287.0,272.0,1983.0
2023-02-24,WN,SEA,LAS,1220,1220,25.0,13,1823,1823,19.0,0,0,363.0,342.0,2579.0
2023-11-29,WN,MCO,LAS,1155,1155,19.0,30,1408,1408,21.0,0,0,133.0,93.0,680.0
2023-06-11,F9,MIA,PHX,1740,1740,23.0,8,1958,1958,13.0,0,0,138.0,120.0,744.0
2023-12-18,UA,MCO,LAS,1740,1740,-1.0,33,2044,2044,7.0,0,0,184.0,146.0,1123.0
2023-07-15,DL,SFO,MCO,1005,1005,14.0,28,1454,1454,14.0,0,0,289.0,256.0,2037.0
2023-07-04,AA,JFK,ATL,505,505,-15.0,10,1121,1121,-20.0,0,0,376.0,360.0,2666.0
2023-10-19,WN,JFK,ATL,1525,1525,1.0,18,1631,1631,2.0,0,0,66.0,41.0,221.0
2023-09-30,DL,MIA,ATL,1035,1035,-26.0,17,1656,1656,-24.0,0,0,381.0,353.0,2750.0
2023-02-08,AA,MCO,MIA,2130,2130,-16.0,28,2300,2300,9.0,0,0,90.0,55.0,460.0
2023-01-19,WN,ORD,SFO,1425,1425,8.0,33,2008,2008,10.0,0,0,343.0,300.0,2392.0
2023-02-17,DL,SFO,DEN,2115,2115,-1.0,19,2243,2243,18.0,0,0,88.0,58.0,396.0
2023-10-01,WN,LAX,IAH,1730,1730,5.0,25,2149,2149,14.0,0,0,259.0,225.0,1820.0
2023-12-22,F9,SFO,SEA,1930,1930,24.0,31,19,19,19.0,0,0,289.0,252.0,1962.0
2023-07-29,UA,MCO,IAH,2050,2050,10.0,27,19,19,26.0,0,0,209.0,177.0,1371.0
2023-06-25,DL,IAH,EWR,645,645,6.0,27,1052,1052,-7.0,0,0,247.0,209.0,1718.0
2023-07-08,F9,MCO,EWR,600,600,5.0,18,1149,1149,-9.0,0,0,349.0,326.0,2298.0
2023-02-17,AA,LAX,ORD,1010,1010,-6.0,29,1318,1318,-1.0,0,0,188.0,153.0,1270.0
2023-11-06,DL,MIA,DFW,1655,1655,-6.0,14,2121,2121,-9.0,0,0,266.0,247.0,1598.0
2023-09-08,DL,EWR,IAH,1745,1745,-4.0,20,2112,2112,-1.0,0,0,207.0,178.0,1218.0
2023-06-15,WN,LAX,PHX,945,945,31.0,29,1211,1211,16.0,0,0,146.0,109.0,809.0
2023-10-05,AA,PHX,ORD,1215,1215,5.0,24,1345,1345,-3.0,0,0,90.0,61.0,497.0
2023-10-25,AS,EWR,MIA,2205,2205,30.0,9,258,258,19.0,0,0,293.0,274.0,1883.0
2023-11-03,DL,SFO,SEA,615,615,-29.0,31,927,927,-24.0,0,0,192.0,157.0,1216.0
2023-11-07,B6,ORD,LAS,2215,2215,14.0,32,21,21,18.0,0,0,126.0,89.0,757.0
2023-09-26,UA,LAS,LAX,1445,1445,4.0,16,2103,2103,-2.0,0,0,378.0,354.0,2689.0
2023-08-21,B6,DFW,SEA,1210,1210,0.0,12,1615,1615,8.0,0,0,245.0,226.0,1648.0
2023-12-23,DL,MIA,SEA,2100,2100,2.0,30,57,57,17.0,0,0,237.0,202.0,1482.0
2023-04-02,AA,CLT,JFK,2050,2050,-5.0,31,2225,2225,-10.0,0,0,95.0,54.0,384.0
2023-08-21,WN,LAX,MIA,1140,1140,14.0,12,1342,1342,12.0,0,0,122.0,104.0,781.0
2023-05-26,DL,DFW,ORD,1835,1835,-8.0,34,2000,2000,-12.0,0,0,85.0,42.0,458.0
2023-12-26,B6,ATL,ORD,1830,1830,4.0,13,2234,2234,1.0,0,0,244.0,221.0,1694.0
2023-06-10,B6,IAH,MIA,645,645,-18.0,21,1235,1235,-7.0,0,0,350.0,323.0,2410.0
2023-01-18,B6,LAS,MCO,1815,1815,-11.0,20,2009,2009,-0.0,0,0,114.0,85.0,574.0
2023-07-05,AA,DFW,EWR,1630,1630,12.0,21,2201,2201,13.0,0,0,331.0,302.0,2392.0
2023-02-04,UA,PHX,IAH,725,725,-12.0,31,919,919,-6.0,0,0,114.0,73.0,560.0
2023-12-20,UA,PHX,LAX,1020,1020,2.0,30,1412,1412,11.0,0,0,232.0,198.0,1551.0
2023-09-14,F9,DFW,DEN,1900,1900,-7.0,13,2131,2131,-1.0,0,0,151.0,129.0,848.0
2023-10-12,DL,ORD,DFW,1645,1645,18.0,27,2225,2225,9.0,0,0,340.0,303.0,2447.0
2023-08-05,UA,MCO,LAX,1120,1120,40.0,20,1222,1222,52.0,0,0,62.0,34.0,160.0
2023-09-25,WN,ATL,CLT,1830,1830,-7.0,32,2256,2256,-1.0,0,0,266.0,227.0,1864.0
2023-09-02,WN,DFW,IAH,1500,1500,50.0,9,2014,2014,50.0,0,0,314.0,296.0,2186.0
2023-10-04,DL,CLT,ORD,2035,2035,-19.0,29,2310,2310,-4.0,0,0,155.0,119.0,977.0
2023-08-07,DL,CLT,EWR,1515,1515,-6.0,29,2005,2005,1.0,0,0,290.0,253.0,2034.0
2023-08-07,DL,IAH,LAS,755,755,-8.0,9,1025,1025,-10.0,0,0,150.0,135.0,1004.0
2023-09-06,AA,DEN,DFW,2255,2255,15.0,11,508,508,12.0,0,0,373.0,353.0,2558.0
2023-10-04,F9,ORD,IAH,615,615,-9.0,30,1009,1009,2.0,0,0,234.0,199.0,1656.0
2023-08-15,WN,DEN,ATL,1735,1735,14.0,20,1857,1857,7.0,0,0,82.0,54.0,337.0
2023-11-06,NK,MCO,IAH,2220,2220,-4.0,10,242,242,9.0,0,0,262.0,248.0,1696.0
2023-07-24,UA,CLT,DEN,2210,2210,15.0,10,2324,2324,16.0,0,0,74.0,60.0,257.0
2023-12-27,AA,IAH,SEA,1030,1030,66.0,32,1520,1520,69.0,0,0,290.0,248.0,2112.0
2023-05-21,DL,EWR,PHX,855,855,-1.0,23,953,953,-7.0,0,0,58.0,27.0,284.0
2023-07-01,AA,SEA,DFW,2010,2010,15.0,11,2150,2150,24.0,0,0,100.0,80.0,524.0
2023-06-14,B6,DEN,LAS,1700,1700,22.0,27,2110,2110,15.0,0,0,250.0,218.0,1588.0
2023-08-12,UA,LAX,MCO,1510,1510,70.0,18,2132,2132,78.0,0,0,382.0,360.0,2785.0
2023-02-28,F9,MIA,SEA,1015,1015,13.0,34,1302,1302,3.0,0,0,167.0,123.0,981.0
2023-01-17,B6,CLT,LAS,1940,1940,12.0,10,11,11,5.0,0,0,271.0,251.0,1866.0
2023-11-11,NK,CLT,ATL,730,730,-18.0,24,1343,1343,-10.0,0,0,373.0,339.0,2762.0
2023-07-14,AA,MIA,PHX,500,500,27.0,22,1103,1103,34.0,0,0,363.0,336.0,2673.0
2023-03-27,AA,LAX,ORD,825,825,215.0,13,1048,1048,204.0,0,0,143.0,122.0,744.0
2023-01-31,DL,JFK,SFO,1920,1920,-6.0,31,143,143,-1.0,0,0,383.0,346.0,2591.0
2023-04-20,DL,DFW,PHX,1205,1205,-26.0,12,1340,1340,-24.0,0,0,95.0,73.0,421.0
2023-08-20,UA,SEA,LAS,820,820,-4.0,26,1220,1220,-5.0,0,0,240.0,210.0,1574.0
2023-01-01,WN,IAH,EWR,1945,1945,0.0,34,34,34,18.0,0,0,289.0,248.0,2020.0
2023-08-09,DL,CLT,MIA,1730,1730,-20.0,22,2143,2143,-3.0,0,0,253.0,223.0,1778.0
2023-06-24,WN,IAH,MIA,2115,2115,6.0,33,213,213,15.0,0,0,298.0,257.0,1900.0
2023-04-21,DL,SEA,JFK,1755,1755,-1.0,28,2227,2227,-1.0,0,0,272.0,238.0,1849.0
2023-01-03,AA,SEA,LAS,1605,1605,-4.0,34,1754,1754,-4.0,0,0,109.0,71.0,504.0
2023-01-24,WN,EWR,CLT,1050,1050,-2.0,31,1148,1148,8.0,0,0,58.0,21.0,171.0
2023-11-29,B6,ORD,EWR,1240,1240,-8.0,16,1428,1428,3.0,0,0,108.0,88.0,570.0
2023-04-04,DL,MIA,PHX,820,820,-10.0,31,1050,1050,-6.0,0,0,150.0,109.0,891.0
2023-04-03,AA,MIA,LAX,2220,2220,11.0,8,2351,2351,-2.0,0,0,91.0,74.0,468.0
2023-03-18,DL,EWR,LAS,655,655,-19.0,8,1101,1101,-13.0,0,0,246.0,231.0,1847.0
2023-02-19,AA,JFK,IAH,800,800,9.0,10,1335,1335,1.0,0,0,335.0,320.0,2275.0
2023-10-21,B6,EWR,SFO,1125,1125,-1.0,25,1558,1558,-3.0,0,0,273.0,243.0,1810.0
2023-11-28,F9,EWR,LAS,1720,1720,2.0,23,1957,1957,8.0,0,0,157.0,128.0,984.0
2023-03-02,UA,SEA,DFW,1000,1000,-4.0,27,1459,1459,-3.0,0,0,299.0,263.0,2031.0
2023-01-09,WN,EWR,SFO,1115,1115,-10.0,11,1648,1648,-10.0,0,0,333.0,318.0,2299.0
2023-08-10,WN,LAS,SEA,700,700,-23.0,13,1022,1022,-14.0,0,0,202.0,184.0,1327.0
2023-02-17,DL,SFO,DEN,2115,2115,-1.0,19,2243,2243,18.0,0,0,88.0,58.0,396.0
2023-10-28,WN,IAH,MIA,2020,2020,0.0,9,2128,2128,9.0,0,0,68.0,53.0,165.0
2023-01-05,AA,ORD,CLT,730,730,85.0,14,1036,1036,88.0,0,0,186.0,168.0,1122.0
2023-04-29,UA,DEN,JFK,1500,1500,-14.0,34,1642,1642,-15.0,0,0,102.0,64.0,506.0
2023-06-08,WN,CLT,DEN,1700,1700,-16.0,24,2223,2223,-9.0,0,0,323.0,293.0,2216.0
2023-03-05,AS,LAS,ORD,1205,1205,-0.0,20,1836,1836,-7.0,0,0,391.0,366.0,2760.0
2023-07-26,B6,EWR,LAX,1140,1140,2.0,32,1525,1525,-7.0,0,0,225.0,185.0,1408.0
2023-04-07,AA,MIA,LAX,1440,1440,4.0,22,1719,1719,-2.0,0,0,159.0,127.0,871.0
2023-01-10,AA,LAX,LAS,1945,1945,18.0,20,2256,2256,21.0,0,0,191.0,163.0,1133.0
2023-09-16,DL,IAH,JFK,1315,1315,17.0,17,1610,1610,15.0,0,0,175.0,149.0,1022.0
2023-08-28,WN,DEN,EWR,1640,1640,-11.0,34,2218,2218,-10.0,0,0,338.0,296.0,2266.0
2023-07-03,AA,ORD,CLT,1225,1225,74.0,21,1445,1445,81.0,0,0,140.0,112.0,889.0
2023-05-30,AA,CLT,EWR,1620,1620,19.0,19,2001,2001,6.0,0,0,221.0,193.0,1367.0
2023-07-23,WN,ATL,LAX,1325,1325,1.0,27,1502,1502,-6.0,0,0,97.0,60.0,306.0
2023-04-14,WN,LAS,ORD,2210,2210,-34.0,20,221,221,-10.0,0,0,251.0,224.0,1664.0
2023-02-19,UA,LAS,LAX,940,940,-3.0,17,1523,1523,6.0,0,0,343.0,319.0,2362.0
2023-11-26,WN,MCO,EWR,1815,1815,18.0,33,39,39,16.0,0,0,384.0,346.0,2759.0
2023-01-12,WN,EWR,SFO,550,550,-21.0,31,723,723,-10.0,0,0,93.0,53.0,431.0
2023-12-07,DL,PHX,CLT,1900,1900,4.0,26,100,100,-4.0,0,0,360.0,326.0,2622.0
2023-12-25,B6,LAX,MCO,535,535,-29.0,11,1201,1201,-6.0,0,0,386.0,366.0,2625.0
2023-07-18,AA,IAH,EWR,820,820,-9.0,11,1343,1343,-9.0,0,0,323.0,307.0,2201.0
2023-12-01,F9,MIA,LAS,1010,1010,18.0,13,1220,1220,18.0,0,0,130.0,110.0,681.0
2023-10-05,WN,LAX,ATL,525,525,1.0,24,1001,1001,,0,0,276.0,247.0,1920.0
2023-12-02,AA,DEN,JFK,930,930,-13.0,27,1137,1137,-7.0,0,0,127.0,93.0,774.0
2023-07-10,F9,SFO,IAH,1925,1925,8.0,34,2347,2347,16.0,0,0,262.0,219.0,1852.0
2023-06-09,DL,SEA,MIA,1620,1620,-6.0,20,1800,1800,-3.0,0,0,100.0,75.0,445.0
2023-10-10,WN,DEN,CLT,1610,1610,23.0,22,2111,2111,14.0,0,0,301.0,271.0,2145.0
2023-01-25,UA,LAX,MCO,1900,1900,61.0,17,2025,2025,51.0,0,0,85.0,63.0,261.0
2023-09-07,WN,PHX,JFK,2020,2020,-15.0,31,123,123,-8.0,0,0,303.0,264.0,2130.0
2023-11-24,WN,CLT,JFK,555,555,-27.0,32,926,926,-19.0,0,0,211.0,175.0,1420.0
2023-02-22,UA,JFK,LAS,755,755,66.0,34,1124,1124,71.0,0,0,209.0,171.0,1287.0
2023-03-29,UA,LAS,MIA,1945,1945,214.0,11,2216,2216,216.0,0,0,151.0,135.0,1040.0
2023-06-08,F9,IAH,SEA,1235,1235,-1.0,18,1705,1705,-1.0,0,0,270.0,247.0,1883.0
2023-05-09,NK,SFO,DFW,2005,2005,17.0,27,2236,2236,13.0,0,0,151.0,114.0,948.0
2023-02-16,B6,MIA,IAH,2125,2125,1.0,24,138,138,16.0,0,0,253.0,219.0,1761.0
2023-10-05,WN,SEA,ATL,1100,1100,-7.0,22,1450,1450,3.0,0,0,230.0,201.0,1514.0
2023-02-06,AA,ORD,EWR,1555,1555,-7.0,25,1832,1832,16.0,0,0,157.0,128.0,997.0
2023-01-19,UA,SFO,ORD,1830,1830,27.0,28,2157,2157,28.0,0,0,207.0,173.0,1286.0
2023-05-26,F9,EWR,MIA,1500,1500,18.0,16,1717,1717,10.0,0,0,137.0,113.0,778.0
2023-10-18,AS,IAH,DEN,835,835,117.0,13,1253,1253,118.0,0,0,258.0,240.0,1831.0
2023-06-15,DL,LAS,ORD,740,740,-14.0,18,1149,1149,-4.0,0,0,249.0,226.0,1716.0
2023-02-21,AS,CLT,LAS,910,910,-11.0,21,1141,1141,-2.0,0,0,151.0,122.0,982.0
2023-09-13,DL,LAS,MIA,2005,2005,-10.0,31,2309,2309,-7.0,0,0,184.0,149.0,1016.0
2023-12-03,B6,MIA,DFW,1335,1335,-13.0,11,1616,1616,7.0,0,0,161.0,139.0,960.0
2023-06-11,AS,SEA,MIA,1920,1920,-4.0,23,2059,2059,-10.0,0,0,99.0,71.0,534.0
2023-11-24,WN,DFW,IAH,1855,1855,2.0,12,2332,2332,-2.0,0,0,277.0,255.0,2060.0
2023-01-30,AA,JFK,DEN,1800,1800,193.0,32,2115,2115,198.0,0,0,195.0,155.0,1220.0
2023-01-04,WN,MIA,DFW,625,625,-11.0,14,904,904,-5.0,0,0,159.0,140.0,956.0
2023-08-07,WN,JFK,EWR,725,725,17.0,30,1005,1005,8.0,0,0,160.0,122.0,992.0
2023-03-11,WN,SFO,ORD,2005,2005,3.0,9,2319,2319,16.0,0,0,194.0,181.0,1262.0
2023-12-18,DL,MIA,SEA,605,605,-7.0,18,910,910,8.0,0,0,185.0,156.0,1038.0
2023-12-01,UA,ATL,SFO,725,725,-10.0,33,1058,1058,15.0,0,0,213.0,174.0,1504.0
2023-02-06,WN,EWR,SFO,1610,1610,-8.0,12,1900,1900,1.0,0,0,170.0,148.0,1043.0
2023-03-17,DL,IAH,JFK,620,620,-4.0,17,1046,1046,0.0,0,0,266.0,244.0,1875.0
2023-11-10,AS,LAX,EWR,2255,2255,3.0,20,514,514,3.0,0,0,379.0,353.0,2762.0
2023-10-03,DL,ORD,SFO,2235,2235,2.0,15,2343,2343,-3.0,0,0,68.0,45.0,215.0
2023-07-09,DL,EWR,DEN,1125,1125,9.0,29,1741,1741,7.0,0,0,376.0,341.0,2778.0
2023-01-29,AA,LAX,ORD,1050,1050,-9.0,8,1203,1203,-12.0,0,0,73.0,59.0,
2023-05-30,AS,JFK,MIA,805,805,42.0,11,1445,1445,34.0,0,0,400.0,379.0,2749.0
2023-03-13,NK,CLT,DEN,610,610,0.0,15,933,933,-5.0,0,0,203.0,180.0,1187.0
2023-04-05,B6,LAX,ORD,900,900,-10.0,8,1505,1505,1.0,0,0,365.0,350.0,2685.0
2023-08-19,DL,EWR,CLT,705,705,-4.0,31,1138,1138,13.0,0,0,273.0,238.0,1914.0
2023-11-08,UA,MIA,ATL,1440,1440,24.0,16,1851,1851,35.0,0,0,251.0,225.0,1673.0
2023-04-19,AA,CLT,DFW,615,615,1.0,27,824,824,2.0,0,0,129.0,93.0,703.0
2023-01-16,AA,DFW,SFO,550,550,-15.0,9,706,706,,0,0,76.0,60.0,261.0
2023-07-18,WN,LAS,PHX,955,955,-14.0,32,1323,1323,-13.0,0,0,208.0,170.0,1314.0
2023-07-18,AA,SFO,DEN,1105,1105,10.0,16,1509,1509,13.0,0,0,244.0,224.0,1626.0
2023-10-12,AA,MIA,ATL,1600,1600,24.0,9,2220,2220,27.0,0,0,380.0,364.0,2742.0
2023-07-21,AA,SEA,CLT,1415,1415,4.0,14,1849,1849,5.0,0,0,274.0,251.0,2027.0
2023-12-27,UA,ATL,LAX,705,705,-19.0,8,1257,1257,-14.0,0,0,352.0,334.0,2322.0
2023-07-08,WN,ATL,DFW,1055,1055,-12.0,26,1652,1652,-3.0,0,0,357.0,321.0,2446.0
2023-07-18,WN,SFO,IAH,1935,1935,1.0,22,54,54,13.0,0,0,319.0,286.0,2131.0
2023-04-19,UA,DFW,IAH,1100,1100,14.0,26,1341,1341,20.0,0,0,161.0,131.0,1037.0
2023-05-01,DL,SEA,JFK,1615,1615,-2.0,16,2201,2201,4.0,0,0,346.0,321.0,2518.0
2023-03-16,AS,EWR,DEN,1500,1500,1.0,15,1854,1854,0.0,0,0,234.0,210.0,1516.0
2023-07-21,F9,DEN,EWR,1340,1340,533.0,28,1540,1540,543.0,0,0,120.0,82.0,609.0
2023-02-20,F9,SEA,DEN,835,835,7.0,20,1159,1159,14.0,0,0,204.0,176.0,1447.0
2023-08-31,UA,MIA,SEA,1455,1455,2.0,12,1959,1959,,0,0,304.0,281.0,2147.0
2023-04-07,AA,CLT,MCO,1335,1335,10.0,22,1928,1928,7.0,0,0,353.0,322.0,2501.0
2023-03-22,WN,DFW,ATL,2125,2125,12.0,30,244,244,5.0,0,0,319.0,279.0,2183.0
2023-12-28,F9,SEA,EWR,2135,2135,34.0,30,135,135,18.0,0,0,240.0,200.0,1608.0
2023-12-24,AA,LAX,SFO,1245,1245,75.0,29,1904,1904,82.0,0,0,379.0,344.0,2581.0
2023-10-23,UA,MIA,ORD,950,950,6.0,20,1339,1339,11.0,0,0,229.0,199.0,1489.0
2023-05-20,DL,JFK,ATL,1425,1425,-14.0,32,1647,1647,0.0,0,0,142.0,100.0,788.0
2023-11-03,WN,ATL,LAS,915,915,-17.0,19,1425,1425,-2.0,0,0,310.0,287.0,2098.0
2023-08-15,AS,DEN,DFW,1800,1800,-1.0,34,2027,2027,-4.0,0,0,147.0,109.0,1078.0
2023-09-05,UA,LAS,EWR,1035,1035,16.0,23,1652,1652,12.0,0,0,377.0,344.0,2733.0
2023-08-09,WN,LAS,ATL,2045,2045,10.0,15,237,237,14.0,0,0,352.0,330.0,2592.0
2023-09-13,B6,LAS,CLT,1330,1330,96.0,34,1952,1952,92.0,0,0,382.0,340.0,2572.0
2023-08-07,AA,MCO,EWR,1235,1235,16.0,24,1752,1752,33.0,0,0,317.0,285.0,2219.0
2023-10-03,AA,SEA,LAS,1120,1120,10.0,22,1629,1629,23.0,0,0,309.0,282.0,2146.0
2023-02-25,WN,EWR,CLT,1635,1635,7.0,29,1836,1836,12.0,0,0,121.0,82.0,688.0
2023-07-07,NK,MIA,IAH,2030,2030,4.0,26,2215,2215,5.0,0,0,105.0,73.0,500.0
2023-02-13,AA,ORD,MIA,1755,1755,8.0,14,1937,1937,-5.0,0,0,102.0,80.0,413.0
2023-08-05,NK,LAS,MIA,905,905,-3.0,18,1303,1303,6.0,0,0,238.0,210.0,
2023-03-25,DL,MCO,SEA,1705,1705,1.0,18,1944,1944,6.0,0,0,159.0,134.0,954.0
2023-03-28,NK,CLT,SFO,850,850,3.0,29,1159,1159,-4.0,0,0,189.0,150.0,1105.0
2023-12-23,AA,JFK,SFO,545,545,3.0,21,649,649,15.0,0,0,64.0,34.0,187.0
2023-12-05,WN,ATL,EWR,1100,1100,-25.0,14,1504,1504,-17.0,0,0,244.0,225.0,1723.0
2023-07-09,DL,CLT,PHX,1210,1210,23.0,12,1755,1755,32.0,0,0,345.0,324.0,2443.0
2023-06-19,WN,JFK,SFO,1940,1940,-9.0,22,2320,2320,13.0,0,0,220.0,190.0,1419.0
2023-11-04,AS,EWR,DEN,1320,1320,-13.0,25,1653,1653,-10.0,0,0,213.0,181.0,1431.0
2023-01-31,DL,DFW,CLT,735,735,2.0,22,1257,1257,6.0,0,0,322.0,293.0,2200.0
2023-06-03,F9,SFO,LAX,1755,1755,14.0,32,2331,2331,10.0,0,0,336.0,293.0,2292.0
2023-04-13,B6,ATL,IAH,1725,1725,15.0,11,2117,2117,5.0,0,0,232.0,216.0,1621.0
2023-07-11,WN,DEN,PHX,1220,1220,37.0,17,1738,1738,29.0,0,0,318.0,292.0,2170.0
2023-04-11,WN,JFK,SEA,1345,1345,-12.0,10,1912,1912,-7.0,0,0,327.0,309.0,2309.0
2023-03-19,AA,IAH,ORD,1235,1235,-6.0,19,1829,1829,-8.0,0,0,354.0,324.0,2576.0
2023-04-16,UA,CLT,JFK,620,620,-2.0,10,1122,1122,7.0,0,0,302.0,283.0,2094.0
2023-11-27,DL,CLT,PHX,1140,1140,-28.0,30,1521,1521,-16.0,0,0,221.0,181.0,1334.0
2023-09-21,F9,CLT,LAX,1815,1815,13.0,32,2310,2310,17.0,0,0,295.0,256.0,2013.0
2023-08-14,WN,JFK,MCO,750,750,8.0,33,900,900,6.0,0,0,70.0,27.0,292.0
2023-01-05,WN,DFW,SFO,2145,2145,373.0,19,2256,2256,377.0,0,0,71.0,47.0,294.0
2023-01-07,F9,EWR,CLT,1205,1205,40.0,23,1516,1516,51.0,0,0,191.0,159.0,1158.0
2023-06-05,AA,MIA,ATL,1910,1910,16.0,9,2154,2154,13.0,0,0,164.0,148.0,952.0
2023-05-18,UA,LAX,SEA,2015,2015,-5.0,29,108,108,-13.0,0,0,293.0,253.0,2025.0
2023-09-17,AA,DEN,EWR,1300,1300,-10.0,33,1830,1830,-4.0,0,0,330.0,291.0,2360.0
2023-10-02,WN,SFO,JFK,2125,2125,-1.0,21,2355,2355,4.0,0,0,150.0,118.0,901.0
2023-12-06,AS,ORD,SEA,2145,2145,-5.0,27,220,220,5.0,0,0,275.0,240.0,1914.0
2023-08-17,AA,EWR,PHX,1905,1905,8.0,30,101,101,3.0,0,0,356.0,315.0,2435.0
2023-10-21,AA,DFW,DEN,830,830,-6.0,15,951,951,8.0,0,0,81.0,60.0,331.0
2023-09-13,UA,MCO,EWR,605,605,-0.0,26,857,857,3.0,0,0,172.0,136.0,956.0
2023-06-30,AA,ATL,DEN,1745,1745,-3.0,31,1956,1956,-8.0,0,0,131.0,92.0,730.0
2023-11-18,F9,DEN,SFO,1415,1415,43.0,27,2037,2037,23.0,0,0,382.0,346.0,2757.0
2023-04-14,NK,EWR,IAH,1005,1005,25.0,9,1608,1608,20.0,0,0,363.0,348.0,2620.0
2023-06-08,UA,MIA,DEN,1015,1015,-2.0,8,1545,1545,-8.0,0,0,330.0,318.0,2301.0
2023-11-28,B6,CLT,ORD,1130,1130,3.0,27,1737,1737,-6.0,0,0,367.0,333.0,2783.0
2023-07-09,NK,DFW,IAH,930,930,24.0,21,1147,1147,23.0,0,0,137.0,107.0,779.0
2023-07-29,DL,LAX,DEN,1635,1635,7.0,22,1749,1749,16.0,0,0,74.0,48.0,283.0
2023-07-22,F9,IAH,SEA,530,530,4.0,9,1122,1122,3.0,0,0,352.0,332.0,2640.0
2023-01-01,UA,SFO,SEA,1230,1230,52.0,15,1802,1802,74.0,0,0,332.0,311.0,2253.0
2023-04-08,NK,DFW,JFK,1145,1145,145.0,29,1402,1402,143.0,0,0,137.0,99.0,758.0
2023-09-17,B6,DFW,ATL,1320,1320,151.0,30,1843,1843,141.0,0,0,323.0,282.0,2345.0
2023-07-15,WN,DFW,PHX,1125,1125,3.0,23,1624,1624,4.0,0,0,299.0,267.0,2105.0
2023-01-27,AS,ORD,MIA,1130,1130,-7.0,33,1426,1426,2.0,0,0,176.0,133.0,1142.0
2023-05-14,AA,JFK,SFO,2240,2240,10.0,26,418,418,24.0,0,0,338.0,303.0,2396.0
2023-07-22,B6,ATL,JFK,1610,1610,-5.0,13,2147,2147,4.0,0,0,337.0,319.0,2395.0
2023-08-11,DL,ORD,CLT,945,945,3.0,14,1115,1115,7.0,0,0,90.0,68.0,367.0
2023-07-10,WN,ATL,LAX,735,735,-12.0,26,1351,1351,-4.0,0,0,376.0,341.0,2512.0
2023-04-24,DL,SFO,EWR,900,900,-26.0,8,1432,1432,-16.0,0,0,332.0,317.0,2298.0
2023-08-04,DL,DFW,SFO,2040,2040,17.0,31,320,320,9.0,0,0,400.0,362.0,2725.0
2023-11-07,AA,SFO,CLT,800,800,5.0,12,1355,1355,11.0,0,0,355.0,339.0,2530.0
2023-02-08,WN,CLT,ATL,1125,1125,-10.0,25,1355,1355,-14.0,0,0,150.0,119.0,798.0
2023-12-16,DL,DEN,CLT,2110,2110,-2.0,14,252,252,-0.0,0,0,342.0,324.0,2475.0
2023-11-10,DL,IAH,SEA,1935,1935,-8.0,17,2025,2025,-15.0,0,0,50.0,24.0,153.0
2023-04-14,UA,DFW,PHX,735,735,-34.0,21,1151,1151,-21.0,0,0,256.0,227.0,1683.0
2023-01-29,WN,JFK,SEA,750,750,3.0,11,946,946,2.0,0,0,116.0,99.0,491.0
2023-04-11,DL,ATL,EWR,1055,1055,4.0,23,1253,1253,0.0,0,0,118.0,84.0,553.0
2023-04-21,WN,IAH,LAS,2245,2245,3.0,26,304,304,-1.0,0,0,259.0,228.0,1767.0
2023-01-15,UA,EWR,CLT,1615,1615,-15.0,22,2056,2056,-4.0,0,0,281.0,249.0,2011.0
2023-06-02,WN,DEN,ORD,940,940,-4.0,17,1344,1344,-9.0,0,0,244.0,218.0,1761.0
2023-03-09,AA,CLT,DFW,820,820,4.0,20,1407,1407,-6.0,0,0,347.0,317.0,2344.0
2023-06-26,UA,MIA,EWR,1910,1910,9.0,23,2048,2048,25.0,0,0,98.0,65.0,532.0
2023-08-10,WN,CLT,DEN,2050,2050,1.0,33,46,46,5.0,0,0,236.0,192.0,1353.0
2023-09-29,AS,EWR,MCO,1330,1330,215.0,14,1629,1629,226.0,0,0,179.0,158.0,1208.0
2023-04-16,B6,LAX,LAS,635,635,-4.0,30,907,907,2.0,0,0,152.0,118.0,764.0
2023-11-15,DL,DFW,EWR,1705,1705,-13.0,23,2235,2235,-4.0,0,0,330.0,302.0,2098.0
2023-09-25,WN,PHX,IAH,2250,2250,17.0,22,348,348,10.0,0,0,298.0,267.0,2181.0
2023-12-02,DL,MIA,DFW,1705,1705,17.0,19,2232,2232,27.0,0,0,327.0,302.0,2291.0
2023-05-27,B6,LAX,DEN,1100,1100,-2.0,14,1604,1604,-1.0,0,0,304.0,285.0,2087.0
2023-07-31,WN,CLT,PHX,1335,1335,13.0,33,1749,1749,28.0,0,0,254.0,210.0,1603.0
2023-12-04,AA,LAX,PHX,520,520,-19.0,28,838,838,-8.0,0,0,198.0,163.0,1238.0
2023-10-19,WN,DEN,EWR,2230,2230,-10.0,24,148,148,7.0,0,0,198.0,169.0,1345.0
2023-06-04,WN,PHX,EWR,2125,2125,18.0,14,2303,2303,3.0,0,0,98.0,75.0,488.0
2023-04-26,AS,DEN,MCO,900,900,-28.0,18,1533,1533,-14.0,0,0,393.0,369.0,2796.0
2023-12-12,DL,EWR,LAX,1455,1455,-23.0,14,1615,1615,-14.0,0,0,80.0,62.0,301.0
2023-05-02,WN,SFO,ATL,1915,1915,-27.0,34,131,131,-7.0,0,0,376.0,337.0,2660.0
2023-06-27,AA,ATL,LAX,1530,1530,16.0,13,2041,2041,15.0,0,0,311.0,287.0,2133.0
2023-10-02,UA,LAS,LAX,835,835,-17.0,32,1300,1300,-5.0,0,0,265.0,223.0,1670.0
2023-09-17,UA,CLT,EWR,1350,1350,-10.0,8,1740,1740,1.0,0,0,230.0,216.0,1381.0
2023-12-30,AS,EWR,MCO,1345,1345,-0.0,9,1554,1554,-6.0,0,0,129.0,114.0,616.0
2023-12-02,DL,MCO,PHX,2200,2200,3.0,18,229,229,-4.0,0,0,269.0,242.0,1822.0
2023-08-10,AS,ATL,PHX,1755,1755,-11.0,27,2335,2335,2.0,0,0,340.0,306.0,2377.0
2023-02-15,F9,MIA,DEN,1210,1210,-9.0,15,1349,1349,-8.0,0,0,99.0,78.0,528.0
2023-12-17,B6,MIA,CLT,800,800,-18.0,14,1243,1243,5.0,0,0,283.0,262.0,1939.0
2023-02-26,DL,ORD,EWR,1705,1705,1.0,27,1923,1923,8.0,0,0,138.0,105.0,917.0
2023-02-21,DL,ATL,LAX,1015,1015,13.0,30,1522,1522,2.0,0,0,307.0,271.0,2223.0
2023-09-24,AA,ORD,MIA,1925,1925,33.0,13,17,17,32.0,0,0,292.0,268.0,1999.0
2023-06-16,UA,SFO,IAH,2025,2025,-3.0,22,2252,2252,1.0,0,0,147.0,118.0,835.0
2023-04-22,AA,ORD,MCO,1935,1935,13.0,13,2128,2128,8.0,0,0,113.0,96.0,452.0
2023-05-03,UA,ORD,EWR,500,500,152.0,26,629,629,149.0,0,0,89.0,55.0,369.0
2023-07-17,NK,MIA,JFK,1435,1435,13.0,30,1741,1741,12.0,0,0,186.0,151.0,1168.0
2023-08-08,UA,DFW,ORD,2245,2245,58.0,9,433,433,51.0,0,0,348.0,328.0,2441.0
2023-03-26,AA,LAS,SEA,950,950,-0.0,15,1328,1328,3.0,0,0,218.0,195.0,1623.0
2023-09-18,AS,ATL,CLT,1705,1705,11.0,12,1832,1832,-1.0,0,0,87.0,71.0,361.0
2023-08-09,WN,MIA,ORD,1540,1540,28.0,23,2125,2125,21.0,0,0,345.0,315.0,2558.0
2023-04-21,AA,DEN,MCO,1240,1240,23.0,30,1555,1555,22.0,0,0,195.0,161.0,1224.0
2023-10-27,WN,JFK,DFW,1005,1005,17.0,24,1446,1446,17.0,0,0,281.0,249.0,1927.0
2023-07-12,AA,ATL,SFO,1420,1420,20.0,23,1915,1915,11.0,0,0,295.0,266.0,2054.0
2023-03-28,WN,IAH,ORD,1615,1615,-3.0,29,1915,1915,-3.0,0,0,180.0,147.0,1053.0
2023-06-17,UA,CLT,ATL,1020,1020,25.0,33,1547,1547,30.0,0,0,327.0,287.0,2252.0
2023-11-14,AS,DEN,LAX,1500,1500,-5.0,19,1732,1732,-4.0,0,0,152.0,129.0,933.0
2023-05-17,NK,PHX,IAH,1905,1905,7.0,19,2134,2134,7.0,0,0,149.0,122.0,636.0
2023-08-25,WN,ORD,DFW,630,630,21.0,13,1310,1310,26.0,0,0,400.0,380.0,2799.0
2023-10-13,UA,IAH,EWR,1635,1635,-0.0,16,1728,1728,-4.0,0,0,53.0,32.0,174.0
2023-08-27,NK,MIA,MCO,1345,1345,-2.0,8,1851,1851,,0,0,306.0,288.0,2100.0
2023-12-25,DL,CLT,DFW,1930,1930,-24.0,8,15,15,-9.0,0,0,285.0,270.0,1911.0
2023-04-04,NK,JFK,SFO,1520,1520,-6.0,12,1924,1924,1.0,0,0,244.0,224.0,1683.0
2023-09-05,B6,MCO,DFW,1750,1750,118.0,14,2202,2202,118.0,0,0,252.0,233.0,1637.0
2023-09-28,AA,ORD,EWR,1005,1005,61.0,12,1319,1319,57.0,0,0,194.0,173.0,1254.0
2023-12-05,UA,DEN,ATL,1445,1445,8.0,14,1821,1821,5.0,0,0,216.0,197.0,1243.0
2023-03-08,UA,PHX,EWR,1655,1655,22.0,9,1919,1919,26.0,0,0,144.0,128.0,878.0
2023-06-20,B6,SEA,ORD,905,905,4.0,17,1408,1408,12.0,0,0,303.0,276.0,2123.0
2023-05-22,AS,MIA,MCO,1355,1355,-8.0,11,1838,1838,-1.0,0,0,283.0,263.0,2010.0
2023-08-22,AA,ORD,JFK,955,955,-7.0,27,1141,1141,-8.0,0,0,106.0,69.0,393.0
2023-11-08,AS,IAH,DFW,1920,1920,3.0,24,42,42,6.0,0,0,322.0,294.0,2269.0
2023-08-04,F9,LAX,LAS,630,630,10.0,15,1251,1251,2.0,0,0,381.0,360.0,2798.0
2023-05-14,F9,LAS,EWR,820,820,-15.0,15,1408,1408,0.0,0,0,348.0,329.0,2359.0
2023-10-27,UA,LAX,PHX,1455,1455,19.0,27,1855,1855,22.0,0,0,240.0,206.0,1638.0
2023-07-21,DL,SEA,ATL,1440,1440,20.0,14,2016,2016,16.0,0,0,336.0,316.0,2400.0
2023-03-29,AS,MIA,IAH,1050,1050,-18.0,14,1203,1203,-18.0,0,0,73.0,51.0,400.0
2023-05-13,F9,EWR,ATL,830,830,2.0,13,927,927,4.0,0,0,57.0,33.0,306.0
2023-02-08,NK,ORD,JFK,1645,1645,1.0,26,2012,2012,6.0,0,0,207.0,171.0,1363.0
2023-12-17,AA,IAH,ORD,845,845,13.0,11,1434,1434,11.0,0,0,349.0,327.0,2529.0
2023-06-13,WN,MIA,JFK,1745,1745,7.0,19,2113,2113,13.0,0,0,208.0,184.0,1344.0
2023-06-15,F9,SEA,PHX,1410,1410,143.0,9,1905,1905,160.0,0,0,295.0,278.0,2100.0
2023-06-02,AA,ORD,DFW,705,705,3.0,28,824,824,9.0,0,0,79.0,46.0,275.0
2023-05-20,B6,EWR,IAH,1955,1955,14.0,33,129,129,15.0,0,0,334.0,293.0,2345.0
2023-11-29,UA,EWR,DFW,1450,1450,-26.0,15,1916,1916,-13.0,0,0,266.0,247.0,1810.0
2023-10-28,NK,EWR,ORD,1745,1745,5.0,15,2031,2031,13.0,0,0,166.0,146.0,1070.0
2023-11-19,AA,JFK,MCO,1830,1830,7.0,20,12,12,11.0,0,0,342.0,312.0,2429.0
2023-10-03,F9,EWR,DEN,1325,1325,20.0,19,1713,1713,16.0,0,0,228.0,200.0,1507.0
2023-03-14,NK,IAH,ATL,1015,1015,12.0,29,1415,1415,6.0,0,0,240.0,203.0,1723.0
2023-03-31,NK,SEA,JFK,1150,1150,-4.0,11,1412,1412,-1.0,0,0,142.0,121.0,729.0
2023-10-15,B6,SFO,CLT,545,545,-14.0,9,1049,1049,-4.0,0,0,304.0,290.0,2222.0
2023-11-25,B6,LAX,JFK,2230,2230,5.0,15,404,404,5.0,0,0,334.0,309.0,2115.0
2023-11-13,B6,DEN,MIA,705,705,-16.0,13,1002,1002,-3.0,0,0,177.0,155.0,1055.0
2023-05-09,DL,MIA,EWR,630,630,2.0,19,1136,1136,5.0,0,0,306.0,282.0,2007.0
2023-06-05,NK,PHX,EWR,1400,1400,19.0,16,1743,1743,23.0,0,0,223.0,202.0,1358.0
2023-01-02,AA,ATL,LAX,810,810,112.0,22,1019,1019,133.0,0,0,129.0,103.0,699.0
2023-04-03,AA,LAS,ORD,1150,1150,2.0,11,1316,1316,1.0,0,0,86.0,67.0,408.0
2023-01-18,F9,PHX,DFW,920,920,-12.0,31,1348,1348,-5.0,0,0,268.0,227.0,1755.0
2023-02-01,AA,CLT,MCO,525,525,-19.0,32,627,627,-4.0,0,0,62.0,24.0,195.0
2023-05-28,WN,SEA,CLT,1555,1555,-8.0,14,2138,2138,0.0,0,0,343.0,322.0,2444.0
2023-10-02,UA,DFW,PHX,1055,1055,-21.0,22,1701,1701,-13.0,0,0,366.0,338.0,
2023-05-10,DL,DEN,LAS,1510,1510,-19.0,26,1816,1816,-2.0,0,0,186.0,149.0,1018.0
2023-06-04,NK,LAX,MCO,1455,1455,22.0,16,2033,2033,14.0,0,0,338.0,317.0,2480.0
2023-11-20,AA,JFK,MIA,555,555,-2.0,29,956,956,-0.0,0,0,241.0,207.0,1645.0
2023-04-03,B6,SEA,LAS,2145,2145,10.0,26,2312,2312,16.0,0,0,87.0,55.0,498.0
2023-06-13,WN,SEA,SFO,515,515,-7.0,10,751,751,1.0,0,0,156.0,136.0,891.0
2023-11-11,DL,DEN,LAX,935,935,-16.0,33,1320,1320,-9.0,0,0,225.0,185.0,1435.0
2023-07-05,WN,ATL,DFW,1110,1110,28.0,12,1244,1244,24.0,0,0,94.0,78.0,285.0
2023-07-05,AA,DEN,IAH,520,520,-15.0,27,826,826,,0,0,186.0,151.0,1248.0
2023-03-20,NK,MCO,JFK,2105,2105,2.0,31,2350,2350,5.0,0,0,165.0,129.0,911.0
2023-05-25,AA,ORD,MIA,1530,1530,19.0,33,1928,1928,10.0,0,0,238.0,198.0,1697.0
2023-12-08,DL,SFO,DEN,1715,1715,48.0,32,2203,2203,48.0,0,0,288.0,248.0,1951.0
2023-03-22,WN,MIA,PHX,1200,1200,21.0,9,1750,1750,26.0,0,0,350.0,330.0,2282.0
2023-03-10,AA,SEA,MIA,1655,1655,1.0,26,2131,2131,12.0,0,0,276.0,242.0,2006.0
2023-10-05,AS,IAH,LAS,1435,1435,2.0,13,2049,2049,-3.0,0,0,374.0,352.0,2724.0
2023-05-01,WN,ATL,LAX,605,605,-29.0,17,737,737,-22.0,0,0,92.0,64.0,339.0
2023-12-03,UA,MCO,DEN,1310,1310,87.0,10,1508,1508,80.0,0,0,118.0,102.0,509.0
2023-01-21,B6,JFK,DFW,1645,1645,40.0,24,1909,1909,47.0,0,0,144.0,113.0,928.0
2023-03-27,AS,JFK,SFO,1845,1845,-2.0,20,34,34,13.0,0,0,349.0,321.0,2485.0
2023-01-18,WN,DFW,MCO,745,745,129.0,32,1358,1358,127.0,0,0,373.0,333.0,2709.0
2023-06-12,B6,PHX,ORD,1910,1910,15.0,15,2043,2043,15.0,0,0,93.0,70.0,442.0
2023-09-17,B6,CLT,IAH,535,535,-11.0,22,1121,1121,-4.0,0,0,346.0,313.0,2429.0
2023-04-21,AA,IAH,ATL,1655,1655,-2.0,30,2104,2104,4.0,0,0,249.0,211.0,1750.0
2023-05-14,B6,ATL,LAX,2235,2235,11.0,21,12,12,12.0,0,0,97.0,67.0,507.0
2023-03-09,WN,MIA,ATL,1500,1500,9.0,22,2113,2113,6.0,0,0,373.0,341.0,2544.0
2023-06-23,F9,JFK,CLT,820,820,39.0,25,954,954,36.0,0,0,94.0,64.0,509.0
2023-07-07,DL,DEN,ORD,1450,1450,4.0,26,1916,1916,8.0,0,0,266.0,229.0,1930.0
2023-11-20,F9,JFK,PHX,2240,2240,17.0,14,339,339,4.0,0,0,299.0,276.0,1949.0
2023-08-02,B6,LAS,SFO,1220,1220,-10.0,24,1805,1805,11.0,0,0,345.0,312.0,2542.0
2023-01-12,UA,ORD,SFO,1250,1250,3.0,32,1615,1615,-2.0,0,0,205.0,167.0,1308.0
2023-05-09,AS,PHX,SFO,2020,2020,-21.0,18,2133,2133,-12.0,0,0,73.0,51.0,311.0
2023-01-22,B6,LAX,MCO,1420,1420,210.0,15,1558,1558,207.0,0,0,98.0,74.0,436.0
2023-09-04,AS,LAS,MIA,640,640,-4.0,21,927,927,1.0,0,0,167.0,142.0,953.0
2023-09-06,DL,SEA,PHX,1825,1825,5.0,20,26,26,-11.0,0,0,361.0,331.0,2594.0
2023-07-07,WN,SEA,LAS,710,710,-6.0,29,1201,1201,-11.0,0,0,291.0,251.0,2106.0
2023-05-03,DL,MIA,DEN,2030,2030,4.0,32,254,254,17.0,0,0,384.0,347.0,2583.0
2023-11-18,UA,LAX,DFW,1150,1150,-15.0,10,1510,1510,-21.0,0,0,200.0,179.0,1238.0
2023-03-03,B6,SFO,SEA,1655,1655,5.0,13,1951,1951,3.0,0,0,176.0,159.0,1117.0
2023-08-12,AS,MIA,SFO,1345,1345,254.0,17,2014,2014,263.0,0,0,389.0,365.0,2737.0
2023-07-27,B6,PHX,DFW,1630,1630,5.0,34,2155,2155,5.0,0,0,325.0,286.0,2417.0
2023-03-05,B6,JFK,LAX,1255,1255,16.0,13,1511,1511,15.0,0,0,136.0,114.0,759.0
2023-07-21,B6,DEN,MCO,500,500,-6.0,24,826,826,-0.0,0,0,206.0,177.0,1253.0
2023-06-25,AS,SFO,MCO,2135,2135,-10.0,17,18,18,-10.0,0,0,163.0,137.0,1056.0
2023-06-08,AA,ORD,MCO,1700,1700,-7.0,14,2022,2022,3.0,0,0,202.0,177.0,1333.0
2023-12-21,F9,SEA,CLT,1720,1720,23.0,26,2344,2344,22.0,0,0,384.0,349.0,2709.0
2023-08-25,NK,DFW,IAH,1350,1350,-3.0,17,1505,1505,-6.0,0,0,75.0,49.0,328.0
2023-06-09,F9,CLT,LAS,1905,1905,11.0,14,2204,2204,23.0,0,0,179.0,154.0,1085.0
2023-05-05,DL,CLT,DFW,1400,1400,4.0,10,1833,1833,5.0,0,0,273.0,254.0,1641.0
2023-07-04,AA,PHX,MCO,640,640,7.0,22,902,902,-0.0,0,0,142.0,110.0,805.0
2023-10-21,DL,DFW,MCO,1150,1150,29.0,20,1725,1725,4.0,0,0,335.0,304.0,2324.0
2023-05-07,AS,SEA,CLT,2205,2205,3.0,20,251,251,10.0,0,0,286.0,262.0,1943.0
2023-10-06,WN,SEA,IAH,2005,2005,-45.0,20,58,58,-25.0,0,0,293.0,264.0,1996.0
2023-03-21,WN,EWR,CLT,1230,1230,2.0,22,1730,1730,8.0,0,0,300.0,267.0,2155.0
2023-04-20,AS,DEN,SFO,1255,1255,-4.0,33,1647,1647,6.0,0,0,232.0,191.0,1432.0
2023-10-27,NK,CLT,ATL,1315,1315,1.0,16,1524,1524,7.0,0,0,129.0,103.0,796.0
2023-09-16,AS,SEA,SFO,2225,2225,131.0,14,46,46,125.0,0,0,141.0,119.0,726.0
2023-09-13,DL,JFK,CLT,730,730,9.0,33,1349,1349,6.0,0,0,379.0,340.0,2682.0
2023-07-05,DL,DFW,MCO,1740,1740,12.0,26,2347,2347,3.0,0,0,367.0,335.0,2664.0
2023-10-09,UA,PHX,ORD,2030,2030,-2.0,24,152,152,12.0,0,0,322.0,288.0,2212.0
2023-07-22,AA,ATL,JFK,840,840,-12.0,16,1306,1306,-2.0,0,0,266.0,239.0,1798.0
2023-02-06,NK,JFK,EWR,1720,1720,4.0,19,1822,1822,4.0,0,0,62.0,34.0,240.0
2023-01-19,AA,CLT,SEA,1155,1155,12.0,9,1523,1523,16.0,0,0,208.0,190.0,1409.0
2023-07-26,UA,LAS,MCO,750,750,-9.0,34,1001,1001,-7.0,0,0,131.0,90.0,756.0
2023-04-29,UA,SFO,LAX,1020,1020,2.0,29,1425,1425,5.0,0,0,245.0,210.0,1510.0
2023-09-03,NK,CLT,JFK,1345,1345,-16.0,17,1845,1845,-9.0,0,0,300.0,277.0,2097.0
2023-07-08,NK,DEN,SFO,955,955,-15.0,23,1533,1533,-8.0,0,0,338.0,311.0,2463.0
2023-09-26,F9,MIA,JFK,1150,1150,2.0,18,1619,1619,10.0,0,0,269.0,241.0,1963.0
2023-05-12,NK,ATL,CLT,830,830,96.0,13,1346,1346,103.0,0,0,316.0,295.0,2349.0
2023-12-04,WN,MCO,PHX,1625,1625,-1.0,29,1902,1902,14.0,0,0,157.0,122.0,1020.0
2023-04-21,DL,MIA,ORD,1155,1155,-26.0,17,1433,1433,-25.0,0,0,158.0,132.0,892.0
2023-07-16,AS,EWR,IAH,2145,2145,-6.0,19,331,331,-5.0,0,0,346.0,317.0,2456.0
2023-02-02,WN,IAH,ATL,1205,1205,-26.0,28,1611,1611,-23.0,0,0,246.0,207.0,1616.0
2023-05-31,UA,PHX,DFW,900,900,24.0,33,1303,1303,21.0,0,0,243.0,203.0,1576.0
2023-02-15,AA,PHX,EWR,955,955,2.0,25,1324,1324,8.0,0,0,209.0,177.0,1385.0
2023-03-03,AA,EWR,CLT,1445,1445,4.0,31,1812,1812,2.0,0,0,207.0,172.0,1496.0
2023-02-27,UA,LAS,EWR,1140,1140,-2.0,30,1319,1319,5.0,0,0,99.0,64.0,419.0
2023-02-18,DL,IAH,ATL,1625,1625,-2.0,26,2047,2047,1.0,0,0,262.0,229.0,
2023-06-19,B6,EWR,ORD,2020,2020,-6.0,16,214,214,-5.0,0,0,354.0,331.0,2478.0
2023-01-21,WN,ORD,DFW,2225,2225,329.0,13,2337,2337,339.0,0,0,72.0,55.0,288.0
2023-10-19,WN,JFK,EWR,1935,1935,115.0,28,2250,2250,113.0,0,0,195.0,157.0,1396.0
2023-03-22,DL,MIA,DFW,1905,1905,-6.0,28,54,54,3.0,0,0,349.0,317.0,2429.0
2023-04-23,B6,ATL,LAX,2025,2025,17.0,9,14,14,26.0,0,0,229.0,216.0,1452.0
2023-08-13,WN,DEN,LAS,635,635,-23.0,25,1305,1305,-8.0,0,0,390.0,358.0,2743.0
2023-03-29,B6,ORD,ATL,1925,1925,-3.0,12,2204,2204,4.0,0,0,159.0,141.0,954.0
2023-04-23,UA,JFK,LAS,1230,1230,13.0,13,1703,1703,13.0,0,0,273.0,254.0,1907.0
2023-08-17,NK,IAH,LAS,1915,1915,16.0,13,2317,2317,27.0,0,0,242.0,221.0,1706.0
2023-04-20,UA,CLT,IAH,1030,1030,-1.0,9,1530,1530,14.0,0,0,300.0,285.0,2059.0
2023-10-05,AA,MIA,JFK,1715,1715,-4.0,31,2147,2147,9.0,0,0,272.0,236.0,1869.0
2023-02-15,AA,DFW,DEN,1020,1020,7.0,17,1157,1157,5.0,0,0,97.0,70.0,453.0
2023-05-23,WN,SEA,ATL,1915,1915,-11.0,30,2353,2353,4.0,0,0,278.0,241.0,1831.0
2023-12-24,AS,DEN,CLT,1425,1425,7.0,27,1942,1942,17.0,0,0,317.0,284.0,2206.0
2023-12-17,DL,SEA,DFW,2110,2110,10.0,27,35,35,-1.0,0,0,205.0,170.0,1419.0
2023-01-09,B6,ATL,DFW,700,700,-1.0,12,1204,1204,-1.0,0,0,304.0,283.0,2053.0
2023-01-06,WN,SFO,EWR,1110,1110,-18.0,19,1638,1638,0.0,0,0,328.0,301.0,2326.0
2023-10-26,UA,ATL,MIA,1855,1855,-13.0,31,2229,2229,2.0,0,0,214.0,172.0,1372.0
2023-11-02,UA,MIA,IAH,2150,2150,21.0,12,204,204,17.0,0,0,254.0,234.0,1659.0
2023-12-20,DL,LAS,PHX,700,700,3.0,20,836,836,-1.0,0,0,96.0,72.0,449.0
2023-02-19,UA,ATL,LAX,845,845,9.0,24,1516,1516,5.0,0,0,391.0,359.0,2714.0
2023-11-03,DL,JFK,LAX,2120,2120,6.0,18,2217,2217,9.0,0,0,57.0,34.0,166.0
2023-12-03,F9,SFO,LAS,2050,2050,15.0,13,2315,2315,27.0,0,0,145.0,127.0,752.0
2023-02-18,B6,EWR,MIA,945,945,14.0,32,1309,1309,12.0,0,0,204.0,164.0,1243.0
2023-10-03,DL,EWR,IAH,635,635,-31.0,33,843,843,-10.0,0,0,128.0,85.0,679.0
2023-04-12,NK,IAH,SFO,2140,2140,11.0,32,232,232,12.0,0,0,292.0,256.0,1943.0
2023-09-08,AS,ATL,IAH,1805,1805,-14.0,13,1948,1948,-1.0,0,0,103.0,79.0,360.0
2023-11-28,DL,EWR,ATL,1135,1135,11.0,28,1256,1256,5.0,0,0,81.0,43.0,201.0
2023-11-05,UA,DEN,IAH,635,635,-8.0,8,842,842,-0.0,0,0,127.0,110.0,715.0
2023-09-25,AA,EWR,MCO,845,845,3.0,25,953,953,6.0,0,0,68.0,36.0,203.0
2023-11-20,AA,MCO,DFW,1710,1710,-5.0,9,2105,2105,2.0,0,0,235.0,215.0,
2023-03-02,WN,IAH,ATL,1350,1350,-11.0,26,1620,1620,-14.0,0,0,150.0,119.0,922.0
2023-10-30,WN,SFO,ORD,2015,2015,25.0,28,2234,2234,11.0,0,0,139.0,101.0,774.0
2023-12-15,AA,PHX,LAS,1440,1440,166.0,26,1704,1704,167.0,0,0,144.0,112.0,775.0
2023-04-27,WN,LAX,DFW,1355,1355,15.0,21,1816,1816,20.0,0,0,261.0,233.0,1954.0
2023-10-06,WN,EWR,CLT,1830,1830,7.0,23,1948,1948,7.0,0,0,78.0,50.0,264.0
2023-10-30,WN,JFK,ORD,1705,1705,-10.0,32,1820,1820,-9.0,0,0,75.0,35.0,363.0
2023-10-02,UA,EWR,MCO,625,625,-6.0,14,1228,1228,7.0,0,0,363.0,343.0,2669.0
2023-02-18,UA,MCO,MIA,1535,1535,-21.0,26,1807,1807,-7.0,0,0,152.0,122.0,948.0
2023-03-08,B6,JFK,ORD,1815,1815,4.0,17,2008,2008,2.0,0,0,113.0,91.0,817.0
2023-06-27,UA,DEN,MCO,535,535,10.0,20,742,742,9.0,0,0,127.0,101.0,732.0
2023-09-24,DL,ORD,SFO,1310,1310,-0.0,10,1420,1420,-15.0,0,0,70.0,55.0,265.0
2023-03-29,DL,EWR,JFK,745,745,8.0,29,1242,1242,1.0,0,0,297.0,262.0,2032.0
2023-07-03,WN,SFO,IAH,2050,2050,-7.0,30,128,128,-10.0,0,0,278.0,242.0,1774.0
2023-09-04,NK,IAH,SFO,605,605,10.0,34,849,849,12.0,0,0,164.0,123.0,1061.0
2023-10-21,WN,DFW,LAS,1440,1440,0.0,18,1824,1824,-9.0,0,0,224.0,201.0,1503.0
2023-07-10,F9,IAH,ATL,1500,1500,11.0,10,1736,1736,,0,0,156.0,140.0,814.0
2023-10-15,AA,DEN,EWR,1630,1630,7.0,9,1930,1930,4.0,0,0,180.0,162.0,1111.0
2023-04-17,WN,DEN,SFO,1750,1750,13.0,18,2327,2327,9.0,0,0,337.0,315.0,2423.0
2023-04-11,WN,LAX,LAS,1750,1750,-13.0,17,1921,1921,12.0,0,0,91.0,70.0,476.0
2023-12-24,DL,PHX,DEN,1445,1445,28.0,31,1807,1807,15.0,0,0,202.0,164.0,1264.0
2023-07-04,UA,MCO,DEN,1215,1215,-6.0,12,1758,1758,14.0,0,0,343.0,321.0,2229.0
2023-10-31,UA,LAS,DEN,1230,1230,-2.0,21,1655,1655,6.0,0,0,265.0,237.0,1806.0
2023-11-07,AA,MCO,EWR,2145,2145,1.0,27,125,125,0.0,0,0,220.0,186.0,1421.0
2023-12-29,WN,MCO,DEN,1735,1735,108.0,16,2215,2215,110.0,0,0,280.0,254.0,1924.0
2023-08-31,DL,MIA,IAH,1515,1515,1.0,25,1716,1716,12.0,0,0,121.0,89.0,645.0
2023-12-30,WN,LAS,MCO,600,600,-15.0,24,934,934,-8.0,0,0,214.0,182.0,1426.0
2023-11-04,WN,DFW,LAX,835,835,-17.0,18,1256,1256,-8.0,0,0,261.0,237.0,1778.0
2023-11-30,AA,JFK,EWR,940,940,-4.0,23,1502,1502,0.0,0,0,322.0,295.0,2195.0
2023-05-03,AA,DFW,ORD,2000,2000,-11.0,19,2138,2138,1.0,0,0,98.0,71.0,520.0
2023-04-28,AA,DEN,MCO,1330,1330,2.0,31,1805,1805,7.0,0,0,275.0,237.0,1825.0
2023-01-25,AS,LAS,JFK,1030,1030,-29.0,8,1334,1334,-5.0,0,0,184.0,168.0,1239.0
2023-07-12,NK,SFO,ATL,945,945,22.0,23,1607,1607,16.0,0,0,382.0,350.0,2612.0
2023-04-19,AA,MCO,EWR,500,500,-9.0,19,954,954,6.0,0,0,294.0,271.0,1978.0
2023-10-10,WN,SEA,EWR,1820,1820,-8.0,32,2146,2146,1.0,0,0,206.0,168.0,1356.0
2023-08-31,F9,ATL,MIA,745,745,-10.0,12,1327,1327,-8.0,0,0,342.0,323.0,2423.0
2023-03-10,WN,SEA,MIA,555,555,-14.0,8,907,907,-7.0,0,0,192.0,176.0,1323.0
2023-08-10,F9,DFW,DEN,1535,1535,-13.0,33,1755,1755,,0,0,140.0,96.0,783.0
2023-12-10,WN,PHX,ORD,800,800,16.0,25,1204,1204,13.0,0,0,244.0,215.0,1609.0
2023-01-16,F9,JFK,MIA,935,935,22.0,33,1055,1055,21.0,0,0,80.0,39.0,449.0
2023-08-17,AA,LAS,IAH,630,630,-6.0,20,837,837,-2.0,0,0,127.0,103.0,860.0
2023-02-02,F9,CLT,ATL,945,945,-3.0,9,1544,1544,15.0,0,0,359.0,345.0,2427.0
2023-01-17,DL,MIA,CLT,1040,1040,1.0,16,1212,1212,4.0,0,0,92.0,69.0,464.0
2023-12-13,AA,ORD,LAX,1840,1840,-4.0,8,101,101,8.0,0,0,381.0,366.0,2686.0
2023-11-26,NK,CLT,MCO,1610,1610,-14.0,18,1958,1958,-7.0,0,0,228.0,206.0,1507.0
2023-09-07,WN,ORD,ATL,1910,1910,-11.0,27,15,15,10.0,0,0,305.0,268.0,2098.0
2023-02-07,WN,JFK,LAS,1040,1040,-8.0,14,1638,1638,-2.0,0,0,358.0,340.0,2531.0
2023-10-08,AS,EWR,ORD,640,640,102.0,26,1205,1205,89.0,0,0,325.0,293.0,2280.0
2023-06-14,AA,SFO,DEN,2230,2230,-0.0,22,217,217,6.0,0,0,227.0,196.0,1491.0
2023-08-02,AA,SEA,LAX,1910,1910,7.0,9,2043,2043,19.0,0,0,93.0,74.0,393.0
2023-07-20,WN,LAX,ORD,2240,2240,-16.0,18,505,505,6.0,0,0,385.0,361.0,2789.0
2023-09-02,NK,DEN,ORD,1935,1935,52.0,18,57,57,50.0,0,0,322.0,296.0,2130.0
2023-06-14,AA,CLT,DEN,1625,1625,5.0,18,2206,2206,1.0,0,0,341.0,313.0,2381.0
2023-04-09,DL,SEA,MIA,1510,1510,6.0,27,1612,1612,5.0,0,0,62.0,30.0,166.0
2023-10-14,DL,JFK,LAS,2155,2155,9.0,25,358,358,-2.0,0,0,363.0,328.0,2587.0
2023-08-10,B6,EWR,DEN,2115,2115,-1.0,30,55,55,8.0,0,0,220.0,181.0,1594.0
2023-10-01,WN,JFK,MIA,2040,2040,-8.0,15,2218,2218,-8.0,0,0,98.0,75.0,387.0
2023-04-13,WN,EWR,PHX,1845,1845,-5.0,11,2343,2343,2.0,0,0,298.0,279.0,2006.0
2023-06-28,AA,SFO,PHX,2005,2005,13.0,19,2324,2324,10.0,0,0,199.0,169.0,1198.0
2023-09-18,DL,PHX,ATL,1740,1740,6.0,29,1847,1847,1.0,0,0,67.0,34.0,210.0
2023-10-31,DL,ORD,ATL,955,955,-11.0,16,1115,1115,-21.0,0,0,80.0,57.0,298.0
2023-08-09,B6,SEA,DFW,910,910,4.0,34,1206,1206,4.0,0,0,176.0,131.0,1157.0
2023-10-25,AS,ORD,LAX,1515,1515,68.0,23,1819,1819,87.0,0,0,184.0,151.0,1220.0
2023-05-08,UA,LAX,SEA,940,940,10.0,28,1258,1258,3.0,0,0,198.0,161.0,1321.0
2023-10-05,DL,IAH,MCO,1650,1650,-17.0,30,2040,2040,-18.0,0,0,230.0,196.0,1489.0
2023-01-19,DL,LAX,EWR,1835,1835,-29.0,16,2145,2145,-11.0,0,0,190.0,169.0,1105.0
2023-07-29,WN,EWR,CLT,700,700,11.0,23,1211,1211,12.0,0,0,311.0,283.0,2141.0
2023-12-03,AA,LAS,PHX,745,745,14.0,18,1301,1301,2.0,0,0,316.0,291.0,2142.0
2023-12-16,AA,SEA,CLT,500,500,-13.0,25,654,654,-7.0,0,0,114.0,84.0,669.0
2023-03-11,WN,MIA,ATL,2200,2200,-12.0,9,251,251,-3.0,0,0,291.0,275.0,2165.0
2023-07-06,WN,DFW,DEN,2130,2130,-5.0,14,33,33,4.0,0,0,183.0,159.0,946.0
2023-12-28,UA,SFO,CLT,1730,1730,59.0,30,1957,1957,53.0,0,0,147.0,107.0,869.0
2023-09-20,F9,EWR,SFO,1105,1105,26.0,27,1233,1233,25.0,0,0,88.0,56.0,465.0
2023-01-19,AS,SEA,CLT,705,705,-21.0,12,813,813,-19.0,0,0,68.0,48.0,271.0
2023-06-15,DL,ATL,PHX,845,845,22.0,31,1417,1417,,0,0,332.0,297.0,2356.0
2023-06-17,DL,DFW,ORD,1220,1220,73.0,27,1843,1843,75.0,0,0,383.0,351.0,2637.0
2023-04-23,B6,MIA,ORD,620,620,14.0,29,1140,1140,9.0,0,0,320.0,283.0,2225.0
2023-06-21,AA,LAX,JFK,1810,1810,213.0,13,2220,2220,219.0,0,0,250.0,226.0,1684.0
2023-04-25,F9,LAS,MCO,1555,1555,-2.0,31,2200,2200,15.0,0,0,365.0,326.0,2565.0
2023-07-22,DL,CLT,PHX,1220,1220,-0.0,15,1325,1325,10.0,0,0,65.0,41.0,248.0
2023-12-17,WN,DFW,SEA,1710,1710,1.0,18,2340,2340,7.0,0,0,390.0,362.0,
2023-07-12,UA,ATL,LAS,1710,1710,-1.0,11,2048,2048,-6.0,0,0,218.0,198.0,1463.0
2023-10-23,AA,SEA,IAH,2250,2250,6.0,9,50,50,3.0,0,0,120.0,103.0,651.0
2023-11-18,DL,MIA,SFO,1220,1220,-3.0,34,1440,1440,4.0,0,0,140.0,100.0,728.0
2023-08-08,AS,LAS,PHX,1325,1325,12.0,17,1427,1427,9.0,0,0,62.0,34.0,361.0
2023-02-14,AA,CLT,MCO,1030,1030,-12.0,30,1635,1635,6.0,0,0,365.0,331.0,2571.0
2023-10-20,AA,SFO,MCO,715,715,-10.0,33,1111,1111,3.0,0,0,236.0,198.0,1573.0
2023-07-16,UA,SFO,LAX,2040,2040,16.0,22,256,256,30.0,0,0,376.0,346.0,2718.0
2023-07-23,UA,LAX,MIA,1855,1855,9.0,14,2146,2146,9.0,0,0,171.0,150.0,951.0
2023-07-02,UA,DEN,JFK,1750,1750,-0.0,10,2117,2117,3.0,0,0,207.0,190.0,1298.0
2023-12-08,DL,CLT,JFK,2150,2150,2.0,18,2317,2317,4.0,0,0,87.0,60.0,324.0
2023-12-26,B6,MIA,LAX,2015,2015,15.0,22,2145,2145,14.0,0,0,90.0,62.0,371.0
2023-12-04,DL,EWR,ATL,1930,1930,218.0,10,2349,2349,214.0,0,0,259.0,245.0,1749.0
2023-04-05,DL,IAH,LAX,825,825,-11.0,9,1411,1411,-12.0,0,0,346.0,326.0,2498.0
2023-08-03,AS,PHX,ATL,910,910,2.0,9,1126,1126,0.0,0,0,136.0,116.0,734.0
2023-09-30,UA,JFK,DFW,710,710,8.0,8,1243,1243,-2.0,0,0,333.0,319.0,2273.0
2023-11-09,AS,DEN,SEA,1520,1520,4.0,32,1753,1753,-10.0,0,0,153.0,116.0,849.0
2023-02-07,AA,LAS,MCO,1835,1835,68.0,10,2343,2343,70.0,0,0,308.0,293.0,2169.0
2023-10-26,F9,ORD,DEN,710,710,-7.0,21,1022,1022,-2.0,0,0,192.0,166.0,1127.0
2023-07-29,UA,SEA,DEN,840,840,85.0,29,1104,1104,96.0,0,0,144.0,104.0,860.0
2023-03-07,B6,JFK,DFW,2250,2250,24.0,14,405,405,24.0,0,0,315.0,290.0,2284.0
2023-06-14,WN,LAS,MIA,2145,2145,-7.0,24,138,138,-3.0,0,0,233.0,201.0,1558.0
2023-07-30,UA,MCO,PHX,950,950,193.0,19,1506,1506,190.0,0,0,316.0,288.0,2067.0
2023-04-04,DL,SFO,DEN,750,750,13.0,11,1204,1204,2.0,0,0,254.0,239.0,1798.0
2023-03-19,DL,SEA,IAH,1955,1955,1.0,11,2227,2227,0.0,0,0,152.0,136.0,994.0
2023-07-05,NK,CLT,DEN,1740,1740,44.0,25,1840,1840,51.0,0,0,60.0,26.0,174.0
2023-10-20,NK,ORD,SFO,940,940,-26.0,17,1419,1419,-10.0,0,0,279.0,256.0,1859.0
2023-08-05,DL,LAS,IAH,1210,1210,-26.0,26,1327,1327,-9.0,0,0,77.0,43.0,233.0
2023-05-09,UA,PHX,CLT,1550,1550,11.0,24,1707,1707,2.0,0,0,77.0,43.0,292.0
2023-04-13,AA,SFO,JFK,900,900,-8.0,9,1450,1450,-3.0,0,0,350.0,333.0,2421.0
2023-03-06,DL,CLT,PHX,2205,2205,13.0,32,50,50,12.0,0,0,165.0,127.0,1002.0
2023-07-22,B6,SFO,SEA,1330,1330,22.0,12,1945,1945,16.0,0,0,375.0,353.0,2606.0
2023-01-31,DL,LAX,MIA,1625,1625,8.0,13,2107,2107,-2.0,0,0,282.0,262.0,1875.0
2023-03-22,NK,JFK,ATL,2220,2220,28.0,29,58,58,21.0,0,0,158.0,125.0,981.0
2023-09-15,DL,MIA,ORD,1905,1905,17.0,28,2210,2210,20.0,0,0,185.0,153.0,1278.0
2023-12-14,WN,MIA,SEA,715,715,14.0,16,1332,1332,17.0,0,0,377.0,353.0,2687.0
2023-12-17,WN,IAH,DFW,645,645,-32.0,20,842,842,-28.0,0,0,117.0,90.0,701.0
2023-06-15,B6,MCO,SFO,1555,1555,93.0,15,2200,2200,104.0,0,0,365.0,344.0,2652.0
2023-09-21,WN,SFO,ORD,1305,1305,-29.0,8,1922,1922,-13.0,0,0,377.0,358.0,2734.0
2023-04-03,F9,PHX,DFW,1815,1815,-12.0,33,2220,2220,-5.0,0,0,245.0,206.0,1666.0
2023-11-07,B6,DFW,IAH,1340,1340,128.0,16,1945,1945,133.0,0,0,365.0,340.0,2634.0
2023-08-05,AA,LAS,JFK,2230,2230,-1.0,12,238,238,8.0,0,0,248.0,231.0,1593.0
2023-08-29,UA,JFK,LAS,2155,2155,-9.0,19,318,318,-0.0,0,0,323.0,299.0,2294.0
2023-01-02,NK,ORD,JFK,2035,2035,-11.0,19,121,121,0.0,0,0,286.0,263.0,1945.0
2023-12-12,DL,MIA,EWR,1950,1950,1.0,18,10,10,1.0,0,0,260.0,232.0,1832.0
2023-10-09,DL,CLT,IAH,1005,1005,5.0,34,1559,1559,20.0,0,0,354.0,313.0,2560.0
2023-05-24,WN,JFK,ORD,2105,2105,-14.0,12,248,248,-13.0,0,0,343.0,325.0,2261.0
2023-02-02,WN,LAS,LAX,655,655,2.0,22,1112,1112,11.0,0,0,257.0,229.0,1753.0
2023-01-23,WN,MIA,ATL,1155,1155,-6.0,28,1818,1818,-4.0,0,0,383.0,344.0,2572.0
2023-06-01,DL,IAH,LAX,1155,1155,-27.0,26,1442,1442,-26.0,0,0,167.0,137.0,1068.0
2023-03-18,B6,LAS,ORD,510,510,-6.0,18,1105,1105,-4.0,0,0,355.0,329.0,2428.0
2023-10-31,DL,JFK,SEA,1445,1445,-6.0,23,1646,1646,7.0,0,0,121.0,92.0,623.0
2023-06-12,AA,DFW,CLT,735,735,-13.0,32,1106,1106,-17.0,0,0,211.0,173.0,1254.0
2023-07-16,DL,SEA,JFK,2050,2050,-3.0,8,201,201,5.0,0,0,311.0,298.0,2160.0
2023-07-02,AA,LAX,SFO,2145,2145,-7.0,30,403,403,3.0,0,0,378.0,337.0,2552.0
2023-03-23,UA,DFW,IAH,1335,1335,-1.0,27,1536,1536,4.0,0,0,121.0,89.0,663.0
2023-12-01,WN,DEN,EWR,1130,1130,-9.0,32,1727,1727,-7.0,0,0,357.0,321.0,2532.0
2023-01-16,DL,DEN,ATL,720,720,-12.0,34,922,922,2.0,0,0,122.0,78.0,637.0
2023-04-01,AA,ATL,CLT,510,510,-7.0,19,826,826,1.0,0,0,196.0,172.0,1234.0
2023-03-29,AA,DFW,LAS,2215,2215,-8.0,20,226,226,0.0,0,0,251.0,224.0,1677.0
2023-11-06,DL,EWR,DFW,1100,1100,15.0,17,1607,1607,14.0,0,0,307.0,285.0,2093.0
2023-06-23,UA,MIA,LAX,2105,2105,-13.0,13,2216,2216,-8.0,0,0,71.0,52.0,221.0
2023-05-06,B6,MCO,DFW,815,815,12.0,19,1120,1120,,0,0,185.0,159.0,1230.0
2023-11-30,AA,DEN,PHX,615,615,-22.0,32,733,733,-11.0,0,0,78.0,41.0,284.0
2023-06-05,UA,SFO,ATL,1155,1155,-25.0,23,1623,1623,-10.0,0,0,268.0,238.0,1904.0
2023-01-10,AA,MIA,LAS,1105,1105,22.0,25,1648,1648,19.0,0,0,343.0,314.0,2358.0
2023-01-16,F9,SEA,LAS,1135,1135,-10.0,15,1525,1525,-0.0,0,0,230.0,210.0,1575.0
2023-11-08,AS,LAX,DFW,2255,2255,6.0,34,512,512,5.0,0,0,377.0,339.0,2797.0
2023-06-16,DL,DEN,LAS,1350,1350,5.0,15,1718,1718,6.0,0,0,208.0,188.0,1307.0
2023-01-20,WN,DFW,DEN,625,625,-2.0,13,1020,1020,-1.0,0,0,235.0,216.0,1628.0
2023-02-28,B6,ATL,CLT,855,855,11.0,15,1519,1519,5.0,0,0,384.0,361.0,2712.0
2023-05-05,UA,ATL,CLT,1215,1215,4.0,22,1411,1411,15.0,0,0,116.0,90.0,728.0
2023-10-04,AA,MCO,SFO,1720,1720,-7.0,11,2135,2135,-7.0,0,0,255.0,235.0,1740.0
2023-06-13,B6,IAH,SEA,2200,2200,-9.0,19,5,5,5.0,0,0,125.0,96.0,587.0
2023-04-25,DL,LAX,ATL,1030,1030,25.0,24,1224,1224,29.0,0,0,114.0,85.0,592.0
2023-02-08,B6,ATL,SFO,1010,1010,13.0,22,1554,1554,15.0,0,0,344.0,315.0,2499.0
2023-01-10,AS,EWR,ATL,1555,1555,7.0,12,2024,2024,12.0,0,0,269.0,251.0,1865.0
2023-05-02,DL,LAS,SEA,715,715,-1.0,32,1157,1157,8.0,0,0,282.0,240.0,1965.0
2023-03-31,B6,EWR,CLT,1615,1615,-11.0,29,1737,1737,-5.0,0,0,82.0,49.0,286.0
2023-06-15,UA,ORD,CLT,745,745,6.0,8,1400,1400,6.0,0,0,375.0,359.0,2658.0
2023-04-17,WN,DEN,ATL,820,820,23.0,22,1316,1316,19.0,0,0,296.0,265.0,1895.0
2023-06-17,B6,DFW,CLT,1915,1915,-15.0,20,2041,2041,-21.0,0,0,86.0,61.0,438.0
2023-10-09,NK,DEN,SEA,1925,1925,116.0,25,28,28,119.0,0,0,303.0,272.0,2006.0
2023-04-23,AS,ORD,LAS,1325,1325,-11.0,16,1553,1553,-15.0,0,0,148.0,124.0,794.0
2023-08-14,F9,SEA,MCO,1105,1105,-17.0,25,1510,1510,-7.0,0,0,245.0,215.0,1763.0
2023-01-18,UA,DFW,LAS,1905,1905,5.0,17,2150,2150,-1.0,0,0,165.0,139.0,1001.0
2023-05-31,WN,ATL,DEN,1915,1915,6.0,33,2131,2131,-8.0,0,0,136.0,98.0,765.0
2023-05-31,AA,EWR,ORD,2205,2205,79.0,21,323,323,84.0,0,0,318.0,292.0,2304.0
2023-06-27,AA,LAS,SFO,1825,1825,12.0,14,11,11,10.0,0,0,346.0,323.0,
2023-08-15,WN,PHX,ORD,600,600,2.0,9,711,711,5.0,0,0,71.0,54.0,208.0
2023-10-03,B6,JFK,DEN,830,830,-0.0,11,1222,1222,4.0,0,0,232.0,217.0,1561.0
2023-02-18,B6,ATL,PHX,2050,2050,1.0,28,255,255,8.0,0,0,365.0,331.0,2475.0
2023-05-12,DL,DFW,LAS,1955,1955,-6.0,23,28,28,5.0,0,0,273.0,244.0,1745.0
2023-12-13,AA,SFO,SEA,1305,1305,-1.0,13,1646,1646,-1.0,0,0,221.0,200.0,1560.0
2023-10-19,B6,DFW,MCO,615,615,-17.0,29,1047,1047,-8.0,0,0,272.0,238.0,1847.0
2023-06-11,DL,ATL,EWR,1435,1435,0.0,19,1658,1658,-6.0,0,0,143.0,120.0,821.0
2023-05-29,B6,SFO,MIA,1840,1840,0.0,16,2149,2149,15.0,0,0,189.0,162.0,1298.0
2023-03-04,WN,PHX,SEA,2230,2230,3.0,16,252,252,8.0,0,0,262.0,239.0,1841.0
2023-04-22,DL,ORD,SFO,2055,2055,1.0,20,214,214,5.0,0,0,319.0,293.0,2224.0
2023-06-19,AA,CLT,SFO,1340,1340,-10.0,12,1756,1756,-2.0,0,0,256.0,237.0,1810.0
2023-08-27,F9,SFO,LAX,2120,2120,-25.0,32,2317,2317,-3.0,0,0,117.0,80.0,636.0
2023-08-15,AA,LAX,DEN,1525,1525,24.0,34,2129,2129,21.0,0,0,364.0,323.0,2487.0
2023-06-20,NK,CLT,PHX,1040,1040,-5.0,29,1226,1226,3.0,0,0,106.0,68.0,474.0
2023-05-16,WN,MCO,EWR,505,505,-4.0,16,1045,1045,0.0,0,0,340.0,315.0,2318.0
2023-08-01,DL,MIA,LAX,1530,1530,0.0,14,1701,1701,0.0,0,0,91.0,72.0,459.0
2023-09-26,WN,EWR,MIA,1540,1540,6.0,34,1642,1642,8.0,0,0,62.0,22.0,178.0
2023-10-12,WN,EWR,ORD,630,630,152.0,21,848,848,147.0,0,0,138.0,109.0,914.0
2023-10-14,AS,LAX,JFK,2220,2220,22.0,12,321,321,21.0,0,0,301.0,282.0,2198.0
2023-02-26,AS,SFO,DEN,1850,1850,53.0,12,2246,2246,54.0,0,0,236.0,219.0,1577.0
2023-08-01,WN,MCO,LAX,705,705,-25.0,29,1155,1155,-7.0,0,0,290.0,250.0,1886.0
2023-11-19,WN,EWR,CLT,1745,1745,123.0,8,2323,2323,130.0,0,0,338.0,321.0,2301.0
2023-12-06,B6,SEA,SFO,1720,1720,2.0,18,1946,1946,3.0,0,0,146.0,124.0,822.0
2023-10-18,B6,DFW,SEA,1010,1010,-1.0,9,1430,1430,-1.0,0,0,260.0,247.0,1762.0
2023-01-14,AS,PHX,MIA,1105,1105,-4.0,28,1253,1253,-2.0,0,0,108.0,72.0,631.0
2023-10-18,WN,SFO,ATL,845,845,-2.0,13,1342,1342,,0,0,297.0,277.0,2067.0
2023-09-16,AA,DFW,EWR,1125,1125,-4.0,19,1459,1459,-3.0,0,0,214.0,185.0,1286.0
2023-01-25,B6,LAS,MCO,945,945,-1.0,31,1348,1348,9.0,0,0,243.0,203.0,1684.0
2023-06-10,UA,MCO,CLT,730,730,-14.0,19,1304,1304,-11.0,0,0,334.0,305.0,2359.0
2023-10-13,WN,LAS,JFK,1445,1445,97.0,24,2104,2104,104.0,0,0,379.0,348.0,2692.0
2023-03-31,DL,SEA,PHX,805,805,8.0,13,1406,1406,5.0,0,0,361.0,340.0,2561.0
2023-02-17,WN,DEN,ATL,1345,1345,0.0,18,1850,1850,,0,0,305.0,283.0,2069.0
2023-12-26,B6,EWR,IAH,1115,1115,-10.0,31,1500,1500,-10.0,0,0,225.0,185.0,1497.0
2023-12-02,WN,LAS,MCO,1535,1535,2.0,21,2024,2024,7.0,0,0,289.0,258.0,1844.0
2023-06-01,F9,MIA,ORD,1105,1105,28.0,28,1306,1306,38.0,0,0,121.0,84.0,735.0
2023-02-07,DL,LAS,CLT,1545,1545,-19.0,9,1738,1738,-17.0,0,0,113.0,98.0,584.0
2023-06-07,WN,ORD,JFK,2040,2040,-8.0,13,119,119,6.0,0,0,279.0,258.0,1840.0
2023-06-27,WN,EWR,SFO,625,625,9.0,11,1112,1112,10.0,0,0,287.0,271.0,1959.0
2023-09-29,NK,SEA,DEN,1505,1505,2.0,9,1620,1620,10.0,0,0,75.0,58.0,206.0
2023-12-04,DL,ORD,PHX,1340,1340,11.0,12,1622,1622,17.0,0,0,162.0,143.0,943.0
2023-06-29,AA,DFW,ORD,640,640,-5.0,24,903,903,-4.0,0,0,143.0,109.0,813.0
2023-02-07,DL,SEA,IAH,1220,1220,-21.0,8,1523,1523,1.0,0,0,183.0,170.0,1232.0
2023-08-06,DL,LAX,MIA,710,710,-5.0,30,1019,1019,-5.0,0,0,189.0,150.0,1154.0
2023-07-03,AS,ATL,MCO,1355,1355,-6.0,26,1703,1703,8.0,0,0,188.0,152.0,1105.0
2023-08-15,WN,DFW,EWR,1630,1630,3.0,17,2049,2049,4.0,0,0,259.0,234.0,1676.0
2023-12-06,UA,LAS,ATL,1130,1130,-1.0,27,1321,1321,-2.0,0,0,111.0,73.0,472.0
2023-08-14,AA,SEA,MIA,1940,1940,12.0,17,2249,2249,9.0,0,0,189.0,168.0,1196.0
2023-12-15,AS,JFK,EWR,2230,2230,2.0,29,57,57,2.0,0,0,147.0,114.0,955.0
2023-10-29,F9,SFO,EWR,2240,2240,1.0,22,230,230,3.0,0,0,230.0,204.0,1538.0
2023-07-09,UA,CLT,MIA,955,955,-6.0,21,1201,1201,-6.0,0,0,126.0,98.0,579.0
2023-04-09,UA,MIA,CLT,1040,1040,13.0,28,1357,1357,5.0,0,0,197.0,162.0,1180.0
2023-10-01,UA,MIA,MCO,1510,1510,5.0,8,1905,1905,5.0,0,0,235.0,222.0,1498.0
2023-08-04,AA,IAH,MCO,1150,1150,13.0,18,1348,1348,10.0,0,0,118.0,95.0,591.0
2023-06-28,DL,MCO,JFK,640,640,-11.0,20,1247,1247,-8.0,0,0,367.0,338.0,2694.0
2023-07-18,UA,DEN,SFO,2245,2245,33.0,26,118,118,25.0,0,0,153.0,121.0,815.0
2023-10-09,AA,DFW,MCO,2100,2100,3.0,17,150,150,11.0,0,0,290.0,262.0,1951.0
2023-05-09,F9,SFO,MIA,2220,2220,6.0,33,335,335,6.0,0,0,315.0,272.0,2075.0
2023-06-30,UA,IAH,EWR,825,825,-6.0,14,1407,1407,2.0,0,0,342.0,318.0,2588.0
2023-06-19,NK,ORD,LAS,2140,2140,13.0,8,1,1,13.0,0,0,141.0,122.0,724.0
2023-10-17,DL,SFO,LAS,1905,1905,100.0,31,2017,2017,113.0,0,0,72.0,31.0,180.0
2023-07-18,AS,JFK,LAX,1720,1720,9.0,23,2346,2346,3.0,0,0,386.0,358.0,2617.0
2023-11-07,DL,EWR,LAS,805,805,-13.0,25,1117,1117,-0.0,0,0,192.0,162.0,1164.0
2023-02-25,NK,DEN,SFO,745,745,7.0,22,1400,1400,-2.0,0,0,375.0,343.0,2747.0
2023-11-02,WN,PHX,IAH,2000,2000,-7.0,19,143,143,11.0,0,0,343.0,314.0,2283.0
2023-12-01,AS,SEA,EWR,640,640,-10.0,30,1126,1126,-11.0,0,0,286.0,251.0,2000.0
2023-07-21,NK,LAS,LAX,1030,1030,13.0,31,1519,1519,12.0,0,0,289.0,250.0,1993.0
2023-04-27,DL,SFO,DFW,1720,1720,146.0,19,2141,2141,145.0,0,0,261.0,234.0,1749.0
2023-08-03,WN,LAX,MCO,550,550,133.0,9,1021,1021,137.0,0,0,271.0,251.0,1774.0
2023-01-22,AS,DEN,SFO,525,525,-10.0,14,933,933,-8.0,0,0,248.0,229.0,1664.0
2023-07-13,AA,ORD,SFO,515,515,-3.0,31,958,958,5.0,0,0,283.0,244.0,1919.0
2023-03-01,AA,DFW,LAX,2055,2055,-2.0,31,220,220,-8.0,0,0,325.0,287.0,2279.0
2023-03-14,F9,DFW,MIA,1320,1320,9.0,15,1825,1825,13.0,0,0,305.0,284.0,2119.0
2023-03-14,WN,SFO,ATL,1635,1635,-3.0,24,2300,2300,-3.0,0,0,385.0,350.0,2737.0
2023-04-17,UA,DFW,DEN,1540,1540,-30.0,28,1950,1950,-23.0,0,0,250.0,213.0,1677.0
2023-01-28,DL,IAH,MIA,700,700,-11.0,31,756,756,-3.0,0,0,56.0,19.0,185.0
2023-09-08,DL,LAX,SFO,2115,2115,59.0,34,152,152,50.0,0,0,277.0,238.0,1880.0
2023-08-11,B6,ATL,DFW,2055,2055,2.0,22,259,259,-4.0,0,0,364.0,336.0,2630.0
2023-09-26,WN,MCO,SFO,940,940,15.0,18,1123,1123,-0.0,0,0,103.0,79.0,651.0
2023-02-12,WN,SFO,MCO,2135,2135,18.0,28,208,208,17.0,0,0,273.0,238.0,1844.0
2023-10-03,DL,ORD,JFK,1250,1250,-7.0,16,1729,1729,0.0,0,0,279.0,258.0,1907.0
2023-07-14,UA,PHX,MCO,2155,2155,33.0,23,140,140,43.0,0,0,225.0,195.0,1397.0
2023-03-20,WN,CLT,PHX,2055,2055,19.0,28,259,259,11.0,0,0,364.0,326.0,2597.0
2023-10-30,WN,DEN,CLT,1700,1700,-20.0,18,1955,1955,-8.0,0,0,175.0,147.0,977.0
2023-12-29,NK,MIA,EWR,1600,1600,-0.0,19,2018,2018,2.0,0,0,258.0,233.0,1703.0
2023-09-14,WN,LAX,DFW,600,600,1.0,18,809,809,-4.0,0,0,129.0,102.0,758.0
2023-08-24,WN,SFO,PHX,1205,1205,-2.0,14,1748,1748,-1.0,0,0,343.0,319.0,2302.0
2023-08-13,AS,DFW,JFK,725,725,-26.0,10,1241,1241,-10.0,0,0,316.0,301.0,2155.0
2023-10-04,AS,CLT,LAS,1150,1150,-1.0,21,1355,1355,9.0,0,0,125.0,94.0,751.0
2023-07-13,F9,LAS,MIA,930,930,-21.0,29,1113,1113,-11.0,0,0,103.0,66.0,445.0
2023-08-17,UA,CLT,LAX,2125,2125,19.0,28,2255,2255,9.0,0,0,90.0,53.0,440.0
2023-12-02,B6,EWR,ORD,1810,1810,14.0,20,2001,2001,-2.0,0,0,111.0,83.0,604.0
2023-08-12,NK,DEN,ATL,1410,1410,-7.0,30,1814,1814,2.0,0,0,244.0,203.0,1692.0
2023-08-28,AA,IAH,ORD,1110,1110,15.0,10,1718,1718,5.0,0,0,368.0,353.0,2592.0
2023-01-03,WN,SFO,IAH,525,525,-10.0,17,815,815,-11.0,0,0,170.0,144.0,1040.0
2023-05-27,DL,CLT,JFK,2000,2000,11.0,23,2325,2325,5.0,0,0,205.0,173.0,1441.0
2023-01-15,UA,PHX,DFW,945,945,17.0,29,1232,1232,18.0,0,0,167.0,132.0,931.0
2023-05-24,UA,DEN,LAX,1700,1700,-2.0,14,1948,1948,5.0,0,0,168.0,144.0,1015.0
2023-12-26,AA,IAH,JFK,710,710,10.0,27,907,907,14.0,0,0,117.0,80.0,722.0
2023-11-22,AA,IAH,EWR,1740,1740,-0.0,19,1856,1856,-5.0,0,0,76.0,52.0,210.0
2023-01-18,NK,DEN,CLT,820,820,-22.0,12,1434,1434,-3.0,0,0,374.0,352.0,2687.0
2023-10-09,F9,SFO,MIA,920,920,13.0,17,1326,1326,-1.0,0,0,246.0,225.0,1620.0
2023-12-04,WN,DEN,MCO,1150,1150,-0.0,29,1540,1540,6.0,0,0,230.0,194.0,1627.0
2023-08-04,UA,JFK,ORD,555,555,-1.0,25,832,832,-3.0,0,0,157.0,127.0,871.0
2023-08-30,NK,MIA,DEN,915,915,-25.0,13,1309,1309,-6.0,0,0,234.0,215.0,1582.0
2023-06-14,WN,PHX,MIA,1210,1210,12.0,13,1740,1740,12.0,0,0,330.0,307.0,2342.0
2023-06-01,AA,ORD,EWR,1555,1555,-17.0,23,2004,2004,-0.0,0,0,249.0,222.0,1762.0
2023-05-07,B6,SFO,LAS,940,940,12.0,9,1539,1539,6.0,0,0,359.0,342.0,2631.0
2023-11-09,B6,ORD,LAX,715,715,-11.0,20,1245,1245,8.0,0,0,330.0,299.0,2236.0
2023-08-12,B6,DEN,EWR,1200,1200,-8.0,29,1439,1439,4.0,0,0,159.0,119.0,1085.0
2023-05-28,UA,LAX,MIA,1100,1100,-5.0,16,1411,1411,5.0,0,0,191.0,171.0,1186.0
2023-12-12,DL,LAS,SEA,1455,1455,137.0,22,1946,1946,121.0,0,0,291.0,261.0,1859.0
2023-04-30,UA,JFK,CLT,515,515,-13.0,21,1044,1044,-13.0,0,0,329.0,299.0,2229.0
2023-04-27,UA,SEA,IAH,840,840,-15.0,19,1348,1348,-9.0,0,0,308.0,281.0,2241.0
2023-11-29,B6,CLT,EWR,925,925,0.0,29,1114,1114,1.0,0,0,109.0,72.0,470.0
2023-10-06,B6,IAH,SFO,605,605,-6.0,19,1010,1010,-3.0,0,0,245.0,215.0,1572.0
2023-05-14,DL,LAX,DEN,620,620,-17.0,24,1222,1222,-14.0,0,0,362.0,334.0,2604.0
2023-05-15,UA,LAX,DEN,505,505,179.0,15,628,628,194.0,0,0,83.0,64.0,348.0
2023-06-24,WN,PHX,ORD,715,715,58.0,30,956,956,55.0,0,0,161.0,121.0,957.0
2023-04-18,F9,LAX,JFK,1515,1515,-25.0,26,1656,1656,-12.0,0,0,101.0,64.0,545.0
2023-05-08,UA,EWR,PHX,850,850,-17.0,18,1459,1459,-16.0,0,0,369.0,347.0,2524.0
2023-06-21,UA,CLT,DEN,1550,1550,-17.0,19,1649,1649,-1.0,0,0,59.0,36.0,160.0
2023-09-26,AA,DFW,DEN,2105,2105,52.0,29,228,228,61.0,0,0,323.0,286.0,2361.0
2023-11-10,AS,IAH,SEA,1325,1325,-19.0,21,1557,1557,-11.0,0,0,152.0,120.0,964.0
2023-01-10,NK,LAX,CLT,2015,2015,24.0,18,2239,2239,23.0,0,0,144.0,117.0,719.0
2023-12-24,AA,JFK,SEA,945,945,14.0,33,1436,1436,12.0,0,0,291.0,251.0,1926.0
2023-06-25,DL,ATL,LAS,1710,1710,-11.0,24,1927,1927,2.0,0,0,137.0,102.0,768.0
2023-08-15,UA,IAH,MIA,1135,1135,-1.0,32,1504,1504,2.0,0,0,209.0,167.0,1260.0
2023-10-06,AS,LAX,ORD,1100,1100,-15.0,26,1305,1305,-5.0,0,0,125.0,91.0,712.0
2023-12-28,WN,DFW,SEA,1045,1045,-0.0,15,1529,1529,6.0,0,0,284.0,259.0,2057.0
2023-10-30,UA,JFK,DFW,600,600,7.0,26,900,900,9.0,0,0,180.0,145.0,1142.0
2023-02-23,WN,MCO,DEN,1905,1905,9.0,9,47,47,8.0,0,0,342.0,325.0,2419.0
2023-03-06,DL,JFK,SEA,910,910,-11.0,23,1242,1242,3.0,0,0,212.0,179.0,1439.0
2023-08-25,WN,MIA,SFO,1200,1200,9.0,28,1356,1356,17.0,0,0,116.0,82.0,701.0
2023-07-10,UA,MCO,CLT,2000,2000,-0.0,22,2114,2114,6.0,0,0,74.0,46.0,186.0
2023-01-29,B6,ORD,DFW,545,545,-24.0,16,757,757,-8.0,0,0,132.0,107.0,731.0
2023-11-11,WN,DEN,SFO,1710,1710,-26.0,19,1907,1907,-5.0,0,0,117.0,90.0,753.0
2023-04-01,DL,MIA,PHX,2125,2125,169.0,17,2313,2313,158.0,0,0,108.0,85.0,433.0
2023-04-17,F9,SEA,PHX,1030,1030,-17.0,13,1617,1617,-12.0,0,0,347.0,327.0,2449.0
2023-08-19,WN,ATL,EWR,820,820,-6.0,29,1352,1352,-3.0,0,0,332.0,297.0,2339.0
2023-03-01,DL,DEN,SEA,650,650,-20.0,32,1200,1200,-12.0,0,0,310.0,272.0,2310.0
2023-11-06,UA,MCO,DEN,820,820,5.0,12,1430,1430,0.0,0,0,370.0,353.0,2711.0
2023-01-09,UA,LAS,MCO,1615,1615,35.0,8,1819,1819,46.0,0,0,124.0,109.0,597.0
2023-07-01,DL,LAS,CLT,1100,1100,5.0,31,1429,1429,-2.0,0,0,209.0,170.0,1333.0
2023-02-12,AA,CLT,EWR,2025,2025,42.0,32,140,140,36.0,0,0,315.0,279.0,2244.0
2023-03-20,AS,PHX,DEN,1805,1805,9.0,31,2028,2028,1.0,0,0,143.0,102.0,834.0
2023-03-06,AA,DFW,JFK,505,505,-20.0,31,1053,1053,-6.0,0,0,348.0,310.0,2469.0
2023-06-28,WN,MCO,MIA,1635,1635,-11.0,34,2136,2136,,0,0,301.0,261.0,2050.0
2023-05-23,AA,JFK,DEN,2135,2135,5.0,28,332,332,8.0,0,0,357.0,325.0,2565.0
2023-02-10,DL,EWR,MCO,1530,1530,16.0,8,1949,1949,21.0,0,0,259.0,241.0,1615.0
2023-04-01,F9,DFW,MIA,1945,1945,-8.0,33,2257,2257,-1.0,0,0,192.0,155.0,1122.0
2023-09-21,UA,MIA,ATL,605,605,3.0,15,733,733,9.0,0,0,88.0,69.0,275.0
2023-03-27,DL,MCO,ORD,1605,1605,-10.0,33,1820,1820,-7.0,0,0,135.0,96.0,832.0
2023-12-24,B6,ORD,CLT,1940,1940,3.0,17,205,205,15.0,0,0,385.0,362.0,2668.0
2023-12-14,UA,JFK,SEA,830,830,16.0,15,1047,1047,1.0,0,0,137.0,112.0,859.0
2023-02-07,DL,DFW,LAX,920,920,-18.0,8,1051,1051,9.0,0,0,91.0,74.0,467.0
2023-10-28,AA,CLT,LAS,2030,2030,7.0,18,129,129,8.0,0,0,299.0,277.0,1916.0
2023-02-13,UA,CLT,DFW,1515,1515,-4.0,19,2016,2016,8.0,0,0,301.0,273.0,2142.0
2023-07-22,B6,ATL,DFW,740,740,-16.0,16,1322,1322,-18.0,0,0,342.0,316.0,2328.0
2023-07-10,F9,CLT,EWR,1325,1325,4.0,16,1507,1507,9.0,0,0,102.0,80.0,513.0
2023-10-20,B6,LAS,IAH,510,510,-8.0,10,948,948,-9.0,0,0,278.0,263.0,1916.0
2023-11-17,WN,LAX,SEA,1835,1835,-7.0,16,2323,2323,-13.0,0,0,288.0,264.0,2045.0
2023-10-14,DL,JFK,EWR,1305,1305,5.0,28,1620,1620,0.0,0,0,195.0,159.0,1235.0
2023-08-27,F9,LAS,DFW,1250,1250,20.0,23,1721,1721,28.0,0,0,271.0,244.0,1991.0
2023-07-08,WN,SEA,DEN,2050,2050,11.0,26,152,152,29.0,0,0,302.0,267.0,2102.0
2023-01-02,AS,DEN,CLT,815,815,-11.0,19,1125,1125,-1.0,0,0,190.0,165.0,1303.0
2023-04-14,F9,CLT,DEN,2125,2125,-1.0,15,256,256,8.0,0,0,331.0,308.0,2399.0
2023-08-10,UA,PHX,MCO,2230,2230,9.0,33,435,435,11.0,0,0,365.0,324.0,2699.0
2023-03-10,AA,SFO,MCO,720,720,-10.0,30,851,851,-9.0,0,0,91.0,50.0,434.0
2023-04-20,UA,CLT,MIA,1635,1635,-16.0,27,2204,2204,-3.0,0,0,329.0,295.0,2432.0
2023-10-15,WN,SEA,MIA,2055,2055,13.0,14,132,132,4.0,0,0,277.0,257.0,1811.0
2023-12-14,DL,MIA,PHX,1950,1950,-2.0,17,122,122,14.0,0,0,332.0,307.0,2300.0
2023-08-29,WN,MIA,DEN,1905,1905,14.0,23,2005,2005,14.0,0,0,60.0,28.0,191.0
2023-05-02,UA,LAS,ORD,2240,2240,-3.0,23,224,224,8.0,0,0,224.0,192.0,1517.0
2023-10-11,AA,MIA,ATL,740,740,10.0,22,1252,1252,13.0,0,0,312.0,280.0,2132.0
2023-05-16,DL,DFW,CLT,1235,1235,3.0,18,1755,1755,-8.0,0,0,320.0,293.0,2355.0
2023-08-19,AA,CLT,MIA,1330,1330,25.0,15,1749,1749,2.0,0,0,259.0,234.0,1823.0
2023-03-26,UA,DEN,ORD,1650,1650,15.0,15,1856,1856,11.0,0,0,126.0,103.0,546.0
2023-07-29,DL,SEA,SFO,1725,1725,-2.0,18,1845,1845,-2.0,0,0,80.0,57.0,244.0
2023-06-18,AS,SEA,ATL,1235,1235,-6.0,19,1653,1653,-5.0,0,0,258.0,231.0,1750.0
2023-01-12,B6,PHX,SFO,500,500,8.0,24,1052,1052,,0,0,352.0,317.0,2599.0
2023-06-20,F9,CLT,IAH,1715,1715,12.0,28,2340,2340,4.0,0,0,385.0,349.0,2647.0
2023-12-23,UA,IAH,SFO,600,600,-6.0,16,913,913,-5.0,0,0,193.0,166.0,1132.0
2023-08-26,UA,DFW,ATL,1245,1245,35.0,34,1624,1624,41.0,0,0,219.0,181.0,1516.0
2023-11-21,AA,LAX,MIA,1550,1550,-19.0,16,2148,2148,-16.0,0,0,358.0,335.0,2614.0
2023-04-29,UA,SFO,CLT,635,635,3.0,8,841,841,3.0,0,0,126.0,108.0,599.0
2023-03-12,AA,SFO,ORD,1205,1205,-0.0,26,1331,1331,-3.0,0,0,86.0,52.0,535.0
2023-10-17,WN,LAX,MIA,1635,1635,-0.0,22,1931,1931,4.0,0,0,176.0,144.0,1068.0
2023-02-27,DL,PHX,DEN,1105,1105,3.0,24,1334,1334,3.0,0,0,149.0,118.0,905.0
2023-05-23,DL,ATL,LAS,1320,1320,-7.0,10,1859,1859,-12.0,0,0,339.0,324.0,2448.0
2023-08-16,WN,EWR,ORD,2200,2200,13.0,20,304,304,8.0,0,0,304.0,280.0,2088.0
2023-02-18,NK,ORD,CLT,640,640,5.0,19,818,818,0.0,0,0,98.0,71.0,527.0
2023-03-20,B6,CLT,PHX,1050,1050,-7.0,13,1640,1640,0.0,0,0,350.0,327.0,2436.0
2023-12-02,AA,ORD,JFK,1420,1420,-12.0,19,1936,1936,-3.0,0,0,316.0,292.0,2131.0
2023-11-28,DL,IAH,CLT,1150,1150,-2.0,34,1439,1439,2.0,0,0,169.0,125.0,935.0
2023-10-13,DL,SFO,MIA,1735,1735,23.0,18,8,8,22.0,0,0,393.0,369.0,2685.0
2023-08-28,DL,ATL,DEN,1815,1815,20.0,12,2345,2345,12.0,0,0,330.0,308.0,2341.0
2023-10-24,DL,LAX,ATL,805,805,-9.0,14,1001,1001,-7.0,0,0,116.0,97.0,567.0
2023-09-17,WN,SFO,CLT,715,715,-7.0,30,1135,1135,,0,0,260.0,219.0,1828.0
2023-08-05,B6,SFO,ATL,2155,2155,24.0,21,148,148,14.0,0,0,233.0,208.0,1476.0
2023-09-14,DL,ATL,ORD,1100,1100,-11.0,10,1452,1452,-18.0,0,0,232.0,213.0,1664.0
2023-12-27,WN,JFK,DEN,2030,2030,28.0,32,13,13,26.0,0,0,223.0,183.0,1420.0
2023-12-05,WN,LAS,MCO,545,545,4.0,23,948,948,5.0,0,0,243.0,209.0,1587.0
2023-09-19,F9,SFO,SEA,1430,1430,16.0,27,2006,2006,22.0,0,0,336.0,300.0,2372.0
2023-06-18,UA,DFW,PHX,550,550,5.0,27,1111,1111,13.0,0,0,321.0,288.0,2259.0
2023-01-12,AA,PHX,IAH,1510,1510,10.0,33,2058,2058,15.0,0,0,348.0,310.0,2445.0
2023-11-03,AS,PHX,ORD,610,610,-1.0,14,1022,1022,-6.0,0,0,252.0,229.0,1648.0
2023-07-12,UA,MCO,JFK,1150,1150,20.0,19,1736,1736,5.0,0,0,346.0,318.0,2341.0
2023-06-20,WN,MCO,LAX,915,915,-18.0,24,1356,1356,-8.0,0,0,281.0,249.0,2079.0
2023-03-10,WN,DFW,MIA,1950,1950,4.0,33,206,206,8.0,0,0,376.0,333.0,2770.0
2023-04-03,F9,DFW,SEA,945,945,-4.0,11,1140,1140,-2.0,0,0,115.0,99.0,714.0
2023-01-19,DL,DFW,ATL,1430,1430,3.0,33,1718,1718,10.0,0,0,168.0,128.0,
2023-07-18,AA,JFK,MIA,1535,1535,6.0,15,1957,1957,8.0,0,0,262.0,240.0,1599.0
2023-07-22,WN,LAS,MCO,1320,1320,8.0,24,1646,1646,3.0,0,0,206.0,174.0,1379.0
2023-04-22,WN,IAH,MIA,1030,1030,-1.0,26,1508,1508,5.0,0,0,278.0,244.0,1919.0
2023-01-05,UA,JFK,IAH,1125,1125,179.0,20,1645,1645,177.0,0,0,320.0,296.0,2278.0
2023-04-13,AA,DFW,SFO,2035,2035,68.0,30,2146,2146,64.0,0,0,71.0,37.0,193.0
2023-08-09,UA,SFO,MCO,1730,1730,14.0,20,2110,2110,-2.0,0,0,220.0,192.0,1448.0
2023-12-17,NK,DEN,ATL,2140,2140,-11.0,13,116,116,-11.0,0,0,216.0,198.0,1569.0
2023-08-03,NK,JFK,MIA,1200,1200,1.0,32,1457,1457,5.0,0,0,177.0,139.0,1006.0
2023-04-11,WN,EWR,LAX,1005,1005,28.0,21,1143,1143,31.0,0,0,98.0,69.0,465.0
2023-03-21,DL,IAH,ATL,610,610,8.0,11,1011,1011,20.0,0,0,241.0,222.0,1604.0
2023-05-31,WN,SFO,LAX,2225,2225,-0.0,32,353,353,13.0,0,0,328.0,291.0,2318.0
2023-01-08,AA,MCO,SFO,1000,1000,5.0,10,1551,1551,,0,0,351.0,331.0,2614.0
2023-04-13,WN,DFW,ATL,2125,2125,4.0,23,147,147,8.0,0,0,262.0,231.0,1763.0
2023-11-30,DL,SEA,ORD,1835,1835,-8.0,8,16,16,-12.0,0,0,341.0,325.0,2457.0
2023-03-22,NK,ATL,PHX,1435,1435,-5.0,13,1701,1701,9.0,0,0,146.0,123.0,745.0
2023-04-21,F9,LAX,DEN,505,505,-4.0,31,652,652,-4.0,0,0,107.0,67.0,415.0
2023-02-17,NK,ORD,DFW,2255,2255,21.0,16,335,335,15.0,0,0,280.0,257.0,1880.0
2023-09-27,DL,ATL,LAS,925,925,-28.0,22,1412,1412,-13.0,0,0,287.0,254.0,1936.0
2023-12-15,B6,SEA,CLT,1605,1605,-16.0,18,1943,1943,-14.0,0,0,218.0,195.0,1327.0
2023-06-25,AS,MCO,SEA,1320,1320,-21.0,14,1816,1816,-11.0,0,0,296.0,274.0,2055.0
2023-11-08,NK,LAX,DEN,1610,1610,-1.0,31,2004,2004,9.0,0,0,234.0,196.0,
2023-07-05,DL,MIA,PHX,1315,1315,-8.0,11,1705,1705,-5.0,0,0,230.0,213.0,1470.0
2023-09-05,UA,IAH,SEA,1100,1100,41.0,29,1547,1547,38.0,0,0,287.0,254.0,2039.0
2023-05-07,B6,DEN,MIA,1250,1250,4.0,26,1726,1726,6.0,0,0,276.0,246.0,1933.0
2023-02-08,UA,LAX,SEA,1040,1040,-23.0,15,1640,1640,-13.0,0,0,360.0,337.0,2695.0
2023-01-23,UA,DFW,ATL,630,630,-11.0,31,959,959,-9.0,0,0,209.0,171.0,1292.0
2023-03-04,AA,ATL,MCO,2030,2030,-3.0,26,2136,2136,10.0,0,0,66.0,34.0,165.0
2023-12-03,WN,JFK,MIA,2135,2135,17.0,29,18,18,17.0,0,0,163.0,123.0,903.0
2023-02-13,WN,ATL,PHX,2250,2250,-11.0,13,45,45,2.0,0,0,115.0,94.0,660.0
2023-12-14,AA,SEA,ORD,2140,2140,2.0,25,244,244,11.0,0,0,304.0,274.0,1911.0
2023-01-28,UA,DFW,LAX,1640,1640,4.0,8,2252,2252,11.0,0,0,372.0,360.0,2712.0
2023-10-02,WN,ORD,MIA,2135,2135,6.0,17,234,234,-0.0,0,0,299.0,272.0,2091.0
2023-12-25,DL,DEN,MIA,635,635,-18.0,8,756,756,-7.0,0,0,81.0,68.0,338.0
2023-08-01,F9,IAH,SEA,2245,2245,11.0,18,43,43,1.0,0,0,118.0,94.0,624.0
2023-05-08,UA,JFK,EWR,1130,1130,8.0,13,1335,1335,18.0,0,0,125.0,103.0,532.0
2023-06-12,AA,IAH,MIA,1330,1330,-2.0,28,1555,1555,2.0,0,0,145.0,106.0,767.0
2023-05-18,UA,JFK,DFW,1235,1235,-7.0,14,1508,1508,-4.0,0,0,153.0,130.0,869.0
2023-07-31,B6,DFW,EWR,2225,2225,15.0,18,2315,2315,13.0,0,0,50.0,22.0,161.0
2023-01-09,AS,ATL,DFW,1630,1630,5.0,12,2102,2102,15.0,0,0,272.0,249.0,1912.0
2023-09-21,WN,SFO,MCO,1415,1415,-2.0,22,1801,1801,3.0,0,0,226.0,196.0,1428.0
2023-04-25,AS,LAX,DFW,1815,1815,46.0,27,2224,2224,34.0,0,0,249.0,214.0,1750.0
2023-08-18,UA,SFO,DEN,1210,1210,11.0,12,1529,1529,9.0,0,0,199.0,183.0,1166.0
2023-09-23,WN,ORD,DEN,2235,2235,-4.0,20,48,48,-7.0,0,0,133.0,102.0,858.0
2023-11-06,WN,DFW,SEA,1220,1220,71.0,15,1827,1827,65.0,0,0,367.0,345.0,2750.0
2023-02-03,WN,MCO,EWR,1040,1040,15.0,23,1333,1333,22.0,0,0,173.0,144.0,1162.0
2023-08-20,NK,IAH,ORD,705,705,5.0,14,1235,1235,16.0,0,0,330.0,307.0,2468.0
2023-10-23,DL,SFO,MCO,2030,2030,64.0,12,2136,2136,74.0,0,0,66.0,44.0,247.0
2023-04-14,WN,MCO,CLT,1810,1810,6.0,26,2244,2244,16.0,0,0,274.0,244.0,1815.0
2023-01-15,AS,ORD,JFK,815,815,-15.0,25,1157,1157,-9.0,0,0,222.0,193.0,1360.0
2023-04-30,DL,DEN,MCO,605,605,-22.0,12,957,957,-16.0,0,0,232.0,215.0,1456.0
2023-01-02,DL,MCO,ATL,1550,1550,37.0,29,2042,2042,43.0,0,0,292.0,255.0,2079.0
2023-12-16,UA,DFW,DEN,935,935,-6.0,26,1441,1441,-4.0,0,0,306.0,276.0,2210.0
2023-09-05,B6,PHX,DFW,1435,1435,17.0,16,2018,2018,20.0,0,0,343.0,316.0,2400.0
2023-10-15,AA,MIA,PHX,2245,2245,-18.0,18,349,349,-2.0,0,0,304.0,279.0,2042.0
2023-02-16,AA,EWR,CLT,645,645,9.0,32,805,805,10.0,0,0,80.0,44.0,275.0
2023-02-16,WN,SEA,LAS,1830,1830,-14.0,26,2208,2208,-9.0,0,0,218.0,186.0,1508.0
2023-03-07,DL,JFK,DFW,1835,1835,208.0,16,2011,2011,,0,0,96.0,76.0,369.0
2023-03-20,AA,DFW,ATL,1605,1605,-0.0,32,2200,2200,4.0,0,0,355.0,314.0,2527.0
2023-01-20,F9,LAX,MCO,1700,1700,-1.0,22,2120,2120,-12.0,0,0,260.0,231.0,1876.0
2023-03-17,WN,MCO,CLT,1340,1340,-1.0,10,1631,1631,-12.0,0,0,171.0,153.0,984.0
2023-09-27,UA,EWR,ATL,1330,1330,-17.0,8,1658,1658,-4.0,0,0,208.0,194.0,1483.0
2023-09-01,AA,DFW,LAX,545,545,-16.0,26,918,918,-3.0,0,0,213.0,183.0,1348.0
2023-11-24,UA,CLT,PHX,2255,2255,22.0,30,324,324,27.0,0,0,269.0,230.0,1716.0
2023-12-08,AS,PHX,JFK,1920,1920,-5.0,16,2241,2241,1.0,0,0,201.0,180.0,1333.0
2023-09-02,F9,ORD,SFO,545,545,-14.0,29,1101,1101,-8.0,0,0,316.0,279.0,2076.0
2023-02-07,DL,DEN,MIA,1555,1555,-19.0,24,1934,1934,-18.0,0,0,219.0,190.0,1376.0
2023-01-14,AA,IAH,EWR,1505,1505,-3.0,8,1838,1838,14.0,0,0,213.0,199.0,1316.0
2023-10-14,AS,PHX,MIA,1455,1455,-16.0,12,1701,1701,-18.0,0,0,126.0,107.0,787.0
2023-09-04,WN,ORD,IAH,1420,1420,-4.0,25,1713,1713,3.0,0,0,173.0,139.0,1090.0
2023-12-16,WN,SEA,JFK,1425,1425,44.0,15,1705,1705,42.0,0,0,160.0,139.0,1076.0
2023-07-11,WN,CLT,DFW,1020,1020,-16.0,24,1628,1628,-11.0,0,0,368.0,339.0,2704.0
2023-11-15,NK,EWR,IAH,725,725,9.0,28,926,926,4.0,0,0,121.0,89.0,602.0
2023-11-23,AS,MIA,DFW,1905,1905,-3.0,15,2118,2118,-6.0,0,0,133.0,109.0,651.0
2023-06-14,AA,MIA,DFW,1655,1655,-16.0,14,2036,2036,2.0,0,0,221.0,197.0,1513.0
2023-09-09,DL,LAX,ORD,2035,2035,-14.0,26,2143,2143,-13.0,0,0,68.0,36.0,271.0
2023-10-21,DL,LAS,ORD,1000,1000,-24.0,24,1220,1220,-10.0,0,0,140.0,107.0,775.0
2023-04-14,WN,SEA,LAS,705,705,-26.0,23,935,935,-17.0,0,0,150.0,119.0,927.0
2023-04-12,AA,MCO,SEA,940,940,24.0,32,1529,1529,18.0,0,0,349.0,311.0,2359.0
2023-11-23,AA,EWR,MCO,1045,1045,-5.0,29,1355,1355,10.0,0,0,190.0,151.0,1267.0
2023-04-09,WN,CLT,LAX,1340,1340,-14.0,19,1624,1624,-5.0,0,0,164.0,138.0,972.0
2023-07-01,AA,MCO,CLT,2105,2105,10.0,24,2330,2330,1.0,0,0,145.0,112.0,704.0
2023-02-10,UA,MCO,MIA,1135,1135,-19.0,15,1601,1601,-14.0,0,0,266.0,241.0,1787.0
2023-10-28,UA,ORD,ATL,500,500,-14.0,33,853,853,1.0,0,0,233.0,189.0,1551.0
2023-07-11,B6,PHX,DEN,1635,1635,25.0,28,1804,1804,19.0,0,0,89.0,52.0,394.0
2023-02-11,WN,DFW,DEN,2245,2245,44.0,29,343,343,47.0,0,0,298.0,264.0,1987.0
2023-06-14,WN,JFK,ATL,1750,1750,-17.0,20,1851,1851,-16.0,0,0,61.0,36.0,230.0
2023-01-31,DL,MCO,JFK,1000,1000,15.0,12,1445,1445,4.0,0,0,285.0,265.0,2123.0
2023-10-16,B6,EWR,JFK,2255,2255,-7.0,30,306,306,1.0,0,0,251.0,216.0,1704.0
2023-12-19,B6,LAS,SFO,2045,2045,-7.0,34,43,43,4.0,0,0,238.0,194.0,1544.0
2023-11-27,UA,LAS,SEA,840,840,-4.0,24,1157,1157,1.0,0,0,197.0,164.0,1304.0
2023-10-11,NK,JFK,SEA,1220,1220,-5.0,10,1517,1517,-2.0,0,0,177.0,157.0,1109.0
2023-09-10,UA,CLT,ORD,1335,1335,2.0,29,1559,1559,3.0,0,0,144.0,110.0,831.0
2023-09-27,WN,SEA,SFO,2020,2020,65.0,16,2230,2230,63.0,0,0,130.0,105.0,678.0
2023-12-24,WN,EWR,SEA,925,925,67.0,14,1216,1216,63.0,0,0,171.0,149.0,962.0
2023-09-08,UA,EWR,SFO,800,800,-14.0,34,1438,1438,-12.0,0,0,398.0,358.0,2787.0
2023-10-30,AA,JFK,DEN,1805,1805,-17.0,27,2251,2251,-10.0,0,0,286.0,249.0,1920.0
2023-08-20,WN,DEN,MIA,1330,1330,125.0,29,1809,1809,125.0,0,0,279.0,246.0,1924.0
2023-10-11,NK,ORD,MCO,1405,1405,33.0,17,1923,1923,41.0,0,0,318.0,293.0,2202.0
2023-04-30,WN,DFW,MCO,625,625,-17.0,22,850,850,-13.0,0,0,145.0,114.0,774.0
2023-06-11,AA,LAS,MIA,1010,1010,11.0,19,1258,1258,3.0,0,0,168.0,142.0,1031.0
2023-06-02,UA,JFK,LAX,700,700,6.0,21,1229,1229,4.0,0,0,329.0,300.0,2266.0
2023-10-08,B6,IAH,EWR,955,955,-7.0,8,1319,1319,1.0,0,0,204.0,189.0,1228.0
2023-09-22,B6,EWR,ATL,845,845,-6.0,13,1351,1351,1.0,0,0,306.0,286.0,2215.0
2023-07-01,WN,JFK,SFO,2245,2245,32.0,28,112,112,23.0,0,0,147.0,108.0,878.0
2023-03-18,WN,IAH,LAS,2050,2050,-14.0,18,322,322,-7.0,0,0,392.0,370.0,2743.0
2023-09-21,WN,IAH,CLT,800,800,-18.0,30,905,905,,0,0,65.0,24.0,313.0
2023-09-06,UA,SFO,EWR,2120,2120,6.0,11,2244,2244,2.0,0,0,84.0,66.0,313.0
2023-09-17,DL,JFK,ORD,1115,1115,-3.0,11,1611,1611,-9.0,0,0,296.0,280.0,1983.0
2023-02-11,NK,JFK,DEN,1850,1850,18.0,28,2055,2055,20.0,0,0,125.0,91.0,651.0
2023-03-05,UA,ORD,ATL,1545,1545,-0.0,17,1719,1719,1.0,0,0,94.0,69.0,444.0
2023-08-09,UA,LAX,ORD,1125,1125,-15.0,15,1629,1629,-9.0,0,0,304.0,283.0,2120.0
2023-02-10,AA,SEA,MIA,650,650,152.0,18,1243,1243,154.0,0,0,353.0,328.0,2397.0
2023-07-04,WN,PHX,DFW,2015,2015,13.0,33,17,17,23.0,0,0,242.0,203.0,1756.0
2023-06-17,WN,SEA,SFO,1500,1500,-14.0,9,2138,2138,6.0,0,0,398.0,383.0,2711.0
2023-09-30,AA,DEN,JFK,645,645,-19.0,17,1101,1101,-11.0,0,0,256.0,229.0,1743.0
2023-02-14,B6,DEN,ORD,1635,1635,-21.0,32,1836,1836,7.0,0,0,121.0,84.0,426.0
2023-05-07,WN,MIA,SFO,840,840,-14.0,24,1504,1504,-11.0,0,0,384.0,352.0,2746.0
2023-06-16,B6,MIA,SFO,1635,1635,13.0,27,1813,1813,20.0,0,0,98.0,63.0,558.0
2023-04-03,AS,IAH,PHX,720,720,-2.0,34,859,859,3.0,0,0,99.0,55.0,419.0
2023-12-31,UA,MIA,CLT,615,615,-24.0,18,713,713,-11.0,0,0,58.0,29.0,212.0
2023-09-05,UA,CLT,LAS,945,945,-19.0,14,1117,1117,0.0,0,0,92.0,72.0,514.0
2023-10-29,DL,MCO,MIA,845,845,13.0,33,1241,1241,9.0,0,0,236.0,195.0,1586.0
2023-07-12,WN,ORD,MCO,1230,1230,-17.0,9,1533,1533,-9.0,0,0,183.0,169.0,1245.0
2023-07-12,DL,ATL,JFK,620,620,-24.0,33,839,839,-20.0,0,0,139.0,97.0,741.0
2023-06-12,F9,MIA,ATL,1715,1715,18.0,8,2136,2136,10.0,0,0,261.0,246.0,1743.0
2023-04-03,B6,SEA,SFO,1000,1000,-12.0,17,1146,1146,-0.0,0,0,106.0,80.0,418.0
2023-12-22,NK,MCO,CLT,1255,1255,20.0,22,1609,1609,22.0,0,0,194.0,162.0,1293.0
2023-12-06,AA,ORD,ATL,2140,2140,46.0,19,247,247,50.0,0,0,307.0,281.0,2170.0
2023-02-09,UA,LAS,IAH,1135,1135,-5.0,8,1650,1650,-6.0,0,0,315.0,298.0,2197.0
2023-04-28,AS,DFW,MIA,615,615,43.0,25,800,800,55.0,0,0,105.0,75.0,505.0
2023-03-12,WN,ATL,DFW,1935,1935,-20.0,15,2203,2203,-5.0,0,0,148.0,129.0,824.0
2023-10-03,B6,DEN,DFW,2135,2135,-5.0,19,105,105,3.0,0,0,210.0,182.0,1434.0
2023-08-14,UA,SFO,LAS,1150,1150,-15.0,14,1616,1616,-13.0,0,0,266.0,247.0,1993.0
2023-08-27,UA,DFW,ORD,620,620,53.0,15,1244,1244,56.0,0,0,384.0,362.0,2648.0
2023-12-31,UA,IAH,PHX,1500,1500,-1.0,27,2128,2128,5.0,0,0,388.0,354.0,2790.0
2023-03-14,WN,EWR,MIA,1305,1305,3.0,11,1742,1742,4.0,0,0,277.0,258.0,1928.0
2023-10-04,AA,EWR,MCO,840,840,-12.0,11,1224,1224,-8.0,0,0,224.0,202.0,1458.0
2023-11-12,AA,LAX,PHX,2135,2135,13.0,17,316,316,10.0,0,0,341.0,319.0,2465.0
2023-12-06,UA,LAS,DFW,1640,1640,-12.0,13,1910,1910,-5.0,0,0,150.0,126.0,1042.0
2023-10-30,B6,LAX,DFW,1010,1010,-15.0,23,1639,1639,6.0,0,0,389.0,358.0,2788.0
2023-03-17,DL,SEA,LAS,1640,1640,-21.0,17,2039,2039,-8.0,0,0,239.0,218.0,1568.0
2023-07-10,WN,CLT,LAX,825,825,-17.0,31,1207,1207,-11.0,0,0,222.0,187.0,1318.0
2023-03-15,UA,MCO,ORD,1115,1115,17.0,18,1401,1401,24.0,0,0,166.0,142.0,1073.0
2023-04-10,DL,ATL,MIA,2110,2110,-13.0,8,2249,2249,-2.0,0,0,99.0,81.0,485.0
2023-12-18,WN,ATL,DFW,1640,1640,17.0,13,2115,2115,15.0,0,0,275.0,258.0,1857.0
2023-02-19,WN,MIA,ORD,2245,2245,-3.0,12,345,345,3.0,0,0,300.0,281.0,2099.0
2023-12-23,UA,CLT,ORD,510,510,8.0,21,955,955,7.0,0,0,285.0,255.0,1862.0
2023-11-12,DL,SEA,MCO,815,815,-19.0,15,1223,1223,-4.0,0,0,248.0,227.0,1662.0
2023-09-21,DL,LAX,ATL,835,835,8.0,14,1319,1319,4.0,0,0,284.0,262.0,1980.0
2023-06-23,F9,LAX,ORD,1015,1015,-3.0,34,1625,1625,8.0,0,0,370.0,329.0,2706.0
2023-11-26,DL,DFW,IAH,625,625,-12.0,10,948,948,-5.0,0,0,203.0,188.0,1304.0
2023-09-15,NK,ATL,MIA,1055,1055,-22.0,29,1534,1534,-11.0,0,0,279.0,245.0,1844.0
2023-02-01,NK,ATL,SEA,525,525,4.0,29,711,711,9.0,0,0,106.0,71.0,469.0
2023-07-01,DL,MIA,ATL,1130,1130,-2.0,16,1423,1423,-6.0,0,0,173.0,150.0,1029.0
2023-11-17,DL,SFO,LAX,1650,1650,-8.0,12,1815,1815,-1.0,0,0,85.0,66.0,347.0
2023-05-04,WN,JFK,ORD,600,600,-13.0,25,1050,1050,-6.0,0,0,290.0,259.0,2032.0
2023-12-07,UA,DFW,DEN,1740,1740,88.0,23,1948,1948,90.0,0,0,128.0,95.0,565.0
2023-03-24,DL,EWR,DFW,945,945,-23.0,16,1259,1259,-10.0,0,0,194.0,169.0,1276.0
2023-03-14,WN,IAH,ATL,1450,1450,7.0,11,1804,1804,3.0,0,0,194.0,177.0,1179.0
2023-08-22,WN,MCO,DFW,1225,1225,221.0,27,1427,1427,233.0,0,0,122.0,84.0,638.0
2023-04-07,AA,SFO,LAX,605,605,-8.0,26,821,821,3.0,0,0,136.0,99.0,657.0
2023-02-02,UA,JFK,PHX,1045,1045,10.0,20,1725,1725,10.0,0,0,400.0,374.0,2794.0
2023-08-31,DL,DFW,SFO,1430,1430,6.0,9,1726,1726,1.0,0,0,176.0,156.0,1210.0
2023-02-25,DL,LAX,MIA,520,520,20.0,30,708,708,15.0,0,0,108.0,68.0,608.0
2023-03-31,AA,SEA,MCO,1430,1430,-28.0,11,1703,1703,-19.0,0,0,153.0,136.0,779.0
2023-07-11,UA,SFO,EWR,2130,2130,31.0,19,143,143,20.0,0,0,253.0,230.0,1589.0
2023-11-07,AA,LAS,LAX,1905,1905,-7.0,20,2217,2217,-7.0,0,0,192.0,165.0,1133.0
2023-10-13,NK,DEN,ATL,1325,1325,6.0,26,1632,1632,7.0,0,0,187.0,152.0,1263.0
2023-03-29,WN,ATL,MCO,835,835,-14.0,33,1444,1444,-11.0,0,0,369.0,330.0,2602.0
2023-02-17,WN,JFK,SEA,2130,2130,10.0,11,312,312,18.0,0,0,342.0,323.0,2405.0
2023-06-18,AA,JFK,EWR,1710,1710,-3.0,18,2031,2031,15.0,0,0,201.0,173.0,1380.0
2023-12-03,WN,EWR,LAS,2020,2020,-6.0,8,130,130,-4.0,0,0,310.0,296.0,2093.0
2023-07-05,DL,JFK,IAH,1815,1815,-8.0,33,2303,2303,-1.0,0,0,288.0,244.0,2044.0
2023-07-31,UA,CLT,DEN,1220,1220,-10.0,28,1640,1640,-1.0,0,0,260.0,225.0,1872.0
2023-09-15,NK,MCO,DEN,735,735,1.0,30,1012,1012,-9.0,0,0,157.0,117.0,894.0
2023-08-10,AA,ORD,MCO,2000,2000,3.0,24,2127,2127,4.0,0,0,87.0,56.0,330.0
2023-02-18,WN,ORD,DEN,815,815,1.0,8,937,937,11.0,0,0,82.0,63.0,391.0
2023-10-08,DL,IAH,ATL,640,640,-10.0,12,1039,1039,-6.0,0,0,239.0,219.0,1539.0
2023-08-09,AS,CLT,JFK,2035,2035,9.0,16,152,152,15.0,0,0,317.0,296.0,2082.0
2023-05-02,NK,MIA,SFO,1450,1450,-12.0,8,1828,1828,-19.0,0,0,218.0,200.0,1507.0
2023-04-18,B6,IAH,LAS,1230,1230,-1.0,25,1819,1819,5.0,0,0,349.0,315.0,2396.0
2023-02-26,NK,EWR,ORD,2210,2210,8.0,20,228,228,13.0,0,0,258.0,231.0,1967.0
2023-10-30,DL,SEA,DEN,2035,2035,83.0,29,2243,2243,91.0,0,0,128.0,91.0,625.0
2023-04-30,AA,JFK,MCO,1440,1440,20.0,10,2053,2053,16.0,0,0,373.0,354.0,2626.0
2023-01-18,WN,SEA,DFW,745,745,-2.0,14,1115,1115,4.0,0,0,210.0,185.0,1404.0
2023-11-18,AA,ORD,DFW,810,810,12.0,12,1036,1036,-4.0,0,0,146.0,130.0,993.0
2023-11-09,AA,EWR,ATL,915,915,45.0,27,1327,1327,40.0,0,0,252.0,218.0,1725.0
2023-06-03,AA,DFW,ATL,805,805,-16.0,9,1120,1120,-2.0,0,0,195.0,177.0,1108.0
2023-11-06,AS,LAX,MCO,2010,2010,-11.0,23,117,117,3.0,0,0,307.0,274.0,2250.0
2023-01-04,DL,LAX,DFW,1155,1155,-8.0,34,1326,1326,-14.0,0,0,91.0,52.0,466.0
2023-07-12,DL,DEN,MCO,830,830,-14.0,27,1355,1355,-8.0,0,0,325.0,290.0,2417.0
2023-07-16,UA,DFW,MIA,1210,1210,6.0,30,1749,1749,20.0,0,0,339.0,299.0,2319.0
2023-12-17,F9,MIA,IAH,1115,1115,-5.0,15,1540,1540,5.0,0,0,265.0,244.0,1873.0
2023-02-01,AA,MCO,PHX,1120,1120,-20.0,10,1558,1558,-4.0,0,0,278.0,259.0,1954.0
2023-03-30,AA,SFO,IAH,1820,1820,25.0,10,2034,2034,29.0,0,0,134.0,117.0,720.0
2023-02-04,WN,SFO,SEA,1045,1045,34.0,18,1629,1629,36.0,0,0,344.0,315.0,2469.0
2023-11-30,F9,DEN,CLT,1945,1945,5.0,10,2326,2326,19.0,0,0,221.0,200.0,1546.0
2023-05-28,DL,DFW,SEA,2000,2000,-18.0,33,2108,2108,-14.0,0,0,68.0,26.0,264.0
2023-07-02,WN,LAS,SFO,1735,1735,-4.0,15,1948,1948,3.0,0,0,133.0,114.0,681.0
2023-05-20,DL,MIA,SEA,1620,1620,-13.0,20,1806,1806,-8.0,0,0,106.0,80.0,553.0
2023-01-09,DL,ORD,DFW,1520,1520,-17.0,25,1901,1901,-16.0,0,0,221.0,188.0,1464.0
2023-10-17,B6,JFK,LAS,1155,1155,8.0,16,1626,1626,12.0,0,0,271.0,245.0,1684.0
2023-09-08,AA,DEN,SEA,1655,1655,8.0,12,2150,2150,3.0,0,0,295.0,277.0,1943.0
2023-09-07,UA,LAX,MIA,635,635,27.0,18,1042,1042,30.0,0,0,247.0,221.0,1586.0
2023-10-22,UA,EWR,DEN,840,840,20.0,9,1449,1449,18.0,0,0,369.0,355.0,2715.0
2023-05-19,AA,MCO,DFW,735,735,-10.0,20,1058,1058,-14.0,0,0,203.0,172.0,1350.0
2023-02-26,UA,LAX,EWR,1815,1815,8.0,15,2120,2120,15.0,0,0,185.0,163.0,1249.0
2023-09-22,NK,EWR,IAH,1420,1420,40.0,9,1527,1527,36.0,0,0,67.0,50.0,267.0
2023-03-02,DL,ATL,LAS,1935,1935,201.0,28,2326,2326,197.0,0,0,231.0,199.0,1687.0
2023-11-06,AS,SEA,LAS,1005,1005,-0.0,31,1549,1549,-5.0,0,0,344.0,304.0,2289.0
2023-05-18,AA,JFK,SFO,1915,1915,13.0,33,2103,2103,15.0,0,0,108.0,71.0,521.0
2023-04-23,AA,PHX,MCO,1230,1230,-2.0,20,1818,1818,-1.0,0,0,348.0,324.0,2408.0
2023-05-24,AA,EWR,LAX,2000,2000,254.0,11,2222,2222,237.0,0,0,142.0,124.0,871.0
2023-05-25,AS,JFK,SEA,545,545,-10.0,16,904,904,-14.0,0,0,199.0,177.0,1211.0
2023-02-10,UA,MCO,CLT,1950,1950,6.0,14,137,137,18.0,0,0,347.0,325.0,2532.0
2023-10-27,WN,ATL,SEA,1705,1705,7.0,25,2237,2237,6.0,0,0,332.0,298.0,2171.0
2023-07-19,AS,SEA,JFK,1350,1350,-1.0,13,1519,1519,-4.0,0,0,89.0,68.0,419.0
2023-07-25,AA,DFW,DEN,1020,1020,-15.0,21,1251,1251,7.0,0,0,151.0,120.0,1006.0
2023-08-19,AA,ATL,SFO,925,925,105.0,10,1210,1210,106.0,0,0,165.0,144.0,1048.0
2023-10-27,B6,LAX,SFO,2035,2035,-18.0,16,29,29,7.0,0,0,234.0,207.0,1645.0
2023-12-06,WN,LAX,SEA,1405,1405,22.0,32,1549,1549,14.0,0,0,104.0,61.0,553.0
2023-04-26,UA,SEA,ORD,2040,2040,93.0,13,158,158,101.0,0,0,318.0,297.0,2184.0
2023-07-14,DL,DFW,DEN,2255,2255,10.0,9,331,331,10.0,0,0,276.0,256.0,
2023-07-24,F9,MCO,EWR,500,500,9.0,21,642,642,7.0,0,0,102.0,76.0,406.0
2023-08-14,F9,MCO,EWR,2205,2205,2.0,27,240,240,5.0,0,0,275.0,244.0,1974.0
2023-03-19,WN,EWR,LAS,1605,1605,10.0,9,1835,1835,4.0,0,0,150.0,131.0,939.0
2023-08-20,DL,DEN,LAS,1130,1130,19.0,15,1533,1533,15.0,0,0,243.0,218.0,1774.0
2023-09-16,NK,JFK,IAH,1650,1650,4.0,14,1855,1855,-1.0,0,0,125.0,107.0,668.0
2023-10-30,AA,ORD,SEA,2255,2255,24.0,10,221,221,26.0,0,0,206.0,187.0,1304.0
2023-01-07,WN,IAH,JFK,1110,1110,-4.0,27,1216,1216,-9.0,0,0,66.0,32.0,219.0
2023-08-13,NK,LAS,DFW,1705,1705,8.0,22,2041,2041,20.0,0,0,216.0,184.0,1397.0
2023-01-12,AA,JFK,IAH,525,525,16.0,14,710,710,20.0,0,0,105.0,85.0,560.0
2023-03-23,F9,DFW,MIA,1730,1730,8.0,34,2211,2211,6.0,0,0,281.0,241.0,1895.0
2023-08-21,AA,LAS,DEN,2255,2255,15.0,17,428,428,11.0,0,0,333.0,305.0,2315.0
2023-12-06,AA,ORD,LAX,2005,2005,22.0,11,2336,2336,14.0,0,0,211.0,189.0,1327.0
2023-03-30,UA,SEA,LAS,735,735,-4.0,13,1337,1337,7.0,0,0,362.0,340.0,2554.0
2023-06-09,AA,ATL,ORD,945,945,11.0,15,1122,1122,8.0,0,0,97.0,78.0,545.0
2023-08-06,WN,JFK,MCO,740,740,10.0,30,1008,1008,17.0,0,0,148.0,114.0,811.0
2023-11-11,AS,MCO,DFW,1525,1525,-12.0,13,1632,1632,-13.0,0,0,67.0,44.0,238.0
2023-04-16,AA,SEA,LAS,1540,1540,-0.0,16,2026,2026,1.0,0,0,286.0,263.0,1978.0
2023-05-13,AS,ORD,LAX,1525,1525,4.0,21,1950,1950,-0.0,0,0,265.0,237.0,1779.0
2023-01-01,AA,SEA,IAH,1350,1350,12.0,30,1519,1519,15.0,0,0,89.0,48.0,331.0
2023-11-10,NK,DFW,IAH,1610,1610,17.0,10,1810,1810,15.0,0,0,120.0,104.0,603.0
2023-03-02,AA,CLT,MIA,1845,1845,3.0,8,2137,2137,1.0,0,0,172.0,156.0,1038.0
2023-09-24,UA,CLT,PHX,1610,1610,-3.0,22,2233,2233,4.0,0,0,383.0,354.0,2696.0
2023-07-14,WN,ATL,SEA,1655,1655,9.0,13,2158,2158,-7.0,0,0,303.0,285.0,2319.0
2023-03-10,WN,JFK,PHX,1355,1355,19.0,12,1721,1721,18.0,0,0,206.0,190.0,1400.0
2023-07-14,AS,DFW,LAS,900,900,-2.0,21,1111,1111,3.0,0,0,131.0,104.0,794.0
2023-09-12,AS,DFW,SFO,615,615,-31.0,13,1146,1146,-23.0,0,0,331.0,307.0,2287.0
2023-05-14,UA,DEN,SFO,1755,1755,12.0,12,2128,2128,20.0,0,0,213.0,196.0,1349.0
2023-02-25,WN,ATL,PHX,900,900,8.0,16,1212,1212,6.0,0,0,192.0,168.0,1192.0
2023-12-04,NK,DEN,SFO,1300,1300,10.0,23,1440,1440,31.0,0,0,100.0,66.0,632.0
2023-02-06,UA,SFO,JFK,530,530,54.0,22,718,718,39.0,0,0,108.0,81.0,520.0
2023-03-30,AS,ATL,CLT,1950,1950,-3.0,14,105,105,-2.0,0,0,315.0,296.0,2333.0
2023-11-19,DL,IAH,PHX,1745,1745,-12.0,10,2234,2234,-15.0,0,0,289.0,270.0,1901.0
2023-08-11,AS,CLT,DFW,1420,1420,-0.0,28,1606,1606,7.0,0,0,106.0,68.0,554.0
2023-04-07,DL,EWR,DFW,940,940,-1.0,29,1046,1046,1.0,0,0,66.0,28.0,267.0
2023-03-26,UA,ATL,MCO,2220,2220,70.0,31,146,146,79.0,0,0,206.0,170.0,1317.0
2023-10-03,UA,EWR,SFO,850,850,-9.0,13,1148,1148,-4.0,0,0,178.0,161.0,1170.0
2023-01-23,AA,IAH,LAX,1825,1825,8.0,31,2221,2221,2.0,0,0,236.0,196.0,1597.0
2023-03-02,WN,IAH,EWR,2255,2255,54.0,28,430,430,68.0,0,0,335.0,298.0,2465.0
2023-07-17,UA,PHX,MIA,1855,1855,37.0,23,27,27,42.0,0,0,332.0,298.0,2351.0
2023-01-08,NK,JFK,MCO,645,645,-12.0,9,1212,1212,-3.0,0,0,327.0,308.0,2320.0
2023-10-06,AA,SFO,LAS,1900,1900,21.0,23,2001,2001,19.0,0,0,61.0,33.0,260.0
2023-06-06,F9,PHX,LAX,1100,1100,-3.0,33,1624,1624,5.0,0,0,324.0,286.0,2358.0
2023-02-26,B6,LAX,DEN,1710,1710,44.0,32,1946,1946,33.0,0,0,156.0,114.0,987.0
2023-09-08,WN,JFK,MIA,740,740,5.0,33,1229,1229,0.0,0,0,289.0,249.0,1955.0
2023-11-10,B6,MIA,SEA,1945,1945,-11.0,26,125,125,-10.0,0,0,340.0,310.0,2240.0
2023-01-25,AA,IAH,SFO,1540,1540,9.0,11,1741,1741,14.0,0,0,121.0,102.0,602.0
2023-04-09,WN,ORD,PHX,1205,1205,2.0,32,1637,1637,1.0,0,0,272.0,235.0,1950.0
2023-03-23,NK,IAH,CLT,1045,1045,-6.0,29,1709,1709,4.0,0,0,384.0,350.0,2728.0
2023-06-19,AS,CLT,ORD,940,940,14.0,15,1441,1441,8.0,0,0,301.0,280.0,2029.0
2023-04-20,DL,ORD,PHX,1010,1010,-19.0,30,1505,1505,-22.0,0,0,295.0,255.0,
2023-02-03,AA,MIA,JFK,1900,1900,-10.0,9,18,18,-8.0,0,0,318.0,305.0,2403.0
2023-04-21,WN,PHX,EWR,655,655,45.0,31,1000,1000,59.0,0,0,185.0,150.0,1213.0
2023-12-21,AA,LAX,DEN,2255,2255,118.0,25,224,224,106.0,0,0,209.0,178.0,1409.0
2023-04-11,B6,ORD,DFW,2140,2140,-11.0,22,231,231,-4.0,0,0,291.0,265.0,2040.0
2023-05-27,DL,SEA,EWR,1835,1835,-4.0,26,2331,2331,5.0,0,0,296.0,261.0,2053.0
2023-05-04,UA,EWR,DEN,1920,1920,-4.0,21,2055,2055,-11.0,0,0,95.0,64.0,410.0
2023-11-07,AA,CLT,LAS,1640,1640,98.0,30,2223,2223,97.0,0,0,343.0,305.0,2580.0
2023-04-02,F9,CLT,PHX,1030,1030,-24.0,34,1148,1148,-13.0,0,0,78.0,40.0,288.0
2023-08-11,AA,EWR,DFW,1235,1235,-11.0,9,1703,1703,2.0,0,0,268.0,254.0,1885.0
2023-08-31,DL,ORD,DEN,1140,1140,-17.0,34,1650,1650,-19.0,0,0,310.0,266.0,2162.0
2023-05-23,NK,SFO,MCO,1520,1520,5.0,17,1821,1821,17.0,0,0,181.0,159.0,1131.0
2023-05-11,UA,PHX,LAS,1215,1215,-31.0,12,1541,1541,-16.0,0,0,206.0,184.0,1330.0
2023-05-23,WN,MCO,MIA,1525,1525,23.0,10,2026,2026,21.0,0,0,301.0,287.0,1993.0
2023-02-01,F9,MCO,JFK,1145,1145,-6.0,10,1406,1406,7.0,0,0,141.0,122.0,739.0
2023-10-07,AA,MIA,CLT,2250,2250,-3.0,16,253,253,3.0,0,0,243.0,219.0,1472.0
2023-06-24,NK,ORD,DEN,1405,1405,-10.0,16,1921,1921,1.0,0,0,316.0,296.0,2176.0
2023-09-02,AA,ORD,SFO,1730,1730,6.0,30,1939,1939,15.0,0,0,129.0,90.0,665.0
2023-11-20,DL,IAH,MCO,705,705,42.0,12,1342,1342,47.0,0,0,397.0,375.0,2724.0
2023-05-18,F9,JFK,DFW,1800,1800,81.0,25,2314,2314,84.0,0,0,314.0,280.0,2195.0
2023-10-07,AS,LAS,JFK,1030,1030,2.0,22,1601,1601,4.0,0,0,331.0,298.0,2255.0
2023-05-17,WN,EWR,DFW,1405,1405,1.0,19,1759,1759,1.0,0,0,234.0,206.0,1550.0
2023-11-01,DL,SFO,PHX,1220,1220,-7.0,28,1401,1401,-7.0,0,0,101.0,66.0,411.0
2023-06-07,WN,EWR,MCO,1755,1755,18.0,28,2043,2043,15.0,0,0,168.0,134.0,1048.0
2023-03-29,AS,ATL,SFO,1830,1830,9.0,13,2037,2037,13.0,0,0,127.0,109.0,733.0
2023-11-23,AA,SEA,SFO,1845,1845,9.0,34,2023,2023,13.0,0,0,98.0,55.0,527.0
2023-04-29,AS,IAH,DFW,1145,1145,-13.0,22,1508,1508,0.0,0,0,203.0,176.0,1189.0
2023-02-24,DL,SEA,MIA,1350,1350,-12.0,9,1601,1601,-11.0,0,0,131.0,112.0,877.0
2023-11-14,DL,CLT,PHX,1905,1905,-1.0,19,2011,2011,10.0,0,0,66.0,42.0,177.0
2023-07-09,WN,DFW,MCO,2130,2130,9.0,19,309,309,3.0,0,0,339.0,316.0,2478.0
2023-03-09,DL,CLT,DEN,810,810,14.0,14,919,919,8.0,0,0,69.0,44.0,206.0
2023-10-13,AA,JFK,ORD,1135,1135,13.0,32,1703,1703,19.0,0,0,328.0,285.0,2297.0
2023-05-15,UA,MCO,LAS,625,625,5.0,17,756,756,8.0,0,0,91.0,66.0,586.0
2023-11-28,NK,JFK,SFO,1650,1650,-3.0,26,1955,1955,2.0,0,0,185.0,155.0,1102.0
2023-06-17,NK,DEN,JFK,1405,1405,6.0,28,2044,2044,10.0,0,0,399.0,365.0,2775.0
2023-03-05,UA,ATL,PHX,1840,1840,5.0,9,2114,2114,8.0,0,0,154.0,140.0,908.0
2023-11-12,F9,DEN,JFK,1920,1920,-16.0,22,2158,2158,-5.0,0,0,158.0,129.0,993.0
2023-08-25,DL,SEA,JFK,1550,1550,-20.0,20,2206,2206,-5.0,0,0,376.0,346.0,2576.0
2023-05-01,B6,LAS,PHX,2055,2055,24.0,31,2154,2154,20.0,0,0,59.0,18.0,240.0
2023-04-23,UA,DFW,PHX,1935,1935,14.0,30,138,138,27.0,0,0,363.0,324.0,2577.0
2023-03-01,AS,CLT,SEA,2255,2255,-39.0,25,339,339,-13.0,0,0,284.0,251.0,2053.0
2023-02-26,AS,PHX,SFO,1055,1055,1.0,25,1400,1400,1.0,0,0,185.0,149.0,1299.0
2023-01-02,WN,PHX,IAH,1620,1620,17.0,20,1744,1744,10.0,0,0,84.0,60.0,323.0
2023-06-12,AA,CLT,MCO,2215,2215,-11.0,12,236,236,,0,0,261.0,239.0,1738.0
2023-01-03,AA,IAH,PHX,805,805,30.0,9,1307,1307,28.0,0,0,302.0,284.0,2048.0
2023-01-11,AS,DFW,ATL,745,745,-5.0,25,1231,1231,3.0,0,0,286.0,250.0,2028.0
2023-06-04,AA,LAX,DFW,1600,1600,-6.0,15,2134,2134,6.0,0,0,334.0,312.0,2374.0
2023-05-13,WN,DFW,LAX,555,555,-18.0,18,904,904,-11.0,0,0,189.0,161.0,1049.0
2023-04-01,F9,EWR,LAX,815,815,-1.0,33,951,951,7.0,0,0,96.0,52.0,485.0
2023-03-17,DL,JFK,SFO,935,935,12.0,21,1256,1256,6.0,0,0,201.0,176.0,1256.0
2023-06-16,WN,SFO,ATL,1545,1545,22.0,18,1643,1643,17.0,0,0,58.0,35.0,168.0
2023-11-01,AA,PHX,ORD,2150,2150,3.0,30,2336,2336,1.0,0,0,106.0,72.0,368.0
2023-06-16,DL,LAX,MCO,2205,2205,18.0,20,317,317,14.0,0,0,312.0,285.0,2282.0
2023-10-26,B6,LAX,IAH,940,940,-18.0,10,1251,1251,-8.0,0,0,191.0,172.0,1115.0
2023-06-09,AS,MIA,ATL,1020,1020,23.0,23,1639,1639,12.0,0,0,379.0,345.0,2659.0
2023-05-15,AS,LAS,MCO,1055,1055,-2.0,13,1325,1325,5.0,0,0,150.0,132.0,927.0
2023-06-01,NK,DFW,MCO,1055,1055,-17.0,13,1714,1714,-16.0,0,0,379.0,360.0,2720.0
2023-02-04,DL,MCO,DFW,1210,1210,9.0,34,1514,1514,13.0,0,0,184.0,142.0,1074.0
2023-08-05,DL,SFO,SEA,1125,1125,-7.0,15,1741,1741,-3.0,0,0,376.0,353.0,2671.0
2023-06-15,UA,IAH,EWR,1835,1835,-0.0,20,2045,2045,-6.0,0,0,130.0,105.0,510.0
2023-08-23,UA,PHX,SEA,2005,2005,16.0,30,2121,2121,2.0,0,0,76.0,38.0,293.0
2023-12-02,DL,MIA,ATL,1530,1530,-16.0,18,2006,2006,-16.0,0,0,276.0,248.0,1889.0
2023-10-09,NK,CLT,ATL,1710,1710,-0.0,15,2244,2244,10.0,0,0,334.0,314.0,2323.0
2023-07-28,WN,ATL,IAH,1515,1515,28.0,25,1954,1954,26.0,0,0,279.0,249.0,1768.0
2023-05-05,UA,ATL,ORD,2055,2055,-5.0,14,114,114,4.0,0,0,259.0,234.0,1733.0
2023-11-05,B6,JFK,PHX,1220,1220,-3.0,17,1611,1611,6.0,0,0,231.0,203.0,1587.0
2023-07-22,B6,ORD,LAX,830,830,22.0,27,1033,1033,21.0,0,0,123.0,85.0,713.0
2023-09-18,DL,DFW,MIA,1410,1410,-3.0,15,1642,1642,-7.0,0,0,152.0,131.0,944.0
2023-01-23,UA,ATL,PHX,1935,1935,45.0,17,2233,2233,38.0,0,0,178.0,152.0,1109.0
2023-06-23,UA,ORD,LAS,1220,1220,-13.0,31,1649,1649,-4.0,0,0,269.0,232.0,1798.0
2023-02-19,B6,ORD,CLT,840,840,2.0,27,1023,1023,7.0,0,0,103.0,68.0,531.0
2023-01-17,F9,ORD,JFK,2225,2225,-17.0,13,159,159,-7.0,0,0,214.0,193.0,1413.0
2023-02-03,AA,PHX,JFK,2110,2110,38.0,10,329,329,30.0,0,0,379.0,363.0,2774.0
2023-09-10,WN,ORD,ATL,1930,1930,18.0,34,2308,2308,14.0,0,0,218.0,178.0,1425.0
2023-02-25,AS,JFK,EWR,1615,1615,12.0,15,2107,2107,20.0,0,0,292.0,269.0,2046.0
2023-06-02,WN,LAS,MCO,655,655,-4.0,32,1237,1237,4.0,0,0,342.0,301.0,2428.0
2023-02-24,NK,LAX,EWR,755,755,74.0,32,1311,1311,79.0,0,0,316.0,277.0,2166.0
2023-12-04,B6,JFK,EWR,715,715,8.0,20,1223,1223,9.0,0,0,308.0,279.0,1987.0
2023-09-04,B6,MIA,DFW,1715,1715,3.0,23,2238,2238,8.0,0,0,323.0,296.0,2278.0
2023-07-13,NK,MCO,JFK,1700,1700,10.0,31,1803,1803,12.0,0,0,63.0,22.0,196.0
2023-07-19,DL,PHX,LAX,1210,1210,-7.0,12,1350,1350,4.0,0,0,100.0,84.0,533.0
2023-07-22,WN,IAH,LAS,1505,1505,-12.0,19,1756,1756,4.0,0,0,171.0,146.0,918.0
2023-05-08,AA,MIA,DEN,1935,1935,-18.0,34,2222,2222,-15.0,0,0,167.0,127.0,
2023-02-09,DL,CLT,PHX,1350,1350,21.0,18,1549,1549,29.0,0,0,119.0,97.0,564.0
2023-03-26,DL,LAS,IAH,930,930,-10.0,29,1135,1135,-13.0,0,0,125.0,87.0,642.0
2023-09-10,WN,ATL,ORD,635,635,151.0,19,1015,1015,146.0,0,0,220.0,196.0,1487.0
2023-08-15,DL,LAS,IAH,1815,1815,39.0,14,2002,2002,28.0,0,0,107.0,85.0,607.0
2023-09-17,UA,JFK,SFO,1000,1000,16.0,15,1415,1415,10.0,0,0,255.0,236.0,1737.0
2023-03-27,AA,JFK,MIA,1800,1800,-9.0,29,1932,1932,3.0,0,0,92.0,54.0,370.0
2023-12-21,AS,LAS,ATL,840,840,-16.0,33,1024,1024,-18.0,0,0,104.0,60.0,510.0
2023-06-06,AA,PHX,LAX,2100,2100,-8.0,32,236,236,5.0,0,0,336.0,297.0,2283.0
2023-09-16,AA,ORD,MCO,725,725,22.0,34,1038,1038,15.0,0,0,193.0,148.0,1172.0
2023-05-31,UA,LAS,SFO,1535,1535,18.0,28,2002,2002,11.0,0,0,267.0,234.0,1774.0
2023-06-06,UA,DFW,DEN,605,605,-17.0,25,1221,1221,-3.0,0,0,376.0,341.0,2588.0
2023-08-21,UA,LAX,LAS,1545,1545,-5.0,31,2038,2038,7.0,0,0,293.0,254.0,2109.0
2023-07-07,WN,ATL,DFW,1940,1940,9.0,22,156,156,-1.0,0,0,376.0,349.0,2734.0
2023-04-17,F9,IAH,JFK,1530,1530,-11.0,30,1921,1921,3.0,0,0,231.0,190.0,1419.0
2023-11-21,WN,SEA,SFO,1800,1800,-14.0,10,2143,2143,-0.0,0,0,223.0,208.0,1392.0
2023-01-14,DL,MIA,LAS,1720,1720,-15.0,33,2223,2223,0.0,0,0,303.0,263.0,2107.0
2023-08-02,AA,ATL,CLT,1605,1605,10.0,23,2217,2217,19.0,0,0,372.0,341.0,2688.0
2023-05-05,AA,EWR,ORD,1845,1845,-22.0,33,2223,2223,-3.0,0,0,218.0,177.0,1324.0
2023-06-08,UA,IAH,DFW,2155,2155,3.0,32,2314,2314,6.0,0,0,79.0,42.0,526.0
2023-02-25,DL,LAS,MIA,905,905,2.0,19,1040,1040,8.0,0,0,95.0,72.0,461.0
2023-07-11,UA,LAS,PHX,1225,1225,15.0,16,1522,1522,20.0,0,0,177.0,157.0,1096.0
2023-06-05,WN,LAX,DFW,2035,2035,-2.0,17,2245,2245,-11.0,0,0,130.0,106.0,636.0
2023-02-13,B6,DFW,DEN,800,800,17.0,18,1317,1317,13.0,0,0,317.0,289.0,2344.0
2023-06-15,AA,EWR,MIA,545,545,27.0,30,1109,1109,19.0,0,0,324.0,286.0,2325.0
2023-06-13,B6,ATL,PHX,1005,1005,-11.0,11,1510,1510,-3.0,0,0,305.0,287.0,2192.0
2023-06-18,DL,ATL,IAH,1425,1425,-10.0,18,1724,1724,-12.0,0,0,179.0,152.0,1181.0
2023-11-13,WN,MCO,PHX,1535,1535,22.0,14,1649,1649,19.0,0,0,74.0,55.0,280.0
2023-06-24,DL,ORD,EWR,515,515,11.0,27,814,814,18.0,0,0,179.0,147.0,1165.0
2023-06-29,B6,LAS,ATL,1320,1320,20.0,21,1519,1519,10.0,0,0,119.0,92.0,801.0
2023-11-18,AA,MCO,EWR,2205,2205,-16.0,22,25,25,-7.0,0,0,140.0,110.0,752.0
2023-06-15,AA,PHX,CLT,1420,1420,-2.0,23,1743,1743,9.0,0,0,203.0,172.0,1320.0
2023-06-10,WN,IAH,MIA,610,610,108.0,14,1203,1203,107.0,0,0,353.0,333.0,2488.0
2023-01-21,UA,PHX,ATL,2225,2225,56.0,30,222,222,61.0,0,0,237.0,197.0,1685.0
2023-02-20,UA,MCO,IAH,835,835,17.0,12,1219,1219,-1.0,0,0,224.0,205.0,1450.0
2023-07-13,B6,MIA,JFK,1230,1230,6.0,18,1411,1411,9.0,0,0,101.0,79.0,513.0
2023-01-01,UA,ATL,MIA,730,730,-13.0,9,1102,1102,-11.0,0,0,212.0,198.0,1320.0
2023-02-13,WN,EWR,ORD,2135,2135,34.0,34,311,311,35.0,0,0,336.0,291.0,2401.0
2023-06-11,AA,DEN,PHX,1115,1115,-14.0,20,1414,1414,,0,0,179.0,151.0,1288.0
2023-09-22,DL,ATL,SFO,1445,1445,-18.0,32,1925,1925,-10.0,0,0,280.0,240.0,1943.0
2023-12-05,AS,MIA,EWR,2125,2125,18.0,9,2340,2340,-1.0,0,0,135.0,116.0,623.0
2023-07-01,DL,EWR,ORD,1240,1240,-5.0,10,1811,1811,2.0,0,0,331.0,314.0,2260.0
2023-08-07,F9,SEA,LAX,1320,1320,0.0,17,1440,1440,-9.0,0,0,80.0,54.0,222.0
2023-03-25,AA,LAX,IAH,1835,1835,-1.0,12,2212,2212,12.0,0,0,217.0,197.0,1425.0
2023-05-24,DL,ATL,JFK,1005,1005,-2.0,20,1159,1159,6.0,0,0,114.0,88.0,351.0
2023-04-15,AA,MCO,LAS,2245,2245,1.0,15,10,10,5.0,0,0,85.0,63.0,261.0
2023-02-04,WN,SFO,DFW,1515,1515,71.0,22,1833,1833,71.0,0,0,198.0,170.0,1274.0
2023-12-22,WN,EWR,CLT,1535,1535,24.0,23,1902,1902,14.0,0,0,207.0,175.0,1364.0
2023-03-07,AS,IAH,SFO,1820,1820,23.0,23,2133,2133,25.0,0,0,193.0,159.0,1226.0
2023-04-16,AA,DFW,LAS,1140,1140,26.0,29,1635,1635,28.0,0,0,295.0,255.0,1987.0
2023-03-31,NK,LAS,MCO,1110,1110,-0.0,18,1315,1315,-1.0,0,0,125.0,97.0,745.0
2023-09-22,AS,PHX,MIA,740,740,-15.0,31,1320,1320,-4.0,0,0,340.0,304.0,2405.0
2023-04-26,B6,PHX,SFO,820,820,13.0,14,1043,1043,,0,0,143.0,120.0,901.0
2023-02-16,F9,EWR,ATL,2015,2015,26.0,11,22,22,18.0,0,0,247.0,227.0,1721.0
2023-05-13,F9,DEN,ATL,2240,2240,1.0,11,4,4,2.0,0,0,84.0,69.0,284.0
2023-02-23,DL,ATL,CLT,1800,1800,1.0,14,1852,1852,-2.0,0,0,52.0,31.0,185.0
2023-10-08,DL,MIA,ATL,1125,1125,14.0,8,1433,1433,15.0,0,0,188.0,172.0,1181.0
2023-03-20,NK,CLT,ATL,1330,1330,-7.0,25,1709,1709,-1.0,0,0,219.0,184.0,1345.0
2023-09-29,AA,CLT,EWR,920,920,-32.0,33,1339,1339,-17.0,0,0,259.0,222.0,1777.0
2023-02-21,F9,LAX,SFO,1535,1535,238.0,26,2001,2001,243.0,0,0,266.0,231.0,1948.0
2023-02-05,AA,SFO,CLT,2255,2255,-11.0,12,304,304,-1.0,0,0,249.0,226.0,1723.0
2023-05-06,UA,ATL,CLT,1105,1105,-28.0,17,1321,1321,-18.0,0,0,136.0,110.0,780.0
2023-07-14,UA,JFK,ORD,1255,1255,11.0,19,1653,1653,9.0,0,0,238.0,210.0,1553.0
2023-04-07,DL,SFO,JFK,915,915,410.0,28,1307,1307,421.0,0,0,232.0,199.0,1557.0
2023-12-09,B6,DEN,JFK,1000,1000,88.0,25,1345,1345,72.0,0,0,225.0,192.0,1484.0
2023-03-27,NK,ATL,MCO,1800,1800,-2.0,16,2201,2201,9.0,0,0,241.0,218.0,1523.0
2023-01-10,UA,DFW,ORD,1615,1615,63.0,29,1851,1851,67.0,0,0,156.0,116.0,859.0
2023-11-16,UA,LAS,IAH,900,900,6.0,17,1312,1312,13.0,0,0,252.0,226.0,1728.0
2023-04-08,WN,SFO,PHX,1820,1820,-16.0,22,2351,2351,-12.0,0,0,331.0,298.0,2452.0
2023-09-09,AA,DFW,DEN,1430,1430,13.0,8,1642,1642,6.0,0,0,132.0,117.0,786.0
2023-02-15,AA,DFW,PHX,2100,2100,1.0,14,2338,2338,9.0,0,0,158.0,140.0,782.0
2023-09-05,AA,SEA,DEN,2150,2150,-7.0,16,405,405,-8.0,0,0,375.0,350.0,2641.0
2023-11-05,B6,IAH,SEA,2145,2145,19.0,21,256,256,3.0,0,0,311.0,279.0,2028.0
2023-04-22,WN,IAH,LAX,630,630,17.0,24,1209,1209,22.0,0,0,339.0,309.0,2500.0
2023-04-05,B6,ATL,SEA,630,630,4.0,17,1046,1046,2.0,0,0,256.0,230.0,1606.0
2023-10-07,WN,LAS,SEA,1115,1115,-1.0,30,1654,1654,-8.0,0,0,339.0,302.0,2353.0
2023-01-12,NK,DEN,JFK,935,935,14.0,30,1302,1302,10.0,0,0,207.0,172.0,1288.0
2023-10-15,WN,ATL,IAH,1915,1915,13.0,33,2102,2102,17.0,0,0,107.0,63.0,525.0
2023-05-05,F9,JFK,SFO,910,910,224.0,31,1232,1232,217.0,0,0,202.0,164.0,1314.0
2023-08-01,DL,SFO,CLT,2045,2045,9.0,34,250,250,15.0,0,0,365.0,320.0,2540.0
2023-06-04,B6,MCO,DEN,1850,1850,2.0,29,2028,2028,1.0,0,0,98.0,65.0,434.0
2023-03-28,UA,EWR,SEA,710,710,7.0,10,1153,1153,-2.0,0,0,283.0,265.0,1945.0
2023-07-12,WN,JFK,ORD,1735,1735,-9.0,32,2044,2044,-12.0,0,0,189.0,150.0,1157.0
2023-11-24,UA,PHX,SEA,2205,2205,21.0,17,2330,2330,21.0,0,0,85.0,60.0,416.0
2023-07-14,DL,SEA,PHX,505,505,-4.0,18,1035,1035,-3.0,0,0,330.0,304.0,2286.0
2023-10-20,UA,IAH,MIA,2020,2020,-1.0,10,2312,2312,7.0,0,0,172.0,154.0,1115.0
2023-05-27,WN,LAX,IAH,1450,1450,-0.0,32,1555,1555,7.0,0,0,65.0,26.0,196.0
2023-04-17,UA,MIA,SEA,920,920,-30.0,22,1354,1354,-19.0,0,0,274.0,244.0,1709.0
2023-03-26,WN,CLT,LAX,545,545,-15.0,33,809,809,-18.0,0,0,144.0,104.0,755.0
2023-03-27,AS,JFK,PHX,935,935,-2.0,31,1522,1522,6.0,0,0,347.0,312.0,
2023-06-12,AA,EWR,ATL,1455,1455,-23.0,9,2102,2102,-16.0,0,0,367.0,348.0,2738.0
2023-03-17,DL,IAH,PHX,1550,1550,69.0,29,1858,1858,67.0,0,0,188.0,148.0,1157.0
2023-08-08,WN,JFK,PHX,2155,2155,7.0,20,105,105,4.0,0,0,190.0,163.0,1210.0
2023-02-24,WN,JFK,ORD,1740,1740,27.0,22,2255,2255,18.0,0,0,315.0,286.0,2092.0
2023-05-03,UA,ATL,LAX,525,525,-7.0,28,745,745,-7.0,0,0,140.0,105.0,843.0
2023-07-09,NK,IAH,SEA,2145,2145,5.0,30,204,204,15.0,0,0,259.0,224.0,1624.0
2023-09-09,AA,MCO,ATL,1225,1225,-14.0,31,1557,1557,-10.0,0,0,212.0,173.0,1361.0
2023-07-13,WN,MCO,ATL,1655,1655,13.0,16,1829,1829,13.0,0,0,94.0,68.0,358.0
2023-10-15,AA,LAS,DFW,1700,1700,2.0,25,2111,2111,7.0,0,0,251.0,222.0,1785.0
2023-07-28,DL,SFO,MIA,715,715,9.0,27,933,933,3.0,0,0,138.0,101.0,691.0
2023-06-12,WN,DEN,SEA,1355,1355,-7.0,33,1748,1748,1.0,0,0,233.0,189.0,1483.0
2023-09-11,UA,DFW,SFO,1610,1610,-6.0,20,1810,1810,17.0,0,0,120.0,92.0,679.0
2023-10-12,WN,MCO,PHX,1530,1530,8.0,17,2056,2056,16.0,0,0,326.0,301.0,2312.0
2023-06-21,UA,EWR,SEA,1215,1215,26.0,20,1753,1753,19.0,0,0,338.0,310.0,2393.0
2023-02-14,DL,SFO,DEN,2115,2115,-4.0,22,348,348,1.0,0,0,393.0,361.0,2742.0
2023-01-25,DL,SFO,ORD,830,830,17.0,22,1308,1308,14.0,0,0,278.0,248.0,1922.0
2023-08-20,DL,DEN,MCO,1135,1135,113.0,28,1239,1239,124.0,0,0,64.0,31.0,258.0
2023-06-16,WN,DFW,SEA,1055,1055,-1.0,22,1714,1714,-1.0,0,0,379.0,352.0,2704.0
2023-09-22,WN,DFW,PHX,500,500,-11.0,9,1105,1105,-5.0,0,0,365.0,345.0,2680.0
2023-10-24,AS,CLT,LAS,540,540,-2.0,23,900,900,-8.0,0,0,200.0,167.0,1184.0
2023-11-28,WN,MIA,ATL,1835,1835,16.0,23,2252,2252,15.0,0,0,257.0,228.0,1593.0
2023-06-05,UA,CLT,LAS,1815,1815,-21.0,32,2202,2202,,0,0,227.0,187.0,1688.0
2023-04-24,WN,ATL,LAX,630,630,-20.0,12,751,751,-13.0,0,0,81.0,59.0,255.0
2023-09-24,AA,JFK,ATL,1435,1435,2.0,20,1946,1946,-1.0,0,0,311.0,283.0,
2023-01-18,UA,LAS,MIA,2200,2200,4.0,33,104,104,10.0,0,0,184.0,143.0,1032.0
2023-02-08,NK,LAS,MCO,755,755,-1.0,32,1232,1232,4.0,0,0,277.0,234.0,1767.0
2023-10-01,WN,DEN,IAH,2030,2030,-15.0,24,229,229,0.0,0,0,359.0,329.0,2624.0
2023-10-26,AA,MIA,SEA,1300,1300,-5.0,25,1931,1931,7.0,0,0,391.0,358.0,2704.0
2023-09-25,UA,ORD,EWR,1515,1515,-3.0,20,2028,2028,-6.0,0,0,313.0,285.0,2165.0
2023-11-26,AA,CLT,IAH,1240,1240,25.0,31,1405,1405,27.0,0,0,85.0,43.0,566.0
2023-04-18,DL,ATL,ORD,1930,1930,1.0,26,56,56,3.0,0,0,326.0,290.0,2316.0
2023-11-16,B6,DFW,SFO,535,535,13.0,19,819,819,18.0,0,0,164.0,137.0,962.0
2023-07-19,B6,LAX,IAH,1155,1155,-4.0,11,1813,1813,-10.0,0,0,378.0,360.0,2664.0
2023-12-06,AA,MCO,LAX,2045,2045,26.0,15,231,231,37.0,0,0,346.0,320.0,2464.0
2023-05-06,AA,MCO,JFK,505,505,-21.0,12,729,729,-6.0,0,0,144.0,125.0,814.0
2023-01-24,WN,CLT,JFK,855,855,5.0,18,1439,1439,1.0,0,0,344.0,319.0,2407.0
2023-06-04,AA,DFW,LAX,700,700,5.0,12,952,952,6.0,0,0,172.0,151.0,1077.0
2023-04-16,B6,MIA,ATL,1035,1035,-18.0,17,1424,1424,-15.0,0,0,229.0,207.0,1452.0
2023-12-28,AA,SEA,LAS,1905,1905,-14.0,24,132,132,-2.0,0,0,387.0,358.0,2674.0
2023-06-30,WN,ATL,LAX,1245,1245,-0.0,15,1532,1532,14.0,0,0,167.0,146.0,959.0
2023-02-19,B6,PHX,LAS,1610,1610,-3.0,21,2205,2205,16.0,0,0,355.0,325.0,2342.0
2023-10-20,DL,IAH,MIA,1440,1440,154.0,20,1715,1715,166.0,0,0,155.0,127.0,1028.0
2023-07-25,AS,ORD,DFW,630,630,-3.0,33,1250,1250,-1.0,0,0,380.0,339.0,2610.0
2023-01-29,WN,ATL,SFO,845,845,27.0,10,1242,1242,26.0,0,0,237.0,217.0,1562.0
2023-09-11,DL,DEN,SEA,2145,2145,-19.0,30,2335,2335,-11.0,0,0,110.0,69.0,577.0
2023-03-25,AA,DEN,JFK,1755,1755,-36.0,13,2215,2215,-10.0,0,0,260.0,240.0,1600.0
2023-01-27,UA,EWR,LAX,1655,1655,-11.0,11,2250,2250,-3.0,0,0,355.0,336.0,2591.0
2023-12-17,AS,SEA,EWR,1535,1535,-17.0,9,1802,1802,-5.0,0,0,147.0,133.0,728.0
2023-11-24,AS,IAH,SEA,2140,2140,1.0,28,402,402,5.0,0,0,382.0,343.0,2781.0
2023-04-10,AS,SFO,JFK,540,540,-6.0,11,644,644,0.0,0,0,64.0,47.0,167.0
2023-08-03,B6,DEN,JFK,1310,1310,-19.0,11,1742,1742,-7.0,0,0,272.0,257.0,1860.0
2023-10-03,F9,SFO,EWR,1425,1425,-7.0,17,1914,1914,-7.0,0,0,289.0,266.0,2015.0
2023-09-30,DL,ORD,MIA,2115,2115,11.0,15,2335,2335,10.0,0,0,140.0,115.0,786.0
2023-06-18,AS,DFW,SEA,1525,1525,-6.0,31,1906,1906,1.0,0,0,221.0,184.0,1430.0
2023-03-11,WN,JFK,SEA,645,645,23.0,19,824,824,13.0,0,0,99.0,70.0,457.0
2023-03-19,F9,SEA,MCO,930,930,-3.0,27,1436,1436,-10.0,0,0,306.0,270.0,2252.0
2023-03-23,DL,MCO,DEN,2005,2005,0.0,22,2300,2300,-2.0,0,0,175.0,146.0,1082.0
2023-07-04,B6,LAX,LAS,1450,1450,33.0,20,2108,2108,37.0,0,0,378.0,349.0,2698.0
2023-04-04,WN,MIA,IAH,720,720,6.0,18,1026,1026,2.0,0,0,186.0,161.0,1193.0
2023-10-11,DL,MIA,SEA,1640,1640,-17.0,29,2138,2138,-9.0,0,0,298.0,264.0,2116.0
2023-09-05,UA,SEA,DFW,2105,2105,17.0,17,142,142,10.0,0,0,277.0,255.0,1796.0
2023-02-06,WN,SFO,CLT,1225,1225,8.0,10,1559,1559,3.0,0,0,214.0,197.0,1319.0
2023-12-07,DL,PHX,LAS,1640,1640,10.0,10,1938,1938,,0,0,178.0,163.0,1041.0
2023-10-13,AA,EWR,DEN,2010,2010,-3.0,21,2236,2236,-10.0,0,0,146.0,115.0,898.0
2023-02-07,NK,ATL,ORD,1905,1905,28.0,24,2329,2329,27.0,0,0,264.0,230.0,1697.0
2023-12-17,AA,SEA,MCO,1530,1530,-14.0,31,1752,1752,-6.0,0,0,142.0,106.0,773.0
2023-05-30,AS,IAH,MCO,2220,2220,-4.0,23,119,119,3.0,0,0,179.0,148.0,1067.0
2023-10-29,WN,LAS,ATL,945,945,26.0,26,1555,1555,29.0,0,0,370.0,340.0,2667.0
2023-05-20,AS,MIA,MCO,1900,1900,50.0,17,2228,2228,56.0,0,0,208.0,185.0,1310.0
2023-12-06,AA,DEN,SEA,1815,1815,7.0,13,1923,1923,12.0,0,0,68.0,46.0,166.0
2023-11-24,DL,DEN,JFK,840,840,48.0,19,1024,1024,48.0,0,0,104.0,76.0,659.0
2023-08-21,WN,ORD,DFW,755,755,-12.0,22,1215,1215,3.0,0,0,260.0,230.0,1778.0
2023-07-27,UA,EWR,ATL,1935,1935,-5.0,18,54,54,5.0,0,0,319.0,293.0,2346.0
2023-10-28,DL,LAX,JFK,805,805,-8.0,26,1001,1001,-1.0,0,0,116.0,79.0,765.0
2023-01-04,WN,JFK,DEN,645,645,4.0,27,1049,1049,-3.0,0,0,244.0,210.0,1441.0
2023-01-25,UA,DFW,SEA,730,730,13.0,23,1025,1025,8.0,0,0,175.0,142.0,993.0
2023-09-27,NK,ATL,LAX,755,755,-1.0,30,1155,1155,-11.0,0,0,240.0,199.0,1465.0
2023-02-02,WN,CLT,PHX,1215,1215,-12.0,33,1827,1827,-4.0,0,0,372.0,328.0,2617.0
2023-06-22,DL,DFW,PHX,1910,1910,-16.0,27,2019,2019,-8.0,0,0,69.0,33.0,239.0
2023-05-28,AA,IAH,EWR,1100,1100,4.0,17,1439,1439,4.0,0,0,219.0,193.0,1590.0
2023-08-02,DL,MIA,IAH,820,820,-3.0,26,1202,1202,,0,0,222.0,185.0,1526.0
2023-01-02,AS,MCO,SEA,1010,1010,9.0,28,1547,1547,6.0,0,0,337.0,304.0,2377.0
2023-02-10,DL,MCO,LAS,1455,1455,-2.0,9,2027,2027,-4.0,0,0,332.0,314.0,2310.0
2023-06-15,AA,DEN,ORD,1130,1130,89.0,27,1355,1355,90.0,0,0,145.0,109.0,894.0
2023-02-04,B6,EWR,IAH,2020,2020,24.0,17,53,53,17.0,0,0,273.0,247.0,1815.0
2023-02-24,DL,DEN,ATL,1805,1805,30.0,9,1922,1922,5.0,0,0,77.0,63.0,250.0
2023-01-06,WN,LAX,SFO,935,935,-37.0,21,1146,1146,-15.0,0,0,131.0,100.0,670.0
2023-09-21,WN,ORD,CLT,810,810,-16.0,34,1423,1423,-16.0,0,0,373.0,334.0,2628.0
2023-06-15,AA,DFW,IAH,2200,2200,-7.0,30,0,0,1.0,0,0,120.0,85.0,780.0
2023-07-04,B6,MCO,JFK,945,945,13.0,26,1439,1439,12.0,0,0,294.0,261.0,2061.0
2023-06-12,WN,DEN,EWR,2110,2110,-2.0,30,2345,2345,2.0,0,0,155.0,117.0,925.0
2023-08-26,UA,CLT,EWR,2045,2045,39.0,8,2302,2302,14.0,0,0,137.0,125.0,729.0
2023-01-07,B6,LAX,JFK,1140,1140,-5.0,33,1522,1522,-4.0,0,0,222.0,184.0,1384.0
2023-11-05,AA,ORD,SFO,640,640,-3.0,11,1312,1312,-5.0,0,0,392.0,370.0,2711.0
2023-12-26,WN,CLT,SFO,1835,1835,13.0,26,22,22,15.0,0,0,347.0,317.0,2623.0
2023-12-24,UA,ATL,SFO,1140,1140,-1.0,27,1316,1316,,0,0,96.0,65.0,248.0
2023-02-05,NK,MCO,SFO,2010,2010,-20.0,20,2121,2121,-6.0,0,0,71.0,45.0,187.0
2023-10-30,NK,EWR,IAH,1550,1550,9.0,26,1650,1650,9.0,0,0,60.0,24.0,171.0
2023-07-16,AA,JFK,MCO,825,825,10.0,20,1339,1339,11.0,0,0,314.0,286.0,2394.0
2023-03-10,DL,LAX,ORD,2025,2025,-9.0,29,229,229,-13.0,0,0,364.0,325.0,2634.0
2023-04-28,AS,SEA,DEN,1925,1925,-8.0,27,2313,2313,-9.0,0,0,228.0,191.0,1503.0
2023-12-10,DL,DFW,LAS,1135,1135,-40.0,16,1717,1717,-21.0,0,0,342.0,318.0,2443.0
2023-12-29,WN,LAS,MCO,640,640,15.0,32,1234,1234,12.0,0,0,354.0,316.0,2560.0
2023-04-13,AA,IAH,MIA,1645,1645,-14.0,30,1746,1746,-4.0,0,0,61.0,27.0,169.0
2023-10-15,WN,ATL,DFW,2150,2150,9.0,27,304,304,16.0,0,0,314.0,282.0,2358.0
2023-04-29,DL,MIA,ATL,1915,1915,-2.0,18,16,16,7.0,0,0,301.0,279.0,2145.0
2023-04-15,B6,MIA,DEN,2200,2200,-1.0,26,2302,2302,-12.0,0,0,62.0,31.0,204.0
2023-12-10,F9,DEN,PHX,725,725,58.0,24,1152,1152,65.0,0,0,267.0,234.0,1821.0
2023-03-13,AS,JFK,DEN,2000,2000,-17.0,20,2128,2128,-7.0,0,0,88.0,57.0,591.0
2023-05-13,UA,DEN,IAH,1935,1935,-6.0,28,2150,2150,-5.0,0,0,135.0,100.0,835.0
2023-07-30,AA,JFK,PHX,1950,1950,29.0,15,201,201,39.0,0,0,371.0,351.0,2665.0
2023-07-22,WN,MCO,ORD,625,625,-13.0,9,941,941,-14.0,0,0,196.0,179.0,1208.0
2023-06-13,WN,DFW,ORD,1730,1730,-18.0,20,2035,2035,1.0,0,0,185.0,157.0,1084.0
2023-05-16,F9,ATL,CLT,1225,1225,130.0,16,1654,1654,138.0,0,0,269.0,249.0,1687.0
2023-09-27,UA,JFK,EWR,2100,2100,13.0,17,132,132,12.0,0,0,272.0,244.0,1912.0
2023-03-04,B6,SEA,LAX,2025,2025,11.0,23,2154,2154,5.0,0,0,89.0,61.0,403.0
2023-07-18,UA,PHX,DEN,915,915,10.0,15,1226,1226,2.0,0,0,191.0,172.0,1008.0
2023-05-22,AS,LAS,JFK,705,705,-8.0,32,930,930,2.0,0,0,145.0,106.0,757.0
2023-01-19,AS,JFK,SEA,845,845,-12.0,31,1324,1324,-13.0,0,0,279.0,237.0,1916.0
2023-05-24,DL,PHX,SFO,640,640,-14.0,11,1143,1143,5.0,0,0,303.0,287.0,2154.0
2023-03-24,AS,LAX,SEA,2020,2020,-1.0,15,17,17,8.0,0,0,237.0,214.0,1572.0
2023-10-18,WN,SFO,SEA,2020,2020,6.0,8,2328,2328,3.0,0,0,188.0,173.0,1222.0
2023-11-26,UA,MCO,ORD,1310,1310,9.0,8,1530,1530,19.0,0,0,140.0,124.0,737.0
2023-07-06,AA,SFO,DFW,1910,1910,10.0,31,2005,2005,20.0,0,0,55.0,19.0,163.0
2023-02-11,AS,ORD,DFW,1125,1125,-19.0,9,1412,1412,-5.0,0,0,167.0,153.0,1116.0
2023-09-25,B6,MIA,ATL,1955,1955,19.0,24,2311,2311,11.0,0,0,196.0,161.0,1200.0
2023-04-01,DL,EWR,CLT,1635,1635,11.0,8,2258,2258,22.0,0,0,383.0,366.0,2776.0
2023-08-05,AS,MCO,LAX,1930,1930,12.0,18,2038,2038,11.0,0,0,68.0,44.0,211.0
2023-07-10,WN,ORD,PHX,1825,1825,18.0,23,2203,2203,30.0,0,0,218.0,191.0,1419.0
2023-07-30,AA,DEN,CLT,920,920,-14.0,27,1259,1259,-8.0,0,0,219.0,182.0,1367.0
2023-11-15,DL,SFO,PHX,945,945,12.0,17,1434,1434,11.0,0,0,289.0,266.0,1989.0
2023-01-10,WN,CLT,ATL,2035,2035,21.0,19,2212,2212,25.0,0,0,97.0,73.0,405.0
2023-05-19,UA,ORD,SEA,2105,2105,-7.0,30,57,57,-4.0,0,0,232.0,192.0,1602.0
2023-02-04,DL,EWR,JFK,1045,1045,1.0,12,1333,1333,-1.0,0,0,168.0,151.0,799.0
2023-01-14,NK,SEA,ATL,1010,1010,11.0,28,1534,1534,0.0,0,0,324.0,289.0,2335.0
2023-10-28,DL,EWR,IAH,1740,1740,-3.0,10,2143,2143,9.0,0,0,243.0,224.0,1705.0
2023-05-26,B6,MCO,DFW,715,715,5.0,22,1226,1226,0.0,0,0,311.0,279.0,2255.0
2023-06-10,AA,PHX,ATL,1635,1635,-32.0,11,2206,2206,-20.0,0,0,331.0,311.0,2408.0
2023-02-15,NK,MIA,LAX,2115,2115,91.0,9,2330,2330,85.0,0,0,135.0,122.0,814.0
2023-09-21,DL,LAS,ORD,640,640,-7.0,15,1218,1218,3.0,0,0,338.0,313.0,2368.0
2023-10-08,UA,LAS,MCO,1120,1120,21.0,31,1659,1659,27.0,0,0,339.0,297.0,2422.0
2023-02-09,AA,ORD,DFW,1055,1055,12.0,18,1328,1328,12.0,0,0,153.0,125.0,902.0
2023-05-04,AA,SFO,LAX,945,945,-14.0,9,1113,1113,-16.0,0,0,88.0,74.0,464.0
2023-07-07,DL,DEN,CLT,1020,1020,-10.0,23,1217,1217,2.0,0,0,117.0,86.0,540.0
2023-10-03,DL,ORD,LAX,1455,1455,8.0,10,1926,1926,17.0,0,0,271.0,251.0,1724.0
2023-11-25,WN,JFK,SEA,1620,1620,-10.0,24,1832,1832,-5.0,0,0,132.0,97.0,623.0
2023-03-02,WN,ATL,DEN,715,715,7.0,23,1301,1301,5.0,0,0,346.0,316.0,2418.0
2023-11-08,DL,ORD,LAS,1045,1045,-3.0,18,1656,1656,-6.0,0,0,371.0,343.0,2702.0
2023-02-13,WN,EWR,CLT,645,645,66.0,11,948,948,74.0,0,0,183.0,163.0,1072.0
2023-04-28,DL,CLT,ORD,845,845,4.0,17,1359,1359,-1.0,0,0,314.0,293.0,2124.0
2023-12-28,UA,MIA,ATL,1010,1010,-3.0,15,1203,1203,-7.0,0,0,113.0,87.0,802.0
2023-03-23,WN,MIA,DFW,710,710,8.0,30,920,920,2.0,0,0,130.0,92.0,758.0
2023-11-23,F9,LAS,DFW,605,605,4.0,28,731,731,-0.0,0,0,86.0,49.0,208.0
2023-03-12,AA,ORD,JFK,1050,1050,7.0,34,1658,1658,10.0,0,0,368.0,326.0,2636.0
2023-10-04,DL,PHX,JFK,705,705,-14.0,34,949,949,-15.0,0,0,164.0,120.0,959.0
2023-10-17,WN,SEA,IAH,1720,1720,-1.0,24,2247,2247,2.0,0,0,327.0,295.0,2324.0
2023-04-30,B6,ATL,JFK,1445,1445,0.0,25,2110,2110,4.0,0,0,385.0,352.0,2745.0
2023-06-14,UA,LAX,EWR,1555,1555,11.0,31,1905,1905,15.0,0,0,190.0,153.0,979.0
2023-01-16,AS,MCO,SEA,1115,1115,-1.0,20,1724,1724,2.0,0,0,369.0,338.0,2707.0
2023-03-30,AA,LAX,LAS,2010,2010,-4.0,14,2341,2341,3.0,0,0,211.0,189.0,1338.0
2023-08-13,B6,DEN,CLT,1010,1010,-23.0,12,1404,1404,-4.0,0,0,234.0,212.0,1583.0
2023-04-05,AA,EWR,DEN,1610,1610,17.0,22,1803,1803,12.0,0,0,113.0,85.0,620.0
2023-06-29,AA,MCO,SEA,1515,1515,-9.0,13,2026,2026,-9.0,0,0,311.0,290.0,2346.0
2023-08-13,AS,DEN,IAH,1615,1615,-7.0,13,2028,2028,5.0,0,0,253.0,233.0,1673.0
2023-10-24,AA,SFO,CLT,2155,2155,21.0,30,115,115,18.0,0,0,200.0,165.0,1341.0
2023-02-27,WN,CLT,DEN,1450,1450,-11.0,14,1735,1735,-10.0,0,0,165.0,147.0,1025.0
2023-03-24,WN,PHX,ORD,2255,2255,3.0,34,413,413,15.0,0,0,318.0,280.0,2198.0
2023-09-21,AA,LAX,PHX,2250,2250,15.0,10,156,156,18.0,0,0,186.0,166.0,1113.0
2023-02-13,B6,ATL,LAS,2025,2025,6.0,18,159,159,,0,0,334.0,307.0,2314.0
2023-04-07,AA,IAH,DFW,1110,1110,-0.0,13,1722,1722,1.0,0,0,372.0,348.0,2679.0
2023-05-04,AA,SFO,LAS,1615,1615,22.0,29,2110,2110,19.0,0,0,295.0,257.0,2044.0
2023-05-14,AA,DEN,SEA,2015,2015,-9.0,12,2136,2136,-5.0,0,0,81.0,65.0,244.0
2023-02-27,AS,MIA,LAS,810,810,4.0,14,1244,1244,4.0,0,0,274.0,249.0,1960.0
2023-04-28,UA,ORD,JFK,1105,1105,9.0,12,1418,1418,7.0,0,0,193.0,172.0,1262.0
2023-03-09,NK,MCO,EWR,1635,1635,-7.0,31,2044,2044,-5.0,0,0,249.0,207.0,1660.0
2023-02-21,NK,PHX,CLT,1550,1550,12.0,16,1656,1656,17.0,0,0,66.0,45.0,156.0
2023-04-30,WN,DEN,DFW,615,615,90.0,25,936,936,100.0,0,0,201.0,165.0,1225.0
2023-06-10,AS,EWR,CLT,605,605,-1.0,19,1243,1243,,0,0,398.0,374.0,2701.0
2023-05-17,UA,JFK,ORD,1330,1330,7.0,16,1616,1616,3.0,0,0,166.0,140.0,1062.0
2023-08-06,DL,DFW,DEN,2030,2030,6.0,28,2222,2222,14.0,0,0,112.0,80.0,581.0
2023-11-10,AA,ORD,DFW,915,915,9.0,21,1051,1051,6.0,0,0,96.0,70.0,440.0
2023-08-21,AS,MIA,MCO,2025,2025,26.0,24,45,45,40.0,0,0,260.0,225.0,1763.0
2023-03-02,WN,MCO,IAH,1255,1255,-23.0,26,1540,1540,-12.0,0,0,165.0,133.0,1086.0
2023-09-15,DL,JFK,ATL,1155,1155,1.0,26,1817,1817,7.0,0,0,382.0,350.0,2728.0
2023-01-26,UA,JFK,SEA,1545,1545,-2.0,18,2045,2045,-3.0,0,0,300.0,277.0,2067.0
2023-02-04,AA,DEN,SEA,1905,1905,3.0,13,1,1,2.0,0,0,296.0,277.0,2107.0
2023-08-01,DL,MCO,DFW,2155,2155,-1.0,19,252,252,8.0,0,0,297.0,273.0,2138.0
2023-04-14,AA,SEA,EWR,1205,1205,-15.0,22,1445,1445,-6.0,0,0,160.0,132.0,936.0
2023-03-16,AA,PHX,CLT,2130,2130,9.0,13,308,308,8.0,0,0,338.0,320.0,2517.0
2023-04-16,WN,ORD,DFW,910,910,45.0,24,1155,1155,42.0,0,0,165.0,132.0,1124.0
2023-11-26,AS,JFK,DEN,1225,1225,-16.0,23,1827,1827,-14.0,0,0,362.0,329.0,2612.0
2023-10-15,AA,MIA,MCO,1905,1905,-26.0,26,20,20,-9.0,0,0,315.0,279.0,2161.0
2023-05-30,AA,ORD,MCO,2245,2245,-13.0,15,516,516,-6.0,0,0,391.0,370.0,2682.0
2023-11-21,AA,DFW,LAS,2225,2225,-17.0,34,46,46,-4.0,0,0,141.0,102.0,694.0
2023-02-08,F9,EWR,IAH,1205,1205,5.0,34,1506,1506,7.0,0,0,181.0,139.0,1215.0
2023-09-30,UA,IAH,DEN,2225,2225,5.0,13,106,106,20.0,0,0,161.0,139.0,910.0
2023-11-16,AA,LAS,SFO,840,840,11.0,27,1416,1416,13.0,0,0,336.0,305.0,2232.0
2023-12-31,AS,PHX,CLT,845,845,-18.0,32,1155,1155,-19.0,0,0,190.0,154.0,1088.0
2023-10-12,WN,DFW,PHX,1330,1330,2.0,20,1449,1449,1.0,0,0,79.0,54.0,348.0
2023-08-09,UA,JFK,SFO,540,540,15.0,27,807,807,3.0,0,0,147.0,110.0,880.0
2023-09-04,F9,CLT,DFW,1910,1910,-4.0,12,18,18,8.0,0,0,308.0,286.0,2149.0
2023-01-26,DL,MIA,MCO,505,505,-46.0,16,750,750,-22.0,0,0,165.0,145.0,1008.0
2023-12-18,DL,JFK,PHX,800,800,15.0,9,1323,1323,10.0,0,0,323.0,303.0,2360.0
2023-01-19,WN,ATL,MIA,730,730,-17.0,9,955,955,-7.0,0,0,145.0,132.0,730.0
2023-04-07,AA,DFW,DEN,1910,1910,8.0,16,2250,2250,-2.0,0,0,220.0,196.0,1344.0
2023-05-30,NK,SEA,LAX,900,900,-0.0,15,1043,1043,-1.0,0,0,103.0,82.0,518.0
2023-05-06,WN,MCO,PHX,2115,2115,-5.0,20,2257,2257,-7.0,0,0,102.0,76.0,450.0
2023-01-26,UA,DFW,MIA,1220,1220,-32.0,26,1851,1851,-28.0,0,0,391.0,360.0,2790.0
2023-06-01,DL,CLT,IAH,1720,1720,-10.0,31,2033,2033,-13.0,0,0,193.0,152.0,1310.0
2023-08-26,AA,DFW,MIA,2155,2155,16.0,28,435,435,17.0,0,0,400.0,361.0,2751.0
2023-05-02,DL,ORD,SEA,2230,2230,-5.0,32,341,341,4.0,0,0,311.0,274.0,2016.0
2023-11-27,AA,MIA,SFO,845,845,12.0,13,1223,1223,5.0,0,0,218.0,194.0,1248.0
2023-10-24,WN,ATL,EWR,1335,1335,-7.0,15,1654,1654,0.0,0,0,199.0,174.0,1211.0
2023-12-01,WN,LAX,SFO,1345,1345,2.0,14,2001,2001,2.0,0,0,376.0,355.0,2691.0
2023-11-14,NK,LAX,ORD,1040,1040,-14.0,12,1128,1128,1.0,0,0,48.0,25.0,180.0
2023-01-08,WN,JFK,MCO,600,600,42.0,20,721,721,53.0,0,0,81.0,57.0,
2023-11-27,AA,EWR,IAH,555,555,-3.0,8,958,958,-13.0,0,0,243.0,227.0,1590.0
2023-04-26,DL,JFK,DFW,2130,2130,-8.0,18,2258,2258,5.0,0,0,88.0,64.0,492.0
2023-02-05,NK,MIA,LAX,820,820,-10.0,18,1427,1427,-9.0,0,0,367.0,339.0,2649.0
2023-05-04,AA,LAX,EWR,1910,1910,10.0,34,2119,2119,0.0,0,0,129.0,85.0,635.0
2023-07-26,UA,LAX,PHX,1830,1830,27.0,24,35,35,24.0,0,0,365.0,337.0,2480.0
2023-04-06,WN,ORD,DEN,1715,1715,-25.0,34,1929,1929,-19.0,0,0,134.0,93.0,749.0
2023-12-07,WN,DEN,JFK,655,655,6.0,32,1235,1235,-1.0,0,0,340.0,298.0,2373.0
2023-08-07,WN,IAH,EWR,1710,1710,-1.0,25,1952,1952,7.0,0,0,162.0,128.0,1041.0
2023-01-07,NK,JFK,IAH,1600,1600,-10.0,16,1658,1658,-6.0,0,0,58.0,36.0,208.0
2023-05-29,DL,MIA,SFO,2115,2115,-2.0,27,225,225,4.0,0,0,310.0,273.0,2293.0
2023-03-08,WN,EWR,CLT,1420,1420,4.0,14,1603,1603,-1.0,0,0,103.0,84.0,485.0
2023-12-05,WN,MCO,LAS,1330,1330,-20.0,12,1949,1949,-19.0,0,0,379.0,362.0,2696.0
2023-10-05,NK,ATL,SEA,1605,1605,3.0,17,1830,1830,10.0,0,0,145.0,124.0,855.0
2023-04-03,AA,MCO,PHX,1435,1435,2.0,22,1659,1659,20.0,0,0,144.0,114.0,698.0
2023-07-27,DL,DEN,ORD,1230,1230,5.0,26,1906,1906,13.0,0,0,396.0,363.0,2772.0
2023-04-03,AA,DEN,CLT,1850,1850,11.0,29,2204,2204,11.0,0,0,194.0,156.0,1251.0
2023-05-06,AA,CLT,LAS,1610,1610,3.0,22,2035,2035,2.0,0,0,265.0,237.0,1761.0
2023-02-12,UA,LAS,PHX,2240,2240,145.0,30,438,438,149.0,0,0,358.0,322.0,2422.0
2023-03-15,AS,EWR,MCO,1940,1940,7.0,20,59,59,11.0,0,0,319.0,290.0,2233.0
2023-04-04,WN,IAH,DFW,1935,1935,276.0,24,2233,2233,268.0,0,0,178.0,145.0,970.0
2023-04-08,UA,ORD,CLT,2105,2105,143.0,23,217,217,134.0,0,0,312.0,282.0,2224.0
2023-04-24,AA,DFW,ATL,1225,1225,-24.0,30,1851,1851,-9.0,0,0,386.0,349.0,2622.0
2023-01-16,B6,CLT,ORD,525,525,-18.0,16,1111,1111,-16.0,0,0,346.0,319.0,2473.0
2023-10-17,B6,EWR,ORD,2115,2115,7.0,30,301,301,10.0,0,0,346.0,310.0,2244.0
2023-01-04,AA,PHX,CLT,1615,1615,-6.0,13,2122,2122,5.0,0,0,307.0,290.0,2155.0
2023-05-15,DL,LAX,JFK,1700,1700,-9.0,33,2246,2246,-3.0,0,0,346.0,305.0,2540.0
2023-08-28,B6,SFO,PHX,700,700,18.0,23,1127,1127,16.0,0,0,267.0,235.0,1887.0
2023-05-14,B6,EWR,PHX,655,655,106.0,15,940,940,118.0,0,0,165.0,146.0,926.0
2023-12-17,WN,SFO,DFW,1855,1855,95.0,32,2237,2237,102.0,0,0,222.0,184.0,1420.0
2023-06-13,DL,MCO,ORD,1010,1010,-4.0,25,1514,1514,7.0,0,0,304.0,274.0,2180.0
2023-11-14,DL,DEN,IAH,2130,2130,99.0,20,126,126,100.0,0,0,236.0,210.0,1605.0
2023-05-06,F9,CLT,MIA,2110,2110,14.0,13,206,206,7.0,0,0,296.0,279.0,2032.0
2023-11-27,DL,ORD,LAX,1345,1345,13.0,8,1820,1820,12.0,0,0,275.0,258.0,1981.0
2023-12-31,WN,SEA,DFW,700,700,-16.0,32,918,918,2.0,0,0,138.0,99.0,753.0
2023-03-03,DL,SFO,DFW,2035,2035,-3.0,9,2338,2338,5.0,0,0,183.0,167.0,1074.0
2023-05-25,WN,EWR,DFW,850,850,4.0,14,1338,1338,7.0,0,0,288.0,267.0,1941.0
2023-11-03,F9,JFK,SFO,2040,2040,-3.0,29,258,258,-4.0,0,0,378.0,338.0,2758.0
2023-04-21,DL,EWR,SEA,2040,2040,-4.0,19,151,151,14.0,0,0,311.0,281.0,2222.0
2023-08-23,AS,ATL,EWR,715,715,1.0,13,1011,1011,-4.0,0,0,176.0,155.0,1047.0
2023-03-22,DL,ORD,ATL,730,730,15.0,26,1011,1011,18.0,0,0,161.0,131.0,887.0
2023-10-29,WN,MIA,ATL,1555,1555,481.0,12,1949,1949,476.0,0,0,234.0,211.0,1496.0
2023-07-09,AA,DFW,CLT,1915,1915,13.0,30,2041,2041,16.0,0,0,86.0,49.0,449.0
2023-06-22,WN,LAS,PHX,2100,2100,14.0,11,2217,2217,19.0,0,0,77.0,60.0,200.0
2023-09-15,WN,SFO,ORD,1640,1640,208.0,17,1826,1826,221.0,0,0,106.0,80.0,520.0
2023-02-25,DL,CLT,EWR,1215,1215,-18.0,34,1727,1727,-10.0,0,0,312.0,272.0,2260.0
2023-08-13,WN,JFK,IAH,700,700,4.0,15,1220,1220,-8.0,0,0,320.0,298.0,2350.0
2023-01-16,WN,MIA,JFK,905,905,47.0,22,1510,1510,65.0,0,0,365.0,338.0,2591.0
2023-07-03,AA,SFO,MCO,1015,1015,6.0,28,1616,1616,-0.0,0,0,361.0,322.0,2491.0
2023-10-14,NK,LAS,DEN,2040,2040,120.0,26,2238,2238,124.0,0,0,118.0,82.0,579.0
2023-05-31,AA,SFO,SEA,2040,2040,-9.0,22,54,54,-14.0,0,0,254.0,222.0,1639.0
2023-09-27,UA,LAX,CLT,1435,1435,209.0,14,1745,1745,209.0,0,0,190.0,170.0,1209.0
2023-04-11,AA,LAX,IAH,1635,1635,13.0,32,2125,2125,4.0,0,0,290.0,254.0,1945.0
2023-07-08,WN,ORD,SEA,655,655,-2.0,32,823,823,3.0,0,0,88.0,49.0,466.0
2023-07-01,UA,ATL,LAX,1255,1255,14.0,23,1434,1434,21.0,0,0,99.0,69.0,439.0
2023-08-13,WN,IAH,DEN,2015,2015,2.0,30,206,206,13.0,0,0,351.0,310.0,2483.0
2023-03-11,WN,ATL,CLT,2020,2020,-2.0,22,2351,2351,-1.0,0,0,211.0,179.0,1293.0
2023-03-06,AA,LAX,SFO,1350,1350,-2.0,26,1756,1756,-4.0,0,0,246.0,212.0,1722.0
2023-04-19,NK,DEN,SEA,935,935,31.0,16,1400,1400,19.0,0,0,265.0,245.0,1925.0
2023-10-05,NK,PHX,JFK,1040,1040,17.0,9,1441,1441,11.0,0,0,241.0,227.0,1589.0
2023-03-07,AA,JFK,PHX,520,520,-2.0,16,701,701,-7.0,0,0,101.0,75.0,480.0
2023-11-18,AS,ATL,MIA,2220,2220,-10.0,11,231,231,-10.0,0,0,251.0,229.0,1725.0
2023-08-17,UA,IAH,ATL,935,935,111.0,22,1351,1351,108.0,0,0,256.0,223.0,1776.0
2023-04-11,UA,ATL,LAS,1145,1145,-3.0,33,1259,1259,4.0,0,0,74.0,35.0,203.0
2023-02-04,UA,SEA,EWR,505,505,17.0,29,658,658,11.0,0,0,113.0,75.0,627.0
2023-09-18,DL,MIA,DFW,1035,1035,-4.0,34,1636,1636,7.0,0,0,361.0,322.0,2526.0
2023-04-10,AS,PHX,JFK,1235,1235,-17.0,25,1613,1613,-0.0,0,0,218.0,186.0,1458.0
2023-01-29,AS,LAX,ORD,1110,1110,-25.0,31,1312,1312,-16.0,0,0,122.0,85.0,511.0
2023-04-20,DL,EWR,MCO,1825,1825,13.0,31,2030,2030,7.0,0,0,125.0,90.0,756.0
2023-09-26,WN,JFK,ATL,1455,1455,82.0,34,1916,1916,81.0,0,0,261.0,221.0,1877.0
2023-01-12,DL,IAH,DFW,2200,2200,5.0,16,2345,2345,3.0,0,0,105.0,79.0,504.0
2023-09-13,F9,ATL,EWR,1935,1935,9.0,16,2238,2238,11.0,0,0,183.0,162.0,1204.0
2023-01-24,DL,LAS,JFK,1040,1040,-7.0,9,1220,1220,-2.0,0,0,100.0,82.0,573.0
2023-04-19,WN,SEA,LAX,1345,1345,15.0,32,1612,1612,7.0,0,0,147.0,111.0,935.0
2023-03-07,WN,JFK,DEN,1015,1015,-17.0,25,1332,1332,-12.0,0,0,197.0,164.0,1205.0
2023-03-15,WN,CLT,SEA,855,855,-9.0,25,1404,1404,-17.0,0,0,309.0,278.0,2082.0
2023-05-17,WN,SEA,ATL,1230,1230,-8.0,27,1603,1603,-7.0,0,0,213.0,181.0,1406.0
2023-09-19,WN,EWR,MCO,1645,1645,-17.0,30,1739,1739,,0,0,54.0,16.0,190.0
2023-09-23,DL,MIA,JFK,930,930,-8.0,30,1245,1245,2.0,0,0,195.0,161.0,1213.0
2023-03-07,DL,EWR,PHX,1640,1640,8.0,10,2040,2040,7.0,0,0,240.0,223.0,1629.0
2023-02-07,B6,DEN,SEA,2250,2250,-5.0,30,6,6,-6.0,0,0,76.0,37.0,245.0
2023-05-05,WN,JFK,DFW,1010,1010,-9.0,16,1240,1240,-3.0,0,0,150.0,127.0,901.0
2023-04-30,AS,DFW,SFO,2055,2055,-11.0,22,115,115,-5.0,0,0,260.0,228.0,1864.0
2023-08-01,WN,SFO,DFW,1645,1645,-7.0,9,2137,2137,-4.0,0,0,292.0,274.0,2071.0
2023-02-02,UA,JFK,IAH,1820,1820,144.0,8,2200,2200,,0,0,220.0,201.0,1343.0
2023-01-28,UA,SFO,EWR,2035,2035,-13.0,18,34,34,6.0,0,0,239.0,214.0,1588.0
2023-12-29,B6,MIA,DEN,2010,2010,-7.0,25,132,132,3.0,0,0,322.0,290.0,2331.0
2023-09-03,AA,CLT,JFK,800,800,-16.0,9,1408,1408,-12.0,0,0,368.0,354.0,2577.0
2023-03-14,UA,LAX,LAS,1400,1400,-18.0,32,1935,1935,-15.0,0,0,335.0,299.0,2377.0
2023-07-10,WN,ORD,CLT,1235,1235,156.0,23,1401,1401,164.0,0,0,86.0,57.0,379.0
2023-02-26,WN,EWR,DFW,1125,1125,120.0,12,1329,1329,137.0,0,0,124.0,107.0,631.0
2023-11-22,AA,JFK,CLT,1730,1730,-26.0,19,2304,2304,-15.0,0,0,334.0,310.0,2202.0
2023-09-20,UA,EWR,LAS,1355,1355,25.0,24,1611,1611,14.0,0,0,136.0,105.0,798.0
2023-03-02,DL,LAX,SEA,635,635,-28.0,18,1216,1216,-25.0,0,0,341.0,315.0,2453.0
2023-08-21,NK,IAH,LAS,1420,1420,2.0,16,1718,1718,4.0,0,0,178.0,153.0,916.0
2023-12-20,DL,ATL,PHX,1915,1915,56.0,23,105,105,66.0,0,0,350.0,318.0,2499.0
2023-08-28,B6,LAS,DFW,1710,1710,13.0,33,2311,2311,24.0,0,0,361.0,318.0,2632.0
2023-08-26,F9,MCO,ATL,640,640,-18.0,34,854,854,-8.0,0,0,134.0,95.0,809.0
2023-12-04,UA,LAS,ORD,1640,1640,1.0,15,1850,1850,1.0,0,0,130.0,108.0,762.0
2023-02-04,F9,DFW,MCO,2135,2135,-5.0,34,2247,2247,5.0,0,0,72.0,29.0,202.0
2023-01-16,AA,SFO,ORD,2125,2125,14.0,9,345,345,16.0,0,0,380.0,362.0,2722.0
2023-02-24,AA,JFK,LAX,820,820,16.0,34,1106,1106,10.0,0,0,166.0,123.0,1074.0
2023-04-14,DL,CLT,MCO,930,930,-14.0,23,1536,1536,-11.0,0,0,366.0,335.0,2693.0
2023-02-03,AS,ORD,MIA,655,655,-19.0,10,1159,1159,-11.0,0,0,304.0,288.0,2055.0
2023-11-16,AA,SEA,LAS,935,935,-0.0,32,1358,1358,1.0,0,0,263.0,225.0,1805.0
2023-07-08,UA,CLT,LAX,2055,2055,3.0,33,14,14,-4.0,0,0,199.0,162.0,1256.0
2023-12-28,WN,MIA,ATL,1805,1805,-8.0,20,2224,2224,3.0,0,0,259.0,231.0,1968.0
2023-10-02,B6,JFK,LAS,2240,2240,26.0,33,42,42,17.0,0,0,122.0,84.0,716.0
2023-06-17,AA,MIA,EWR,730,730,20.0,12,1159,1159,17.0,0,0,269.0,252.0,1681.0
2023-10-16,UA,MIA,MCO,720,720,-15.0,14,958,958,-4.0,0,0,158.0,133.0,785.0
2023-06-12,F9,LAX,IAH,1325,1325,-1.0,23,1745,1745,-2.0,0,0,260.0,228.0,1711.0
2023-10-16,DL,ORD,SEA,1815,1815,4.0,23,2348,2348,10.0,0,0,333.0,302.0,2212.0
2023-07-14,WN,ORD,MCO,700,700,202.0,8,1019,1019,216.0,0,0,199.0,182.0,1309.0
2023-11-19,WN,MCO,ORD,720,720,-15.0,14,831,831,-15.0,0,0,71.0,49.0,187.0
2023-11-17,AA,IAH,ORD,2140,2140,-19.0,28,15,15,-6.0,0,0,155.0,119.0,961.0
2023-07-02,UA,MIA,DFW,950,950,-4.0,13,1248,1248,-4.0,0,0,178.0,154.0,1055.0
2023-01-12,WN,SEA,MCO,945,945,2.0,15,1153,1153,1.0,0,0,128.0,109.0,489.0
2023-10-17,F9,SEA,ATL,2015,2015,-5.0,24,2243,2243,8.0,0,0,148.0,119.0,822.0
2023-11-09,AA,EWR,PHX,1905,1905,66.0,31,2147,2147,66.0,0,0,162.0,125.0,944.0
2023-11-18,WN,IAH,CLT,1025,1025,-1.0,19,1140,1140,-2.0,0,0,75.0,46.0,207.0
2023-06-09,AA,DFW,EWR,1550,1550,16.0,11,1713,1713,34.0,0,0,83.0,64.0,332.0
2023-07-28,AA,DEN,CLT,1615,1615,10.0,16,2000,2000,12.0,0,0,225.0,203.0,1363.0
2023-03-14,AS,MCO,SEA,2200,2200,8.0,11,304,304,12.0,0,0,304.0,282.0,2193.0
2023-03-15,UA,CLT,DEN,820,820,2.0,20,1233,1233,1.0,0,0,253.0,226.0,1570.0
2023-03-21,AS,MCO,ATL,1020,1020,3.0,31,1220,1220,9.0,0,0,120.0,79.0,632.0
2023-07-31,DL,EWR,ORD,950,950,-7.0,24,1526,1526,4.0,0,0,336.0,308.0,2328.0
2023-10-10,DL,JFK,DEN,750,750,-9.0,11,1152,1152,-5.0,0,0,242.0,227.0,1795.0
2023-05-24,DL,EWR,DEN,1640,1640,-5.0,14,2223,2223,-4.0,0,0,343.0,320.0,2507.0
2023-06-17,WN,MIA,IAH,1955,1955,-14.0,11,108,108,-5.0,0,0,313.0,294.0,2189.0
2023-12-23,F9,MIA,LAS,1240,1240,22.0,30,1718,1718,18.0,0,0,278.0,239.0,1956.0
2023-02-04,WN,SEA,DEN,1525,1525,-25.0,32,1801,1801,-15.0,0,0,156.0,113.0,1054.0
2023-05-19,AA,PHX,CLT,1705,1705,-9.0,10,1934,1934,-1.0,0,0,149.0,133.0,902.0
2023-03-23,WN,ATL,LAX,905,905,102.0,23,1040,1040,115.0,0,0,95.0,65.0,571.0
2023-02-22,AS,IAH,MIA,910,910,1.0,32,1501,1501,12.0,0,0,351.0,313.0,2514.0
2023-02-16,DL,SEA,LAX,1930,1930,8.0,8,102,102,6.0,0,0,332.0,316.0,2521.0
2023-03-20,DL,CLT,MIA,1840,1840,-14.0,13,2222,2222,-13.0,0,0,222.0,202.0,1435.0
2023-02-06,AA,EWR,CLT,1900,1900,8.0,22,15,15,15.0,0,0,315.0,286.0,2217.0
2023-04-01,AA,DEN,ORD,945,945,12.0,12,1256,1256,5.0,0,0,191.0,172.0,1123.0
2023-04-11,AA,ORD,DFW,1415,1415,-13.0,12,1859,1859,5.0,0,0,284.0,263.0,1719.0
2023-05-29,B6,DEN,EWR,1400,1400,31.0,19,2004,2004,11.0,0,0,364.0,337.0,2592.0
2023-03-10,B6,PHX,LAX,1250,1250,16.0,33,1639,1639,8.0,0,0,229.0,192.0,1362.0
2023-12-22,AA,DEN,ATL,640,640,-12.0,9,754,754,-2.0,0,0,74.0,58.0,203.0
2023-01-17,B6,ATL,DEN,725,725,-4.0,30,1235,1235,1.0,0,0,310.0,271.0,2227.0
2023-01-08,WN,EWR,DFW,705,705,7.0,32,1109,1109,5.0,0,0,244.0,203.0,1608.0
2023-05-28,WN,ATL,LAX,2150,2150,20.0,20,246,246,16.0,0,0,296.0,272.0,2061.0
2023-09-12,F9,IAH,SFO,1135,1135,17.0,10,1653,1653,4.0,0,0,318.0,297.0,2191.0
2023-08-14,WN,ORD,IAH,1315,1315,-7.0,32,1456,1456,9.0,0,0,101.0,62.0,501.0
2023-06-26,B6,DFW,SFO,1415,1415,144.0,23,1704,1704,153.0,0,0,169.0,140.0,1105.0
2023-11-11,DL,EWR,ATL,730,730,-3.0,24,925,925,-16.0,0,0,115.0,80.0,517.0
2023-09-29,WN,ATL,DEN,1605,1605,12.0,8,2046,2046,21.0,0,0,281.0,269.0,1953.0
2023-11-22,UA,IAH,DEN,930,930,-1.0,26,1350,1350,5.0,0,0,260.0,228.0,1829.0
2023-10-18,B6,DFW,CLT,1635,1635,22.0,12,1830,1830,,0,0,115.0,95.0,508.0
2023-11-02,UA,EWR,SFO,2150,2150,20.0,25,228,228,16.0,0,0,278.0,244.0,1766.0
2023-12-01,UA,MCO,SEA,1445,1445,29.0,30,1552,1552,29.0,0,0,67.0,32.0,252.0
2023-09-27,UA,SEA,EWR,2110,2110,5.0,22,34,34,3.0,0,0,204.0,171.0,1389.0
2023-11-02,UA,ORD,SFO,1325,1325,11.0,30,1700,1700,10.0,0,0,215.0,174.0,1376.0
2023-08-13,WN,DFW,CLT,1610,1610,15.0,30,2107,2107,31.0,0,0,297.0,260.0,2032.0
2023-07-02,DL,CLT,ATL,1650,1650,76.0,34,2106,2106,83.0,0,0,256.0,217.0,1753.0
2023-08-15,DL,SFO,JFK,1320,1320,-26.0,22,1921,1921,-11.0,0,0,361.0,333.0,2709.0
2023-10-02,AA,PHX,MIA,1200,1200,-0.0,9,1522,1522,6.0,0,0,202.0,184.0,1266.0
2023-12-19,WN,MCO,ATL,2140,2140,-5.0,11,101,101,12.0,0,0,201.0,184.0,1246.0
2023-07-04,WN,JFK,DEN,1925,1925,9.0,28,49,49,9.0,0,0,324.0,291.0,2176.0
2023-03-23,DL,DFW,DEN,745,745,-28.0,22,1304,1304,-17.0,0,0,319.0,292.0,2264.0
2023-02-16,AA,JFK,SFO,1930,1930,-17.0,19,2300,2300,-4.0,0,0,210.0,186.0,1486.0
2023-03-30,AA,ATL,ORD,2235,2235,125.0,33,333,333,117.0,0,0,298.0,259.0,1980.0
2023-02-09,NK,DEN,MIA,925,925,-1.0,19,1447,1447,0.0,0,0,322.0,298.0,2322.0
2023-01-14,WN,ATL,DFW,2240,2240,29.0,12,459,459,23.0,0,0,379.0,363.0,2694.0
2023-06-01,DL,EWR,LAX,2210,2210,-4.0,11,48,48,9.0,0,0,158.0,141.0,957.0
2023-06-08,UA,SEA,SFO,1240,1240,23.0,11,1802,1802,20.0,0,0,322.0,304.0,2160.0
2023-05-08,AA,SEA,ORD,1015,1015,93.0,34,1220,1220,97.0,0,0,125.0,82.0,788.0
2023-06-15,WN,SEA,JFK,500,500,-33.0,13,944,944,-18.0,0,0,284.0,267.0,2044.0
2023-01-18,B6,PHX,EWR,520,520,-1.0,18,1000,1000,5.0,0,0,280.0,253.0,1932.0
2023-04-11,DL,CLT,IAH,655,655,-22.0,12,851,851,-25.0,0,0,116.0,100.0,578.0
2023-07-24,WN,ATL,JFK,1245,1245,19.0,29,1518,1518,19.0,0,0,153.0,113.0,811.0
2023-06-02,NK,SEA,CLT,2010,2010,110.0,22,207,207,115.0,0,0,357.0,331.0,2621.0
2023-08-26,AS,ORD,ATL,1040,1040,67.0,13,1550,1550,70.0,0,0,310.0,293.0,2090.0
2023-09-15,B6,EWR,LAS,1850,1850,259.0,27,8,8,258.0,0,0,318.0,284.0,2163.0
2023-01-04,UA,MIA,DEN,1415,1415,2.0,12,1926,1926,0.0,0,0,311.0,288.0,2048.0
2023-01-28,AS,MIA,ATL,1350,1350,-2.0,9,1810,1810,-8.0,0,0,260.0,246.0,1726.0
2023-04-11,AA,ORD,CLT,1550,1550,-4.0,16,1914,1914,6.0,0,0,204.0,180.0,1377.0
2023-10-07,WN,IAH,PHX,1630,1630,-10.0,11,1902,1902,-15.0,0,0,152.0,135.0,792.0
2023-07-21,UA,ATL,LAX,1315,1315,-19.0,10,1728,1728,-18.0,0,0,253.0,233.0,1659.0
2023-03-29,WN,LAS,SEA,1750,1750,-7.0,22,2222,2222,-0.0,0,0,272.0,244.0,1795.0
2023-08-30,AA,PHX,IAH,745,745,2.0,9,947,947,-8.0,0,0,122.0,102.0,734.0
2023-05-22,F9,ATL,LAX,1840,1840,-5.0,24,2236,2236,-2.0,0,0,236.0,201.0,1500.0
2023-10-01,B6,ATL,IAH,1840,1840,-25.0,29,1952,1952,-14.0,0,0,72.0,38.0,286.0
2023-07-22,DL,DFW,LAX,1640,1640,-10.0,10,2301,2301,-11.0,0,0,381.0,365.0,2698.0
2023-10-31,WN,DEN,MCO,2115,2115,-1.0,33,207,207,-2.0,0,0,292.0,254.0,
2023-11-07,AS,EWR,DFW,2145,2145,89.0,18,405,405,85.0,0,0,380.0,351.0,2789.0
2023-10-22,AS,ORD,DFW,945,945,11.0,20,1528,1528,9.0,0,0,343.0,316.0,2415.0
2023-01-17,AS,DEN,DFW,2150,2150,25.0,23,57,57,6.0,0,0,187.0,157.0,1201.0
2023-10-30,AA,SFO,IAH,1020,1020,10.0,27,1551,1551,4.0,0,0,331.0,296.0,2441.0
2023-12-27,AS,EWR,CLT,815,815,-14.0,22,1153,1153,-4.0,0,0,218.0,187.0,1366.0
2023-02-26,AS,IAH,MIA,1840,1840,-4.0,9,2254,2254,-6.0,0,0,254.0,241.0,1710.0
2023-10-06,WN,ORD,SEA,500,500,40.0,29,1015,1015,42.0,0,0,315.0,278.0,2077.0
2023-04-08,F9,DEN,DFW,955,955,113.0,25,1349,1349,122.0,0,0,234.0,205.0,1562.0
2023-02-12,WN,ATL,DFW,1705,1705,4.0,31,2104,2104,6.0,0,0,239.0,197.0,1568.0
2023-07-17,AA,JFK,SFO,850,850,-2.0,33,1034,1034,-5.0,0,0,104.0,67.0,566.0
2023-03-31,WN,MIA,DFW,525,525,-5.0,29,925,925,6.0,0,0,240.0,207.0,1585.0
2023-05-05,AA,CLT,SFO,2135,2135,13.0,26,148,148,5.0,0,0,253.0,222.0,1703.0
2023-05-29,AS,DFW,PHX,1735,1735,-24.0,21,2125,2125,-6.0,0,0,230.0,200.0,1460.0
2023-12-26,B6,DEN,MCO,935,935,-4.0,14,1056,1056,10.0,0,0,81.0,60.0,193.0
2023-08-03,AA,DFW,SFO,1900,1900,19.0,14,2226,2226,22.0,0,0,206.0,182.0,1438.0
2023-11-13,B6,ORD,LAS,1120,1120,-4.0,15,1452,1452,7.0,0,0,212.0,193.0,1452.0
2023-05-08,DL,LAX,DEN,2015,2015,-7.0,32,155,155,5.0,0,0,340.0,304.0,2414.0
2023-12-30,DL,ATL,ORD,610,610,-13.0,14,921,921,-10.0,0,0,191.0,169.0,1054.0
2023-12-11,B6,SEA,DFW,2055,2055,15.0,25,2219,2219,19.0,0,0,84.0,48.0,311.0
2023-06-05,AA,PHX,IAH,1105,1105,9.0,20,1412,1412,10.0,0,0,187.0,159.0,1217.0
2023-08-25,UA,PHX,MCO,500,500,-5.0,19,704,704,-3.0,0,0,124.0,96.0,608.0
2023-05-17,F9,LAS,DEN,825,825,12.0,16,1145,1145,11.0,0,0,200.0,177.0,1215.0
2023-11-22,NK,PHX,LAX,1640,1640,24.0,21,2004,2004,31.0,0,0,204.0,178.0,1287.0
2023-04-06,UA,LAX,SEA,1345,1345,8.0,31,1744,1744,2.0,0,0,239.0,200.0,1683.0
2023-12-14,AA,EWR,DEN,1405,1405,7.0,20,1903,1903,3.0,0,0,298.0,274.0,2108.0
2023-05-13,WN,MIA,IAH,2015,2015,5.0,15,2234,2234,0.0,0,0,139.0,119.0,849.0
2023-06-23,UA,PHX,DFW,1735,1735,190.0,13,1946,1946,178.0,0,0,131.0,113.0,723.0
2023-09-25,AS,MCO,MIA,1910,1910,-15.0,16,2329,2329,-14.0,0,0,259.0,234.0,1729.0
2023-02-06,UA,ORD,MCO,730,730,-4.0,16,1212,1212,-10.0,0,0,282.0,257.0,1967.0
2023-11-09,DL,PHX,ATL,940,940,0.0,33,1316,1316,12.0,0,0,216.0,172.0,1407.0
2023-04-12,WN,PHX,SFO,1400,1400,-24.0,20,1548,1548,-17.0,0,0,108.0,78.0,484.0
2023-02-02,AA,JFK,SFO,1530,1530,134.0,34,1814,1814,137.0,0,0,164.0,126.0,870.0
2023-04-08,WN,JFK,SFO,915,915,10.0,34,1222,1222,9.0,0,0,187.0,144.0,1112.0
2023-06-08,UA,ATL,LAX,1615,1615,9.0,30,2206,2206,9.0,0,0,351.0,311.0,2530.0
2023-06-30,B6,LAX,ORD,1150,1150,1.0,26,1744,1744,7.0,0,0,354.0,320.0,2456.0
2023-06-06,AA,PHX,SEA,1715,1715,-8.0,18,2144,2144,-9.0,0,0,269.0,246.0,1744.0
2023-03-09,WN,PHX,SEA,1650,1650,-2.0,15,2110,2110,-1.0,0,0,260.0,236.0,1814.0
2023-12-03,WN,DEN,IAH,640,640,-1.0,31,1106,1106,-10.0,0,0,266.0,224.0,1822.0
2023-02-13,AA,SEA,ATL,2100,2100,29.0,18,305,305,22.0,0,0,365.0,343.0,2514.0
2023-03-12,B6,DEN,JFK,955,955,9.0,26,1430,1430,8.0,0,0,275.0,244.0,1731.0
2023-10-20,UA,IAH,EWR,1045,1045,-1.0,20,1416,1416,0.0,0,0,211.0,181.0,1309.0
2023-06-11,NK,DEN,ATL,2215,2215,16.0,20,248,248,8.0,0,0,273.0,242.0,1747.0
2023-02-22,NK,EWR,MIA,1005,1005,9.0,12,1448,1448,12.0,0,0,283.0,260.0,1976.0
2023-12-29,WN,DFW,LAS,655,655,2.0,25,1207,1207,0.0,0,0,312.0,280.0,2199.0
2023-05-26,AA,LAS,SEA,1605,1605,-13.0,8,2052,2052,-1.0,0,0,287.0,269.0,1970.0
2023-10-11,AA,ATL,DEN,900,900,-18.0,20,1016,1016,2.0,0,0,76.0,48.0,208.0
2023-07-17,F9,MIA,IAH,2250,2250,18.0,26,352,352,9.0,0,0,302.0,265.0,2086.0
2023-11-26,F9,CLT,DEN,955,955,-3.0,13,1150,1150,5.0,0,0,115.0,96.0,590.0
2023-03-13,DL,CLT,LAS,1915,1915,-1.0,28,2343,2343,-7.0,0,0,268.0,232.0,1836.0
2023-06-29,UA,MCO,DFW,1335,1335,12.0,25,1953,1953,1.0,0,0,378.0,342.0,2731.0
2023-05-30,NK,MIA,IAH,2150,2150,12.0,30,2343,2343,7.0,0,0,113.0,76.0,620.0
2023-11-09,UA,SFO,CLT,1140,1140,19.0,8,1402,1402,,0,0,142.0,126.0,879.0
2023-10-06,F9,LAX,SFO,1500,1500,13.0,16,1946,1946,17.0,0,0,286.0,260.0,1911.0
2023-06-29,AA,PHX,EWR,1940,1940,-2.0,25,2113,2113,6.0,0,0,93.0,61.0,370.0
2023-04-18,UA,EWR,IAH,825,825,-9.0,21,1304,1304,-17.0,0,0,279.0,248.0,1801.0
2023-10-02,B6,SFO,LAX,1445,1445,5.0,13,1619,1619,13.0,0,0,94.0,72.0,577.0
2023-01-03,DL,LAS,DFW,1545,1545,-9.0,10,1925,1925,-10.0,0,0,220.0,202.0,1461.0
2023-04-07,DL,PHX,CLT,1020,1020,0.0,9,1417,1417,0.0,0,0,237.0,222.0,1739.0
2023-11-16,AA,PHX,EWR,1805,1805,6.0,10,2341,2341,1.0,0,0,336.0,320.0,2256.0
2023-01-22,UA,CLT,ATL,1225,1225,8.0,15,1643,1643,12.0,0,0,258.0,238.0,1786.0
2023-09-12,NK,DFW,DEN,1840,1840,-26.0,30,2208,2208,-2.0,0,0,208.0,172.0,1346.0
2023-01-07,DL,SEA,PHX,700,700,-4.0,34,1052,1052,-3.0,0,0,232.0,188.0,1492.0
2023-12-21,AS,DFW,EWR,1835,1835,27.0,25,2033,2033,19.0,0,0,118.0,89.0,507.0
2023-10-20,AA,IAH,SFO,510,510,7.0,24,746,746,4.0,0,0,156.0,126.0,1120.0
2023-09-23,WN,EWR,ORD,1555,1555,2.0,33,2031,2031,2.0,0,0,276.0,238.0,1851.0
2023-05-29,B6,CLT,LAS,940,940,-6.0,22,1134,1134,-6.0,0,0,114.0,87.0,579.0
2023-05-05,AA,JFK,PHX,850,850,13.0,14,1020,1020,17.0,0,0,90.0,65.0,325.0
2023-09-05,AA,SEA,LAS,1415,1415,-12.0,21,1929,1929,,0,0,314.0,283.0,2117.0
2023-12-13,B6,ORD,ATL,1115,1115,-10.0,23,1556,1556,-7.0,0,0,281.0,252.0,1927.0
2023-01-17,NK,CLT,JFK,1255,1255,16.0,19,1430,1430,14.0,0,0,95.0,66.0,406.0
2023-09-24,NK,SFO,LAS,520,520,-7.0,26,648,648,-4.0,0,0,88.0,56.0,384.0
2023-07-24,AS,DFW,ATL,925,925,-4.0,13,1330,1330,7.0,0,0,245.0,225.0,1617.0
2023-08-11,AA,MIA,LAX,625,625,-24.0,18,1049,1049,-19.0,0,0,264.0,240.0,1769.0
2023-05-12,WN,ORD,IAH,1600,1600,-7.0,23,1939,1939,6.0,0,0,219.0,191.0,1373.0
2023-10-06,F9,LAX,LAS,1940,1940,-2.0,32,2345,2345,7.0,0,0,245.0,202.0,1672.0
2023-04-09,UA,ORD,MIA,2120,2120,3.0,23,345,345,8.0,0,0,385.0,354.0,2788.0
2023-04-14,AS,DFW,PHX,1650,1650,152.0,28,1941,1941,151.0,0,0,171.0,132.0,1079.0
2023-03-25,AA,PHX,EWR,1710,1710,162.0,12,1817,1817,168.0,0,0,67.0,47.0,150.0
2023-01-19,AA,PHX,DEN,1440,1440,-3.0,13,1723,1723,2.0,0,0,163.0,139.0,1082.0
2023-10-01,DL,LAS,MIA,1935,1935,30.0,29,2347,2347,13.0,0,0,252.0,213.0,1657.0
2023-09-22,AA,EWR,IAH,1010,1010,5.0,27,1345,1345,15.0,0,0,215.0,184.0,1360.0
2023-10-16,DL,JFK,MIA,2205,2205,104.0,17,2303,2303,118.0,0,0,58.0,31.0,198.0
2023-02-14,AA,SFO,SEA,2255,2255,-4.0,34,449,449,2.0,0,0,354.0,315.0,2613.0
2023-06-28,WN,LAX,SEA,700,700,-19.0,34,1220,1220,-7.0,0,0,320.0,279.0,2234.0
2023-04-12,WN,ORD,ATL,615,615,23.0,12,1005,1005,22.0,0,0,230.0,209.0,1495.0
2023-08-23,WN,LAX,ORD,525,525,7.0,9,1109,1109,4.0,0,0,344.0,324.0,2327.0
2023-06-26,DL,MCO,EWR,815,815,8.0,20,1434,1434,16.0,0,0,379.0,353.0,2701.0
2023-02-03,AS,SFO,LAX,1045,1045,-33.0,32,1322,1322,-9.0,0,0,157.0,121.0,822.0
2023-09-09,WN,LAS,ORD,1505,1505,10.0,27,1905,1905,3.0,0,0,240.0,206.0,1557.0
2023-02-04,AA,LAX,SEA,1255,1255,-31.0,9,1912,1912,-11.0,0,0,377.0,362.0,2631.0
2023-04-02,AA,DEN,DFW,1435,1435,-0.0,8,1618,1618,12.0,0,0,103.0,89.0,460.0
2023-07-04,DL,LAS,IAH,1020,1020,-17.0,20,1323,1323,-8.0,0,0,183.0,152.0,1108.0
2023-02-14,AS,JFK,DFW,1115,1115,108.0,22,1658,1658,113.0,0,0,343.0,310.0,2380.0
2023-01-26,NK,SFO,LAX,1515,1515,28.0,11,2155,2155,31.0,0,0,400.0,384.0,2765.0
2023-12-29,AA,ATL,DEN,515,515,-18.0,25,940,940,-8.0,0,0,265.0,234.0,1736.0
2023-10-20,WN,PHX,SFO,1115,1115,1.0,16,1540,1540,2.0,0,0,265.0,238.0,1872.0
2023-07-28,UA,IAH,DEN,1840,1840,55.0,28,2108,2108,67.0,0,0,148.0,113.0,946.0
2023-08-29,DL,JFK,SFO,2000,2000,-1.0,21,2156,2156,2.0,0,0,116.0,86.0,571.0
2023-11-01,F9,JFK,ORD,1225,1225,10.0,18,1658,1658,10.0,0,0,273.0,249.0,1832.0
2023-04-29,AS,LAS,DEN,2030,2030,7.0,28,2238,2238,2.0,0,0,128.0,90.0,788.0
2023-12-08,UA,MCO,LAS,1955,1955,73.0,21,2111,2111,88.0,0,0,76.0,46.0,339.0
2023-10-18,DL,SEA,ATL,1925,1925,-13.0,16,130,130,-0.0,0,0,365.0,344.0,2606.0
2023-08-14,NK,CLT,ORD,1430,1430,-11.0,9,1700,1700,-1.0,0,0,150.0,135.0,992.0
2023-07-03,AA,CLT,ORD,1055,1055,-12.0,13,1726,1726,4.0,0,0,391.0,368.0,2780.0
2023-11-04,DL,LAX,SFO,1915,1915,34.0,29,2059,2059,39.0,0,0,104.0,71.0,598.0
2023-08-07,WN,PHX,IAH,835,835,-19.0,24,1129,1129,-23.0,0,0,174.0,139.0,1192.0
2023-12-10,AA,ATL,SEA,1320,1320,34.0,22,1603,1603,38.0,0,0,163.0,135.0,905.0
2023-12-04,NK,PHX,JFK,2150,2150,19.0,11,418,418,27.0,0,0,388.0,373.0,2699.0
2023-07-20,F9,DFW,CLT,905,905,18.0,12,1219,1219,6.0,0,0,194.0,178.0,1157.0
2023-02-14,NK,ORD,MCO,520,520,-6.0,34,619,619,,0,0,59.0,21.0,190.0
2023-06-29,UA,SEA,LAS,1900,1900,18.0,20,2223,2223,11.0,0,0,203.0,172.0,1419.0
2023-04-26,NK,SFO,IAH,905,905,-1.0,11,1338,1338,16.0,0,0,273.0,253.0,1866.0
2023-11-28,NK,LAS,IAH,905,905,-4.0,17,1443,1443,-6.0,0,0,338.0,311.0,2291.0
2023-05-21,UA,EWR,LAX,1100,1100,15.0,9,1458,1458,15.0,0,0,238.0,218.0,1572.0
2023-06-13,NK,ORD,SFO,1625,1625,0.0,23,1828,1828,3.0,0,0,123.0,89.0,609.0
2023-05-18,AS,DFW,MCO,1515,1515,-24.0,27,2105,2105,-18.0,0,0,350.0,316.0,2634.0
2023-05-29,AA,JFK,PHX,605,605,9.0,29,1030,1030,0.0,0,0,265.0,227.0,1738.0
2023-10-20,AA,ORD,SEA,620,620,8.0,24,921,921,-8.0,0,0,181.0,149.0,1251.0
2023-05-30,UA,LAX,IAH,630,630,-21.0,32,1135,1135,-4.0,0,0,305.0,265.0,2142.0
2023-08-12,NK,SFO,LAX,1425,1425,-8.0,25,1809,1809,-2.0,0,0,224.0,192.0,1570.0
2023-01-27,AS,PHX,SEA,1900,1900,1.0,30,2111,2111,10.0,0,0,131.0,97.0,646.0
2023-10-23,WN,JFK,PHX,1735,1735,29.0,27,2117,2117,16.0,0,0,222.0,190.0,1376.0
2023-12-21,DL,CLT,MIA,2205,2205,1.0,9,134,134,-0.0,0,0,209.0,189.0,1300.0
2023-03-06,DL,MCO,PHX,2050,2050,-7.0,17,26,26,-5.0,0,0,216.0,195.0,1337.0
2023-04-29,WN,IAH,JFK,1850,1850,9.0,20,2327,2327,-2.0,0,0,277.0,253.0,2013.0
2023-09-26,DL,ORD,SFO,1410,1410,-6.0,19,1559,1559,-4.0,0,0,109.0,85.0,550.0
2023-11-02,B6,PHX,LAX,1240,1240,19.0,23,1606,1606,8.0,0,0,206.0,177.0,1274.0
2023-09-03,AA,IAH,DEN,2230,2230,5.0,8,121,121,-4.0,0,0,171.0,152.0,1129.0
2023-11-24,WN,LAS,LAX,1045,1045,-4.0,26,1512,1512,-9.0,0,0,267.0,236.0,1985.0
2023-05-11,AA,LAS,PHX,1415,1415,-1.0,14,1736,1736,6.0,0,0,201.0,179.0,1316.0
2023-09-21,NK,ATL,EWR,1455,1455,23.0,8,2127,2127,11.0,0,0,392.0,375.0,2762.0
2023-09-30,UA,MIA,DEN,2140,2140,12.0,25,300,300,2.0,0,0,320.0,286.0,2366.0
2023-03-19,B6,ORD,JFK,745,745,23.0,14,1324,1324,18.0,0,0,339.0,321.0,2394.0
2023-03-11,DL,MCO,DFW,530,530,-8.0,16,1028,1028,-15.0,0,0,298.0,273.0,2144.0
2023-06-24,AA,ATL,SEA,2120,2120,-8.0,30,228,228,-10.0,0,0,308.0,273.0,2260.0
2023-10-16,WN,SEA,EWR,1000,1000,-14.0,17,1630,1630,-10.0,0,0,390.0,365.0,2781.0
2023-07-15,AA,IAH,EWR,1025,1025,255.0,19,1652,1652,239.0,0,0,387.0,362.0,2722.0
2023-02-19,NK,MCO,ORD,1655,1655,26.0,19,1808,1808,15.0,0,0,73.0,50.0,311.0
2023-02-04,DL,ATL,ORD,2120,2120,4.0,8,232,232,1.0,0,0,312.0,296.0,2035.0
2023-06-24,AA,MCO,PHX,2120,2120,16.0,18,214,214,18.0,0,0,294.0,265.0,2019.0
2023-08-08,AA,PHX,IAH,1345,1345,29.0,24,1809,1809,18.0,0,0,264.0,236.0,1837.0
2023-04-10,AA,LAX,MCO,1800,1800,7.0,26,2339,2339,-2.0,0,0,339.0,305.0,2353.0
2023-11-16,AA,MCO,MIA,1000,1000,-1.0,24,1507,1507,8.0,0,0,307.0,279.0,2170.0
2023-01-09,WN,SFO,IAH,2135,2135,5.0,13,325,325,14.0,0,0,350.0,330.0,2504.0
2023-05-14,WN,DFW,ORD,1225,1225,-2.0,28,1355,1355,-2.0,0,0,90.0,57.0,419.0
2023-01-06,AS,ATL,DEN,800,800,10.0,16,908,908,6.0,0,0,68.0,45.0,221.0
2023-01-21,WN,LAS,DFW,2100,2100,16.0,21,208,208,-1.0,0,0,308.0,283.0,2312.0
2023-03-14,UA,DEN,PHX,1345,1345,-12.0,8,1824,1824,-2.0,0,0,279.0,266.0,2008.0
2023-11-02,WN,IAH,MIA,1545,1545,-9.0,16,2036,2036,-3.0,0,0,291.0,270.0,1894.0
2023-07-07,NK,CLT,EWR,540,540,-35.0,29,917,917,-16.0,0,0,217.0,184.0,1440.0
2023-05-19,B6,CLT,MIA,2215,2215,15.0,22,2322,2322,1.0,0,0,67.0,38.0,155.0
2023-11-02,AA,EWR,IAH,1505,1505,-18.0,9,2133,2133,-11.0,0,0,388.0,368.0,2792.0
2023-09-18,DL,LAX,EWR,1800,1800,8.0,27,2342,2342,3.0,0,0,342.0,311.0,2354.0
2023-02-04,DL,JFK,ORD,955,955,156.0,32,1518,1518,155.0,0,0,323.0,287.0,2326.0
2023-11-24,F9,ATL,SEA,2155,2155,8.0,21,204,204,4.0,0,0,249.0,221.0,1667.0
2023-02-05,B6,PHX,IAH,725,725,3.0,10,1316,1316,8.0,0,0,351.0,333.0,2487.0
2023-08-14,WN,EWR,MCO,950,950,1.0,33,1455,1455,-1.0,0,0,305.0,263.0,2059.0
2023-09-16,DL,LAX,EWR,1910,1910,4.0,34,2348,2348,11.0,0,0,278.0,234.0,1888.0
2023-08-03,UA,SFO,IAH,1255,1255,-8.0,27,1559,1559,-4.0,0,0,184.0,150.0,1229.0
2023-11-07,DL,EWR,MIA,1855,1855,-8.0,12,2146,2146,0.0,0,0,171.0,149.0,997.0
2023-05-12,DL,SFO,LAX,1740,1740,-6.0,23,1944,1944,-2.0,0,0,124.0,92.0,651.0
2023-11-03,B6,LAS,LAX,725,725,-4.0,27,1112,1112,4.0,0,0,227.0,196.0,1472.0
2023-12-28,AS,ORD,IAH,2220,2220,16.0,22,2341,2341,16.0,0,0,81.0,48.0,399.0
2023-07-11,WN,MIA,ORD,1245,1245,8.0,19,1417,1417,16.0,0,0,92.0,67.0,243.0
2023-03-31,F9,SFO,JFK,1325,1325,5.0,29,1708,1708,6.0,0,0,223.0,188.0,1483.0
2023-06-25,NK,SEA,LAX,645,645,-15.0,9,1018,1018,-14.0,0,0,213.0,193.0,1434.0
2023-05-16,DL,LAX,LAS,1725,1725,-3.0,16,1913,1913,0.0,0,0,108.0,84.0,549.0
2023-03-20,AS,IAH,JFK,540,540,12.0,8,1218,1218,8.0,0,0,398.0,386.0,2734.0
2023-01-14,DL,MCO,CLT,1755,1755,22.0,8,2256,2256,20.0,0,0,301.0,288.0,2001.0
2023-10-26,NK,PHX,MCO,1405,1405,-19.0,19,1528,1528,-8.0,0,0,83.0,54.0,542.0
2023-05-08,DL,SFO,MIA,2100,2100,18.0,31,2211,2211,6.0,0,0,71.0,32.0,164.0
2023-06-07,F9,LAS,IAH,1920,1920,-4.0,28,125,125,-0.0,0,0,365.0,330.0,2639.0
2023-03-31,F9,CLT,MCO,815,815,-6.0,9,919,919,-9.0,0,0,64.0,46.0,152.0
2023-02-11,NK,IAH,MIA,905,905,-28.0,20,1337,1337,-17.0,0,0,272.0,246.0,1849.0
2023-10-17,UA,DFW,CLT,1245,1245,9.0,32,1540,1540,-1.0,0,0,175.0,132.0,1196.0
2023-02-05,WN,EWR,ATL,1010,1010,-9.0,17,1513,1513,-2.0,0,0,303.0,275.0,2129.0
2023-09-08,B6,MCO,SEA,2000,2000,-9.0,28,2209,2209,-0.0,0,0,129.0,97.0,775.0
2023-02-04,WN,MIA,ORD,750,750,-10.0,25,1007,1007,-1.0,0,0,137.0,105.0,983.0
2023-07-31,WN,MIA,MCO,1500,1500,-7.0,12,1843,1843,-4.0,0,0,223.0,204.0,1406.0
2023-03-01,DL,ATL,EWR,1545,1545,-17.0,21,2126,2126,-9.0,0,0,341.0,313.0,2507.0
2023-07-20,AA,JFK,IAH,1140,1140,17.0,22,1252,1252,17.0,0,0,72.0,39.0,367.0
2023-07-17,AA,ATL,SEA,1225,1225,14.0,27,1650,1650,10.0,0,0,265.0,233.0,
2023-06-08,DL,LAS,MCO,705,705,-14.0,26,822,822,-8.0,0,0,77.0,43.0,277.0
2023-03-05,AA,SEA,CLT,1130,1130,-7.0,21,1521,1521,-7.0,0,0,231.0,199.0,1497.0
2023-06-10,AA,SEA,LAX,1230,1230,9.0,11,1403,1403,7.0,0,0,93.0,71.0,509.0
2023-06-08,F9,ATL,IAH,2200,2200,19.0,28,333,333,19.0,0,0,333.0,300.0,2322.0
2023-04-07,AS,SFO,SEA,2020,2020,-12.0,22,215,215,-8.0,0,0,355.0,326.0,2566.0
2023-06-25,DL,DFW,SFO,1340,1340,-4.0,14,1843,1843,-6.0,0,0,303.0,280.0,2134.0
2023-11-17,DL,LAX,EWR,605,605,-16.0,18,821,821,-12.0,0,0,136.0,107.0,787.0
2023-09-09,DL,CLT,MCO,930,930,-17.0,26,1246,1246,-8.0,0,0,196.0,164.0,1333.0
2023-06-24,NK,LAX,EWR,2000,2000,-23.0,23,2311,2311,-10.0,0,0,191.0,157.0,1239.0
2023-01-03,NK,IAH,ORD,2005,2005,8.0,32,109,109,18.0,0,0,304.0,265.0,2060.0
2023-05-02,AA,SEA,DEN,530,530,8.0,9,621,621,6.0,0,0,51.0,33.0,256.0
2023-05-19,UA,MIA,PHX,2225,2225,7.0,11,354,354,9.0,0,0,329.0,313.0,2337.0
2023-05-31,AA,DFW,PHX,820,820,27.0,30,1043,1043,2.0,0,0,143.0,106.0,825.0
2023-03-29,DL,ORD,LAX,1650,1650,11.0,30,2001,2001,9.0,0,0,191.0,157.0,1176.0
2023-01-20,AS,LAS,CLT,840,840,-9.0,15,1230,1230,-3.0,0,0,230.0,210.0,1540.0
2023-07-18,UA,DFW,EWR,1435,1435,-7.0,32,1904,1904,-2.0,0,0,269.0,232.0,1801.0
2023-01-09,DL,MCO,CLT,1810,1810,8.0,10,2221,2221,-3.0,0,0,251.0,234.0,1753.0
2023-06-02,UA,DFW,MCO,1745,1745,44.0,10,2039,2039,39.0,0,0,174.0,157.0,1015.0
2023-10-18,AA,JFK,ATL,1300,1300,5.0,13,1532,1532,2.0,0,0,152.0,132.0,934.0
2023-08-17,AS,IAH,EWR,1305,1305,-36.0,26,1607,1607,-20.0,0,0,182.0,145.0,1135.0
2023-05-12,B6,DFW,CLT,2140,2140,-5.0,34,405,405,4.0,0,0,385.0,343.0,2673.0
2023-03-01,UA,SFO,SEA,755,755,4.0,15,1232,1232,9.0,0,0,277.0,252.0,1928.0
2023-06-23,AA,MCO,IAH,2055,2055,12.0,27,258,258,13.0,0,0,363.0,329.0,2513.0
2023-12-06,AA,LAS,SFO,1415,1415,-0.0,26,1822,1822,2.0,0,0,247.0,212.0,1717.0
2023-01-12,AA,CLT,JFK,2050,2050,-1.0,19,2156,2156,-7.0,0,0,66.0,40.0,164.0
2023-04-27,DL,CLT,LAX,1910,1910,-4.0,29,2231,2231,-10.0,0,0,201.0,164.0,1209.0
2023-06-23,DL,JFK,EWR,1750,1750,18.0,14,2008,2008,15.0,0,0,138.0,118.0,745.0
2023-02-05,AA,DEN,SEA,1100,1100,-1.0,17,1712,1712,8.0,0,0,372.0,345.0,2580.0
2023-02-12,AA,MIA,CLT,1500,1500,-6.0,17,1719,1719,2.0,0,0,139.0,114.0,877.0
2023-04-16,F9,EWR,DEN,1405,1405,84.0,25,2030,2030,107.0,0,0,385.0,354.0,2755.0
2023-06-02,F9,DEN,SEA,1340,1340,-9.0,32,1529,1529,6.0,0,0,109.0,69.0,490.0
2023-07-23,NK,PHX,DFW,655,655,-1.0,31,1036,1036,-1.0,0,0,221.0,182.0,1592.0
2023-06-24,DL,SFO,LAS,800,800,-6.0,22,1342,1342,-6.0,0,0,342.0,316.0,2284.0
2023-07-13,AA,PHX,JFK,830,830,-6.0,14,1301,1301,-5.0,0,0,271.0,246.0,1799.0
2023-04-14,AS,DEN,ORD,1235,1235,39.0,22,1350,1350,50.0,0,0,75.0,42.0,185.0
2023-07-02,DL,LAS,ATL,1145,1145,6.0,26,1627,1627,16.0,0,0,282.0,252.0,1957.0
2023-06-08,UA,MCO,LAS,740,740,4.0,18,1333,1333,-0.0,0,0,353.0,330.0,2361.0
2023-10-24,WN,ATL,IAH,525,525,-11.0,25,914,914,-17.0,0,0,229.0,195.0,1630.0
2023-06-06,AA,IAH,CLT,2015,2015,15.0,19,103,103,5.0,0,0,288.0,259.0,1936.0
2023-10-20,DL,DEN,PHX,2145,2145,-3.0,19,350,350,5.0,0,0,365.0,335.0,2511.0
2023-10-20,UA,SEA,MCO,620,620,7.0,17,1119,1119,-2.0,0,0,299.0,271.0,2156.0
2023-08-11,AA,DFW,LAS,1705,1705,-6.0,22,2318,2318,-2.0,0,0,373.0,346.0,2555.0
2023-03-20,UA,LAX,ORD,1625,1625,5.0,25,1808,1808,5.0,0,0,103.0,73.0,520.0
2023-11-07,UA,EWR,PHX,715,715,-17.0,17,835,835,-9.0,0,0,80.0,54.0,331.0
2023-07-28,UA,JFK,ORD,1510,1510,-9.0,30,1849,1849,-9.0,0,0,219.0,179.0,1454.0
2023-03-27,NK,PHX,CLT,1310,1310,-12.0,26,1858,1858,-4.0,0,0,348.0,318.0,2447.0
2023-07-05,WN,ORD,MIA,805,805,9.0,19,929,929,13.0,0,0,84.0,59.0,374.0
2023-10-07,UA,SFO,LAX,2110,2110,19.0,28,146,146,19.0,0,0,276.0,243.0,1784.0
2023-05-03,AA,DEN,IAH,935,935,-10.0,10,1615,1615,-8.0,0,0,400.0,379.0,2791.0
2023-03-18,DL,LAS,JFK,1730,1730,-15.0,33,1902,1902,-17.0,0,0,92.0,51.0,432.0
2023-07-19,UA,DEN,SFO,1930,1930,15.0,16,2220,2220,2.0,0,0,170.0,147.0,926.0
2023-06-21,AA,MIA,IAH,2255,2255,19.0,30,139,139,13.0,0,0,164.0,123.0,1060.0
2023-08-04,UA,ORD,MIA,1820,1820,19.0,10,16,16,20.0,0,0,356.0,339.0,2449.0
2023-04-08,UA,DEN,MCO,1440,1440,4.0,24,1537,1537,11.0,0,0,57.0,26.0,175.0
2023-09-07,F9,MIA,DEN,1810,1810,3.0,11,2023,2023,7.0,0,0,133.0,115.0,653.0
2023-07-16,WN,MIA,ATL,1600,1600,22.0,30,1815,1815,15.0,0,0,135.0,96.0,847.0
2023-02-04,NK,EWR,PHX,1615,1615,3.0,33,2033,2033,12.0,0,0,258.0,218.0,1550.0
2023-09-10,WN,LAS,DEN,900,900,3.0,11,1353,1353,11.0,0,0,293.0,272.0,1997.0
2023-04-28,DL,EWR,IAH,1540,1540,3.0,26,1929,1929,-2.0,0,0,229.0,197.0,1605.0
2023-01-25,UA,MCO,ATL,750,750,-3.0,8,944,944,-3.0,0,0,114.0,100.0,690.0
2023-10-29,WN,PHX,SEA,700,700,-5.0,29,813,813,-1.0,0,0,73.0,34.0,291.0
2023-07-08,UA,ATL,LAX,920,920,9.0,17,1420,1420,11.0,0,0,300.0,275.0,2054.0
2023-10-02,DL,LAS,MIA,855,855,2.0,32,1437,1437,4.0,0,0,342.0,299.0,2329.0
2023-10-09,B6,ATL,LAX,1210,1210,18.0,24,1715,1715,22.0,0,0,305.0,275.0,2128.0
2023-06-07,WN,MIA,SEA,1715,1715,15.0,28,1913,1913,19.0,0,0,118.0,85.0,621.0
2023-03-15,NK,LAS,PHX,1035,1035,8.0,10,1458,1458,7.0,0,0,263.0,247.0,1903.0
2023-01-04,DL,ATL,ORD,545,545,13.0,30,907,907,15.0,0,0,202.0,165.0,1276.0
2023-01-23,WN,PHX,SEA,2150,2150,19.0,31,111,111,14.0,0,0,201.0,165.0,1367.0
2023-10-19,DL,DEN,EWR,1215,1215,20.0,29,1355,1355,23.0,0,0,100.0,67.0,596.0
2023-06-28,WN,LAS,SFO,1420,1420,23.0,27,1715,1715,12.0,0,0,175.0,139.0,993.0
2023-07-07,AA,CLT,DEN,1035,1035,0.0,10,1246,1246,3.0,0,0,131.0,111.0,690.0
2023-08-16,UA,IAH,DEN,1110,1110,0.0,31,1434,1434,10.0,0,0,204.0,168.0,1367.0
2023-12-14,B6,MIA,JFK,1310,1310,3.0,15,1652,1652,,0,0,222.0,199.0,1522.0
2023-11-02,AA,PHX,EWR,1710,1710,16.0,19,2140,2140,26.0,0,0,270.0,242.0,1879.0
2023-09-15,AA,IAH,EWR,1350,1350,-29.0,13,1933,1933,-10.0,0,0,343.0,323.0,2334.0
2023-05-23,AA,MCO,EWR,2100,2100,7.0,16,214,214,14.0,0,0,314.0,292.0,2175.0
2023-05-31,AS,SFO,IAH,1915,1915,11.0,12,2102,2102,12.0,0,0,107.0,84.0,426.0
2023-04-22,B6,EWR,DEN,755,755,18.0,12,1014,1014,14.0,0,0,139.0,118.0,817.0
2023-12-22,AA,ATL,ORD,1845,1845,-11.0,33,54,54,6.0,0,0,369.0,326.0,2587.0
2023-05-12,DL,ORD,SEA,1650,1650,23.0,29,2017,2017,12.0,0,0,207.0,173.0,1331.0
2023-06-29,DL,DFW,DEN,1245,1245,25.0,26,1526,1526,24.0,0,0,161.0,124.0,908.0
2023-04-18,DL,ATL,ORD,2005,2005,-9.0,32,48,48,-11.0,0,0,283.0,242.0,2012.0
2023-05-25,AS,MCO,EWR,1915,1915,-5.0,25,9,9,4.0,0,0,294.0,261.0,1887.0
2023-02-26,UA,MIA,ATL,1525,1525,0.0,27,1723,1723,4.0,0,0,118.0,80.0,678.0
2023-04-27,AA,ATL,DFW,915,915,5.0,13,1020,1020,-3.0,0,0,65.0,42.0,162.0
2023-05-04,AS,MCO,MIA,1555,1555,2.0,9,1831,1831,10.0,0,0,156.0,138.0,934.0
2023-10-14,F9,SEA,SFO,1955,1955,-7.0,9,39,39,-8.0,0,0,284.0,266.0,1918.0
2023-06-19,DL,LAS,MCO,1235,1235,-11.0,28,1432,1432,-7.0,0,0,117.0,84.0,610.0
2023-02-20,WN,SFO,PHX,1930,1930,8.0,26,6,6,10.0,0,0,276.0,244.0,1960.0
2023-03-08,WN,MCO,EWR,1145,1145,5.0,17,1746,1746,7.0,0,0,361.0,340.0,2548.0
2023-06-02,AS,CLT,DFW,500,500,-16.0,21,714,714,-18.0,0,0,134.0,109.0,717.0
2023-02-05,UA,ATL,LAX,900,900,-10.0,8,1330,1330,-0.0,0,0,270.0,255.0,1725.0
2023-10-23,NK,JFK,MIA,1615,1615,32.0,12,2058,2058,31.0,0,0,283.0,264.0,1846.0
2023-02-20,WN,MIA,PHX,1130,1130,-2.0,14,1454,1454,-7.0,0,0,204.0,186.0,1369.0
2023-01-27,WN,LAS,JFK,2140,2140,-9.0,29,6,6,-10.0,0,0,146.0,110.0,966.0
2023-10-05,AA,LAS,SEA,845,845,-12.0,13,1512,1512,-10.0,0,0,387.0,365.0,2777.0
2023-02-08,DL,LAX,DEN,1350,1350,-1.0,15,1532,1532,-9.0,0,0,102.0,80.0,332.0
2023-12-30,AS,ORD,JFK,2245,2245,14.0,18,18,18,-0.0,0,0,93.0,66.0,408.0
2023-06-03,WN,SEA,ORD,1030,1030,2.0,20,1509,1509,5.0,0,0,279.0,252.0,2071.0
2023-05-27,NK,SFO,CLT,725,725,-6.0,10,1014,1014,11.0,0,0,169.0,154.0,1125.0
2023-03-06,NK,EWR,ORD,845,845,14.0,32,1327,1327,7.0,0,0,282.0,239.0,
2023-07-28,AA,ORD,DEN,1440,1440,15.0,26,2100,2100,21.0,0,0,380.0,344.0,2764.0
2023-03-17,DL,PHX,SEA,1810,1810,14.0,27,2331,2331,14.0,0,0,321.0,284.0,2200.0
2023-11-07,WN,DFW,CLT,1105,1105,-13.0,12,1331,1331,-7.0,0,0,146.0,123.0,954.0
2023-02-11,B6,DFW,SFO,1415,1415,2.0,13,1958,1958,11.0,0,0,343.0,324.0,2343.0
2023-06-03,AA,SEA,MCO,1545,1545,9.0,28,1855,1855,14.0,0,0,190.0,151.0,1255.0
2023-05-14,F9,PHX,EWR,2250,2250,8.0,24,155,155,4.0,0,0,185.0,156.0,1217.0
2023-08-21,F9,EWR,ATL,1755,1755,9.0,8,1949,1949,5.0,0,0,114.0,96.0,530.0
2023-11-13,WN,PHX,SFO,740,740,-1.0,8,908,908,-3.0,0,0,88.0,76.0,187.0
2023-01-22,WN,LAS,DFW,1540,1540,10.0,33,1954,1954,15.0,0,0,254.0,215.0,1603.0
2023-05-01,AA,MIA,ATL,1450,1450,12.0,31,1755,1755,14.0,0,0,185.0,146.0,1243.0
2023-06-02,AS,ATL,ORD,1540,1540,-20.0,34,2106,2106,-11.0,0,0,326.0,286.0,2310.0
2023-03-29,WN,LAS,MCO,1855,1855,137.0,17,2231,2231,153.0,0,0,216.0,191.0,1429.0
2023-01-14,NK,DEN,ATL,1650,1650,15.0,16,1837,1837,21.0,0,0,107.0,81.0,526.0
2023-12-23,UA,SEA,CLT,835,835,-6.0,25,1151,1151,7.0,0,0,196.0,167.0,1158.0
2023-09-12,WN,PHX,IAH,1215,1215,-18.0,26,1735,1735,-15.0,0,0,320.0,284.0,2180.0
2023-01-19,AA,SEA,LAS,1700,1700,-10.0,31,2046,2046,7.0,0,0,226.0,191.0,1494.0
2023-10-03,WN,ORD,PHX,1600,1600,-7.0,21,1934,1934,8.0,0,0,214.0,182.0,1466.0
2023-06-21,AA,ORD,CLT,800,800,-1.0,23,1249,1249,3.0,0,0,289.0,257.0,1847.0
2023-09-06,AA,LAS,DEN,1120,1120,277.0,22,1509,1509,281.0,0,0,229.0,196.0,1438.0
2023-05-07,B6,LAX,SFO,2145,2145,6.0,19,301,301,9.0,0,0,316.0,289.0,2149.0
2023-04-22,DL,PHX,JFK,1810,1810,-6.0,22,2356,2356,6.0,0,0,346.0,319.0,2439.0
2023-09-08,WN,IAH,DFW,1015,1015,-9.0,8,1222,1222,3.0,0,0,127.0,114.0,742.0
2023-01-13,B6,DFW,SFO,1045,1045,3.0,30,1203,1203,3.0,0,0,78.0,38.0,235.0
2023-08-18,WN,ATL,ORD,1245,1245,13.0,12,1537,1537,8.0,0,0,172.0,154.0,1198.0
2023-09-26,B6,MIA,JFK,745,745,-22.0,32,841,841,-6.0,0,0,56.0,16.0,327.0
2023-09-27,DL,ATL,LAX,2220,2220,157.0,8,406,406,148.0,0,0,346.0,328.0,2475.0
2023-11-25,UA,DEN,MIA,710,710,-5.0,22,1043,1043,-8.0,0,0,213.0,184.0,1420.0
2023-07-11,WN,SFO,JFK,1940,1940,-2.0,15,2119,2119,5.0,0,0,99.0,75.0,533.0
2023-12-29,AA,SFO,MIA,750,750,-1.0,32,1417,1417,4.0,0,0,387.0,348.0,2700.0
2023-08-29,DL,ORD,DFW,955,955,-18.0,24,1410,1410,-3.0,0,0,255.0,226.0,1596.0
2023-06-29,WN,DEN,JFK,1755,1755,-2.0,17,2124,2124,1.0,0,0,209.0,184.0,1318.0
2023-10-13,UA,SEA,JFK,2045,2045,20.0,19,2219,2219,12.0,0,0,94.0,70.0,570.0
2023-06-02,UA,LAS,SEA,1650,1650,-4.0,10,2232,2232,0.0,0,0,342.0,325.0,2473.0
2023-04-20,AA,LAS,CLT,1640,1640,-13.0,29,2236,2236,9.0,0,0,356.0,320.0,2437.0
2023-02-13,DL,CLT,PHX,2120,2120,26.0,26,256,256,20.0,0,0,336.0,301.0,2480.0
2023-01-08,UA,LAS,ORD,840,840,15.0,11,1103,1103,22.0,0,0,143.0,124.0,855.0
2023-06-15,F9,MCO,LAS,835,835,-24.0,13,1111,1111,-6.0,0,0,156.0,134.0,1071.0
2023-01-23,UA,DEN,DFW,1455,1455,-1.0,19,1628,1628,14.0,0,0,93.0,69.0,471.0
2023-12-09,NK,MIA,DFW,1355,1355,-22.0,11,1610,1610,-7.0,0,0,135.0,116.0,762.0
2023-11-16,AS,ATL,MCO,655,655,53.0,27,1141,1141,26.0,0,0,286.0,251.0,1919.0
2023-03-10,AS,PHX,LAS,2255,2255,-9.0,22,9,9,-9.0,0,0,74.0,47.0,452.0
2023-06-30,DL,LAX,SEA,1930,1930,14.0,32,135,135,7.0,0,0,365.0,329.0,2486.0
2023-10-07,AA,DFW,DEN,2025,2025,4.0,22,153,153,13.0,0,0,328.0,300.0,2317.0
2023-11-05,DL,PHX,MCO,1940,1940,8.0,17,2033,2033,9.0,0,0,53.0,31.0,229.0
2023-11-11,AA,DEN,LAX,1030,1030,-4.0,26,1346,1346,-9.0,0,0,196.0,162.0,1126.0
2023-02-03,B6,JFK,ATL,1640,1640,-5.0,16,2203,2203,-7.0,0,0,323.0,296.0,2222.0
2023-06-07,AA,JFK,ATL,1750,1750,11.0,12,1951,1951,20.0,0,0,121.0,98.0,693.0
2023-01-13,B6,DFW,JFK,650,650,3.0,33,1154,1154,-1.0,0,0,304.0,260.0,2095.0
2023-10-29,B6,ATL,SEA,2220,2220,15.0,14,2351,2351,6.0,0,0,91.0,66.0,372.0
2023-08-20,UA,JFK,EWR,1505,1505,14.0,9,1932,1932,17.0,0,0,267.0,247.0,1836.0
2023-04-15,DL,DFW,SFO,2115,2115,1.0,24,231,231,8.0,0,0,316.0,281.0,2329.0
2023-04-16,DL,ORD,IAH,715,715,-21.0,31,1028,1028,-7.0,0,0,193.0,151.0,1211.0
2023-06-24,AS,EWR,DEN,1325,1325,35.0,22,1938,1938,,0,0,373.0,347.0,2592.0
2023-11-08,WN,DFW,ATL,2005,2005,-3.0,12,43,43,-6.0,0,0,278.0,262.0,1854.0
2023-12-17,AS,DEN,PHX,2145,2145,-16.0,25,242,242,-7.0,0,0,297.0,261.0,2113.0
2023-03-03,WN,ORD,LAS,655,655,6.0,13,1014,1014,10.0,0,0,199.0,175.0,1297.0
2023-10-08,UA,SFO,SEA,945,945,-5.0,27,1300,1300,-7.0,0,0,195.0,162.0,1177.0
2023-08-27,DL,LAX,ORD,1305,1305,11.0,24,1644,1644,15.0,0,0,219.0,189.0,1424.0
2023-12-19,DL,LAX,JFK,1410,1410,9.0,18,1720,1720,7.0,0,0,190.0,161.0,1154.0
2023-03-17,WN,LAX,MIA,1335,1335,-13.0,33,1913,1913,-2.0,0,0,338.0,295.0,2311.0
2023-02-02,DL,LAS,EWR,815,815,5.0,26,942,942,13.0,0,0,87.0,53.0,447.0
2023-02-13,AA,SFO,ORD,1645,1645,178.0,19,1819,1819,192.0,0,0,94.0,71.0,525.0
2023-09-03,UA,ORD,CLT,2245,2245,8.0,8,504,504,5.0,0,0,379.0,360.0,2721.0
2023-03-03,UA,IAH,MIA,1205,1205,-9.0,18,1631,1631,,0,0,266.0,239.0,1913.0
2023-08-07,WN,LAS,DFW,1905,1905,-17.0,10,25,25,-14.0,0,0,320.0,306.0,2190.0
2023-08-12,DL,CLT,IAH,1300,1300,-6.0,25,1543,1543,-3.0,0,0,163.0,130.0,973.0
2023-05-01,B6,SFO,SEA,1210,1210,5.0,17,1250,1250,5.0,0,0,40.0,17.0,191.0
2023-07-12,WN,DFW,ATL,1825,1825,16.0,14,2253,2253,19.0,0,0,268.0,246.0,
2023-03-10,WN,MCO,MIA,1530,1530,-1.0,22,1748,1748,3.0,0,0,138.0,112.0,893.0
2023-06-30,UA,LAX,CLT,2210,2210,6.0,31,244,244,7.0,0,0,274.0,237.0,1886.0
2023-12-21,B6,ORD,CLT,1910,1910,4.0,30,100,100,6.0,0,0,350.0,312.0,2406.0
2023-11-12,B6,LAX,ATL,1225,1225,8.0,21,1846,1846,12.0,0,0,381.0,355.0,2772.0
2023-11-26,B6,CLT,ORD,1735,1735,7.0,23,2209,2209,7.0,0,0,274.0,242.0,1968.0
2023-11-30,AA,ORD,EWR,1825,1825,-6.0,11,2152,2152,8.0,0,0,207.0,185.0,1341.0
2023-04-19,F9,DFW,LAX,1615,1615,-9.0,20,2031,2031,-4.0,0,0,256.0,232.0,1657.0
2023-04-16,WN,EWR,MCO,1520,1520,64.0,17,1833,1833,61.0,0,0,193.0,165.0,1194.0
2023-05-14,WN,ORD,LAS,1435,1435,-5.0,12,2030,2030,7.0,0,0,355.0,332.0,2591.0
2023-02-23,DL,SEA,LAS,620,620,-8.0,11,1029,1029,-7.0,0,0,249.0,232.0,1654.0
2023-10-23,WN,SFO,ORD,850,850,-13.0,13,1112,1112,6.0,0,0,142.0,118.0,806.0
2023-01-19,AA,ATL,DEN,1840,1840,5.0,13,106,106,11.0,0,0,386.0,365.0,2750.0
2023-11-02,UA,MCO,PHX,1715,1715,-11.0,19,2044,2044,-1.0,0,0,209.0,186.0,1304.0
2023-08-30,DL,MCO,JFK,1315,1315,-7.0,24,1723,1723,-4.0,0,0,248.0,214.0,1786.0
2023-04-23,AS,MIA,DFW,2145,2145,-11.0,18,134,134,1.0,0,0,229.0,203.0,1488.0
2023-03-02,WN,CLT,LAX,1240,1240,-20.0,12,1805,1805,2.0,0,0,325.0,304.0,2196.0
2023-01-12,AA,CLT,EWR,1850,1850,-3.0,24,2356,2356,4.0,0,0,306.0,278.0,2132.0
2023-10-07,AA,SFO,EWR,2035,2035,17.0,33,2205,2205,18.0,0,0,90.0,51.0,249.0
2023-11-10,DL,LAS,DEN,505,505,-6.0,30,730,730,-8.0,0,0,145.0,107.0,889.0
2023-07-01,AA,SEA,LAS,2105,2105,-11.0,34,231,231,-8.0,0,0,326.0,285.0,2449.0
2023-02-28,AA,CLT,LAS,2245,2245,-5.0,25,458,458,3.0,0,0,373.0,338.0,2633.0
2023-08-21,B6,SFO,PHX,1200,1200,9.0,23,1748,1748,4.0,0,0,348.0,316.0,2408.0
2023-02-13,WN,EWR,MIA,1015,1015,75.0,21,1431,1431,83.0,0,0,256.0,228.0,1869.0
2023-08-04,UA,ORD,DFW,1945,1945,-9.0,10,38,38,9.0,0,0,293.0,277.0,1975.0
2023-06-10,AS,LAX,MCO,1140,1140,12.0,11,1748,1748,5.0,0,0,368.0,349.0,2669.0
2023-09-17,DL,JFK,LAS,2020,2020,-8.0,11,2331,2331,-2.0,0,0,191.0,169.0,1067.0
2023-04-13,AS,JFK,ORD,2030,2030,-9.0,28,2255,2255,-5.0,0,0,145.0,113.0,863.0
2023-03-15,B6,EWR,PHX,1440,1440,-11.0,32,1616,1616,-4.0,0,0,96.0,59.0,544.0
2023-01-27,B6,IAH,CLT,1355,1355,-11.0,17,1533,1533,-10.0,0,0,98.0,73.0,529.0
2023-12-02,WN,LAS,MCO,825,825,-8.0,23,1158,1158,3.0,0,0,213.0,181.0,1352.0
2023-09-20,B6,CLT,SFO,1050,1050,-13.0,28,1533,1533,2.0,0,0,283.0,244.0,2040.0
2023-09-12,UA,JFK,EWR,1255,1255,-6.0,11,1453,1453,-2.0,0,0,118.0,99.0,614.0
2023-06-20,AA,DFW,SEA,2105,2105,-3.0,33,222,222,1.0,0,0,317.0,273.0,2135.0
2023-05-24,NK,DEN,LAS,1925,1925,65.0,22,143,143,62.0,0,0,378.0,349.0,2609.0
2023-08-05,AA,EWR,SEA,1150,1150,3.0,21,1541,1541,10.0,0,0,231.0,206.0,1521.0
2023-06-01,AA,ORD,JFK,1445,1445,9.0,17,1709,1709,5.0,0,0,144.0,119.0,781.0
2023-04-03,WN,SEA,LAS,945,945,3.0,19,1413,1413,-1.0,0,0,268.0,241.0,1878.0
2023-04-09,AA,ORD,SFO,555,555,5.0,18,945,945,10.0,0,0,230.0,203.0,1542.0
2023-08-08,B6,JFK,CLT,1240,1240,-10.0,9,1428,1428,-7.0,0,0,108.0,89.0,520.0
2023-12-27,AA,ATL,PHX,2220,2220,5.0,29,241,241,7.0,0,0,261.0,225.0,1859.0
2023-12-02,NK,MCO,EWR,820,820,-25.0,24,1146,1146,-16.0,0,0,206.0,176.0,1339.0
2023-07-22,UA,MCO,ATL,1320,1320,19.0,21,1845,1845,12.0,0,0,325.0,294.0,2220.0
2023-12-11,WN,LAX,SEA,1535,1535,118.0,26,1826,1826,103.0,0,0,171.0,139.0,1040.0
2023-12-04,UA,LAS,PHX,540,540,-17.0,9,950,950,-16.0,0,0,250.0,235.0,1663.0
2023-03-28,AA,LAS,MIA,1330,1330,-8.0,24,1803,1803,-2.0,0,0,273.0,245.0,1815.0
2023-07-28,AA,ATL,ORD,1220,1220,4.0,31,1654,1654,5.0,0,0,274.0,239.0,1880.0
2023-06-05,WN,PHX,CLT,1825,1825,-10.0,26,3,3,-9.0,0,0,338.0,305.0,2438.0
2023-04-01,NK,JFK,SEA,645,645,35.0,19,951,951,37.0,0,0,186.0,160.0,1161.0
2023-09-22,WN,ATL,MIA,1400,1400,4.0,33,1937,1937,2.0,0,0,337.0,295.0,2302.0
2023-06-18,DL,LAX,MCO,715,715,-10.0,33,1233,1233,10.0,0,0,318.0,277.0,2215.0
2023-07-31,AA,LAS,MCO,1750,1750,20.0,18,2346,2346,12.0,0,0,356.0,332.0,2543.0
2023-12-30,AS,ATL,MCO,1225,1225,9.0,9,1342,1342,12.0,0,0,77.0,58.0,343.0
2023-05-28,WN,ORD,SEA,1730,1730,6.0,32,2134,2134,8.0,0,0,244.0,202.0,1593.0
2023-08-27,DL,EWR,SFO,2015,2015,13.0,31,2336,2336,19.0,0,0,201.0,160.0,1262.0
2023-04-24,WN,LAS,SEA,1115,1115,13.0,28,1554,1554,15.0,0,0,279.0,246.0,1914.0
2023-10-28,AA,LAS,ATL,955,955,12.0,22,1335,1335,19.0,0,0,220.0,187.0,1336.0
2023-11-24,AS,DFW,SEA,710,710,-19.0,29,1131,1131,-10.0,0,0,261.0,225.0,1844.0
2023-12-04,WN,SFO,MIA,805,805,-8.0,10,1109,1109,-1.0,0,0,184.0,164.0,1144.0
2023-08-11,UA,SFO,JFK,1935,1935,7.0,16,145,145,8.0,0,0,370.0,346.0,2609.0
2023-05-06,AA,SEA,JFK,1640,1640,-24.0,23,2204,2204,-11.0,0,0,324.0,294.0,2413.0
2023-03-08,NK,DEN,PHX,1805,1805,7.0,11,2359,2359,8.0,0,0,354.0,337.0,2515.0
2023-12-08,DL,SEA,LAS,1010,1010,-15.0,31,1259,1259,-11.0,0,0,169.0,131.0,1146.0
2023-10-09,WN,LAS,MCO,1535,1535,-1.0,34,1828,1828,-2.0,0,0,173.0,133.0,1228.0
2023-06-01,UA,ORD,LAS,2235,2235,88.0,16,100,100,92.0,0,0,145.0,124.0,724.0
2023-10-06,NK,SFO,IAH,1930,1930,19.0,13,2113,2113,10.0,0,0,103.0,84.0,539.0
2023-08-31,AA,CLT,DEN,1655,1655,13.0,31,2051,2051,4.0,0,0,236.0,196.0,1614.0
2023-06-16,NK,ATL,SEA,605,605,-10.0,9,1143,1143,2.0,0,0,338.0,318.0,2263.0
2023-04-06,WN,MCO,SEA,1100,1100,-3.0,25,1521,1521,-7.0,0,0,261.0,228.0,1850.0
2023-12-18,DL,CLT,LAX,845,845,-12.0,23,1510,1510,-8.0,0,0,385.0,351.0,2671.0
2023-07-26,AS,DFW,SEA,2040,2040,13.0,15,221,221,11.0,0,0,341.0,319.0,2246.0
2023-11-15,NK,ATL,MCO,805,805,-18.0,15,1107,1107,-18.0,0,0,182.0,158.0,1094.0
2023-09-24,WN,ATL,PHX,1120,1120,-2.0,19,1417,1417,5.0,0,0,177.0,149.0,1169.0
2023-01-29,UA,MCO,SEA,1640,1640,10.0,23,1807,1807,11.0,0,0,87.0,59.0,533.0
2023-09-15,AS,ATL,ORD,2210,2210,154.0,11,227,227,157.0,0,0,257.0,240.0,1685.0
2023-07-10,NK,SEA,IAH,700,700,15.0,9,850,850,18.0,0,0,110.0,95.0,485.0
2023-09-27,B6,CLT,MCO,1300,1300,2.0,13,1559,1559,5.0,0,0,179.0,157.0,1156.0
2023-07-12,WN,ORD,CLT,2040,2040,6.0,21,115,115,-0.0,0,0,275.0,244.0,1688.0
2023-10-30,DL,EWR,PHX,1920,1920,38.0,12,149,149,45.0,0,0,389.0,368.0,2782.0
2023-12-15,DL,ORD,SFO,2245,2245,-7.0,33,456,456,2.0,0,0,371.0,333.0,2773.0
2023-09-13,WN,ATL,SFO,1315,1315,48.0,14,1841,1841,43.0,0,0,326.0,302.0,2310.0
2023-08-31,AA,DEN,ATL,625,625,0.0,20,800,800,-7.0,0,0,95.0,65.0,409.0
2023-05-14,WN,ATL,SFO,1010,1010,141.0,19,1624,1624,144.0,0,0,374.0,344.0,2767.0
2023-04-10,UA,JFK,MCO,525,525,-8.0,23,951,951,-6.0,0,0,266.0,236.0,1664.0
2023-05-15,DL,ORD,ATL,1415,1415,-13.0,12,1917,1917,-12.0,0,0,302.0,279.0,2150.0
2023-03-03,UA,MIA,ATL,1335,1335,4.0,33,1714,1714,2.0,0,0,219.0,178.0,1363.0
2023-11-07,WN,SFO,EWR,1905,1905,21.0,9,4,4,20.0,0,0,299.0,286.0,2230.0
2023-11-29,DL,ATL,PHX,2125,2125,91.0,23,2348,2348,86.0,0,0,143.0,114.0,836.0
2023-03-07,F9,LAS,IAH,1945,1945,18.0,17,129,129,16.0,0,0,344.0,323.0,2582.0
2023-06-07,AA,LAX,PHX,940,940,-9.0,11,1343,1343,-15.0,0,0,243.0,225.0,
2023-05-16,F9,LAS,ATL,845,845,-22.0,9,1435,1435,-11.0,0,0,350.0,330.0,2529.0
2023-12-13,WN,MIA,DEN,1410,1410,-8.0,18,1635,1635,-7.0,0,0,145.0,119.0,758.0
2023-05-19,DL,SEA,EWR,940,940,-16.0,21,1519,1519,-4.0,0,0,339.0,312.0,2385.0
2023-05-30,WN,DFW,IAH,840,840,10.0,15,1049,1049,-3.0,0,0,129.0,107.0,659.0
2023-03-01,AA,SEA,JFK,730,730,8.0,13,1308,1308,3.0,0,0,338.0,317.0,2456.0
2023-02-24,DL,SFO,SEA,1320,1320,-6.0,25,1507,1507,-5.0,0,0,107.0,74.0,463.0
2023-10-02,DL,ATL,MIA,1700,1700,-22.0,33,2039,2039,-11.0,0,0,219.0,178.0,1517.0
2023-04-06,AA,JFK,DFW,1610,1610,-12.0,20,1841,1841,0.0,0,0,151.0,124.0,890.0
2023-10-04,WN,SEA,SFO,1215,1215,175.0,28,1824,1824,173.0,0,0,369.0,334.0,2715.0
2023-04-15,AA,LAX,ATL,2255,2255,5.0,12,2351,2351,9.0,0,0,56.0,38.0,308.0
2023-07-16,AA,LAS,DFW,840,840,-19.0,29,1124,1124,-9.0,0,0,164.0,125.0,1043.0
2023-09-17,AS,MIA,LAX,2000,2000,-11.0,24,2257,2257,0.0,0,0,177.0,148.0,1131.0
2023-07-20,UA,LAX,MIA,1955,1955,9.0,24,9,9,11.0,0,0,254.0,226.0,1774.0
2023-04-26,DL,MCO,IAH,1205,1205,-30.0,31,1609,1609,-29.0,0,0,244.0,204.0,1511.0
2023-05-21,WN,SFO,JFK,1010,1010,57.0,32,1234,1234,48.0,0,0,144.0,105.0,822.0
2023-09-18,WN,ATL,IAH,810,810,7.0,22,1427,1427,4.0,0,0,377.0,350.0,2773.0
2023-01-04,DL,MIA,PHX,1250,1250,-11.0,18,1511,1511,-22.0,0,0,141.0,114.0,968.0
2023-01-14,DL,LAX,SFO,635,635,-6.0,16,827,827,-1.0,0,0,112.0,86.0,577.0
2023-02-06,DL,JFK,ORD,700,700,17.0,10,908,908,16.0,0,0,128.0,108.0,706.0
2023-07-16,B6,SEA,IAH,1155,1155,2.0,31,1809,1809,36.0,0,0,374.0,335.0,2674.0
2023-08-17,AS,SEA,EWR,1115,1115,9.0,23,1525,1525,16.0,0,0,250.0,219.0,1726.0
2023-08-16,WN,DFW,MCO,810,810,-21.0,21,1054,1054,-14.0,0,0,164.0,134.0,916.0
2023-10-09,DL,DFW,ORD,2110,2110,-19.0,25,20,20,-13.0,0,0,190.0,155.0,1287.0
2023-08-31,UA,DFW,SEA,720,720,-5.0,19,926,926,5.0,0,0,126.0,98.0,662.0
2023-05-23,NK,DEN,EWR,1025,1025,-20.0,13,1457,1457,-6.0,0,0,272.0,252.0,1752.0
2023-07-13,B6,SEA,ATL,920,920,-18.0,34,1407,1407,-6.0,0,0,287.0,247.0,1979.0
2023-04-20,UA,ATL,EWR,1540,1540,-0.0,32,2109,2109,3.0,0,0,329.0,290.0,2302.0
2023-08-07,NK,ATL,DFW,530,530,2.0,17,1053,1053,1.0,0,0,323.0,299.0,2306.0
2023-12-11,AA,ATL,PHX,2105,2105,164.0,24,200,200,175.0,0,0,295.0,263.0,2044.0
2023-01-27,NK,MIA,LAS,1305,1305,-5.0,23,1807,1807,-1.0,0,0,302.0,270.0,2172.0
2023-10-13,NK,IAH,SEA,2120,2120,-16.0,25,2339,2339,-4.0,0,0,139.0,104.0,818.0
2023-12-20,AS,LAX,DFW,555,555,-9.0,15,1117,1117,6.0,0,0,322.0,298.0,2209.0
2023-04-26,NK,SFO,SEA,1655,1655,-17.0,18,2300,2300,-7.0,0,0,365.0,339.0,2553.0
2023-05-27,DL,SFO,DFW,1650,1650,-1.0,34,2126,2126,6.0,0,0,276.0,236.0,1654.0
2023-03-13,WN,JFK,EWR,2215,2215,-7.0,22,238,238,-7.0,0,0,263.0,237.0,1760.0
2023-11-21,F9,SEA,LAS,715,715,-4.0,22,1045,1045,7.0,0,0,210.0,184.0,1478.0
2023-04-14,AA,EWR,JFK,1345,1345,7.0,26,1604,1604,-3.0,0,0,139.0,104.0,739.0
2023-12-14,AS,DFW,MCO,910,910,65.0,25,1418,1418,65.0,0,0,308.0,278.0,2007.0
2023-10-19,WN,DEN,DFW,1035,1035,-11.0,28,1302,1302,,0,0,147.0,113.0,933.0
2023-03-26,WN,CLT,MCO,1100,1100,-26.0,28,1655,1655,-6.0,0,0,355.0,322.0,2479.0
2023-03-15,UA,CLT,PHX,2120,2120,-4.0,26,2359,2359,-1.0,0,0,159.0,126.0,949.0
2023-03-08,B6,CLT,SEA,905,905,-25.0,11,1508,1508,-11.0,0,0,363.0,348.0,2568.0
2023-08-14,AA,DEN,ATL,855,855,-5.0,17,1320,1320,-2.0,0,0,265.0,244.0,1867.0
2023-11-22,AA,MCO,SFO,1510,1510,203.0,29,1826,1826,199.0,0,0,196.0,163.0,1203.0
2023-08-02,AS,DEN,LAX,1715,1715,12.0,20,1844,1844,20.0,0,0,89.0,62.0,337.0
2023-07-25,DL,MCO,JFK,1955,1955,-3.0,30,208,208,-6.0,0,0,373.0,332.0,2709.0
2023-02-13,B6,MCO,ATL,740,740,9.0,27,1223,1223,9.0,0,0,283.0,249.0,1924.0
2023-08-13,F9,MIA,PHX,920,920,8.0,23,1240,1240,,0,0,200.0,172.0,1125.0
2023-07-25,AA,ATL,JFK,925,925,-18.0,27,1127,1127,-22.0,0,0,122.0,91.0,567.0
2023-02-24,UA,IAH,SFO,535,535,-11.0,30,726,726,-16.0,0,0,111.0,75.0,737.0
2023-06-18,B6,SFO,PHX,1615,1615,5.0,23,2004,2004,8.0,0,0,229.0,196.0,1379.0
2023-07-27,AA,JFK,SFO,2025,2025,10.0,31,2357,2357,12.0,0,0,212.0,171.0,1298.0
2023-09-15,AA,SFO,EWR,2235,2235,-18.0,26,53,53,-11.0,0,0,138.0,106.0,742.0
2023-10-08,AA,MIA,ATL,1340,1340,101.0,14,1447,1447,102.0,0,0,67.0,45.0,183.0
2023-01-08,UA,IAH,ATL,1730,1730,51.0,33,1941,1941,54.0,0,0,131.0,92.0,853.0
2023-05-17,DL,PHX,MCO,1450,1450,16.0,12,1807,1807,13.0,0,0,197.0,181.0,1095.0
2023-05-04,B6,CLT,DFW,645,645,-7.0,19,941,941,-9.0,0,0,176.0,150.0,1061.0
2023-06-03,DL,EWR,CLT,615,615,96.0,24,1123,1123,100.0,0,0,308.0,279.0,2115.0
2023-05-16,UA,SEA,LAS,1705,1705,4.0,24,2321,2321,-6.0,0,0,376.0,345.0,2648.0
2023-06-13,B6,PHX,ORD,1140,1140,-4.0,22,1622,1622,-2.0,0,0,282.0,254.0,1847.0
2023-04-21,WN,MCO,IAH,1630,1630,-22.0,19,2227,2227,-4.0,0,0,357.0,332.0,2563.0
2023-01-04,WN,SEA,JFK,700,700,-5.0,25,1256,1256,14.0,0,0,356.0,322.0,2679.0
2023-03-24,UA,MIA,LAX,535,535,4.0,28,745,745,8.0,0,0,130.0,95.0,883.0
2023-10-23,DL,CLT,MIA,2135,2135,6.0,20,126,126,-3.0,0,0,231.0,201.0,1581.0
2023-07-13,DL,SFO,CLT,935,935,43.0,19,1118,1118,45.0,0,0,103.0,75.0,490.0
2023-01-12,WN,ATL,PHX,1005,1005,-5.0,24,1446,1446,12.0,0,0,281.0,250.0,1908.0
2023-12-16,UA,ATL,DFW,1425,1425,-13.0,31,1914,1914,6.0,0,0,289.0,250.0,2031.0
2023-08-20,WN,ATL,LAX,710,710,-10.0,34,1121,1121,-8.0,0,0,251.0,206.0,1644.0
2023-08-26,WN,SEA,CLT,2230,2230,-2.0,26,120,120,6.0,0,0,170.0,139.0,1093.0
2023-03-14,AA,LAS,DEN,1835,1835,-4.0,24,30,30,-11.0,0,0,355.0,326.0,2462.0
2023-02-17,AS,SEA,JFK,720,720,-0.0,32,1248,1248,4.0,0,0,328.0,287.0,2281.0
2023-04-01,AA,SEA,ORD,1730,1730,11.0,28,2036,2036,10.0,0,0,186.0,151.0,1217.0
2023-03-20,UA,MCO,EWR,920,920,-14.0,20,1150,1150,-17.0,0,0,150.0,124.0,929.0
2023-06-03,DL,LAX,SEA,2140,2140,-1.0,28,59,59,3.0,0,0,199.0,166.0,1429.0
2023-04-25,DL,ORD,IAH,1635,1635,-7.0,24,2025,2025,-1.0,0,0,230.0,199.0,1477.0
2023-03-12,DL,SEA,MCO,1030,1030,-13.0,30,1601,1601,-12.0,0,0,331.0,295.0,2287.0
2023-05-18,AA,ATL,CLT,2105,2105,8.0,24,8,8,-0.0,0,0,183.0,155.0,1157.0
2023-07-09,AS,EWR,DFW,625,625,5.0,18,816,816,1.0,0,0,111.0,84.0,657.0
2023-07-26,AA,MIA,MCO,1410,1410,50.0,18,1806,1806,60.0,0,0,236.0,209.0,1354.0
2023-05-19,UA,MCO,ATL,720,720,0.0,19,1014,1014,3.0,0,0,174.0,150.0,1057.0
2023-12-09,NK,LAX,MIA,1000,1000,65.0,13,1305,1305,61.0,0,0,185.0,167.0,1072.0
2023-12-02,AA,LAX,LAS,945,945,113.0,16,1603,1603,111.0,0,0,378.0,356.0,2527.0
2023-04-04,DL,SFO,IAH,1755,1755,-8.0,12,2012,2012,-3.0,0,0,137.0,121.0,848.0
2023-03-02,DL,MCO,EWR,1625,1625,-4.0,19,2005,2005,-0.0,0,0,220.0,191.0,1317.0
2023-09-20,WN,SEA,CLT,525,525,-12.0,13,853,853,2.0,0,0,208.0,185.0,1296.0
2023-07-12,WN,IAH,CLT,1835,1835,-7.0,8,2337,2337,6.0,0,0,302.0,283.0,2106.0
2023-12-20,DL,CLT,DEN,1410,1410,10.0,14,1626,1626,14.0,0,0,136.0,117.0,661.0
